grupo,descricao,unidade,n_compras,preco_min,preco_mediana,preco_max,obras,ref_temporal
,ARGAMASSA MULTIPLO USO - 40KG,SC,1,12.16,12.16,12.16,,2026-03
AGREGADOS,AREIA LAVADA,M3,13,135.00,135.00,2635.20,ARBO|PARADISO,2026-07
AGREGADOS,PEDRA BRITADA SOLO BRITA,TN,8,62.00,70.00,88.00,CELEBRATION|VINHATICO,2026-06
AGREGADOS,PEDRA BRITADA 3 CONVENCIONAL,TN,6,62.00,88.00,1258.86,VINHATICO,2026-07
AGREGADOS,BRITA 0,M3,5,189.00,189.00,285.00,ARBO|UPTOWN,2026-07
AGREGADOS,AREIA LAVADA FINA,M3,4,225.50,225.50,738.00,ARBO|PARADISO|UPTOWN,2026-04
AGREGADOS,VERGALHAO CA50,UNI,3,302.50,5302.51,7985.96,ARBO|PARADISO,2026-06
AGREGADOS,BICA CORRIDA,M3,2,169.00,650.65,1132.30,CELEBRATION|UPTOWN,2026-02
AGREGADOS,DIVERSOS,UNI,2,860.25,989.52,1118.79,ALLEGRO|MANUTENÇAO,2026-05
AGREGADOS,AREIA E BRITA,UNI,2,5092.50,5785.25,6478.00,ARBO,2026-07
AGREGADOS,"AREIA LAVADA - 9,4M3",UNI,1,1269.00,1269.00,1269.00,PARADISO,2026-02
AGREGADOS,"AREIA LAVADA - 9,5M3 E BRITA 1 - 7,3M3",UNI,1,2560.00,2560.00,2560.00,ARBO,2026-02
AGREGADOS,"PILHA, SELANTE, LUMINARIA, COLA TEK, TRINCHA, FITA CREPE",UNI,1,3740.90,3740.90,3740.90,DOWNTOWN,2026-02
AGREGADOS,"ANEL DE VEDAÇAO, FITA CREPE, PERCABONATO DE SODIO, SERROTE",UNI,1,1026.30,1026.30,1026.30,MANUTENÇAO,2026-02
AGREGADOS,BRITA ENSACADA - 2M3,UNI,1,690.00,690.00,690.00,PARADISO,2026-04
AGREGADOS,"AREIA LAVADA - 9,3M3",UNI,1,1255.00,1255.00,1255.00,ARBO,2026-04
AGREGADOS,TIJOLO FURADO 29X19X14 300 UNID. E TIJOLO 29X19X09 300 UNID.,UNI,1,1095.00,1095.00,1095.00,PARADISO,2026-04
AGREGADOS,"PEDRA BRITADA BRITA GRADUADA SIMPLES - 9,08TN",UNI,1,1170.23,1170.23,1170.23,UPTOWN,2026-04
AGREGADOS,"PEDRA BRITADA BRITA GRADUADA SIMPLES - 9,00TN",UNI,1,1159.92,1159.92,1159.92,UPTOWN,2026-04
AGREGADOS,SAIA DE TULE MIDI,UNI,1,89.64,89.64,89.64,VINHATICO,2026-03
AGREGADOS,"PEDRA BRITADA SOLO BRITA - 9,54 TON",TN,1,1059.89,1059.89,1059.89,VINHATICO,2026-04
AGREGADOS,"PEDRA BRITADA SOLO BRITA - 8,88 TON",TN,1,986.57,986.57,986.57,VINHATICO,2026-04
AGREGADOS,"PEDRA BRITADA SOLO BRITA - 7,89 TN",TN,1,876.58,876.58,876.58,VINHATICO,2026-05
AGREGADOS,"PEDRA BRITADA SOLO BRITA - 9,16 TN",TN,1,1017.68,1017.68,1017.68,VINHATICO,2026-05
AGREGADOS,"PEDRA BRITADA 2 CONVENCIONAL - 9,05 TN",TN,1,1110.25,1110.25,1110.25,UPTOWN,2026-05
AGREGADOS,ESCORIA,M3,1,190.00,190.00,190.00,UPTOWN,2026-05
AGREGADOS,"PEDRA BRITADA SOLO BRITA - 8,79 TN",UNI,1,976.57,976.57,976.57,VINHATICO,2026-05
AGREGADOS,BRITA 1,M3,1,175.00,175.00,175.00,ARBO,2026-07
AGREGADOS,BLOCO DE CONCRETO + TIJOLO,UNI,1,1701.00,1701.00,1701.00,PARADISO,2026-06
AGREGADOS,AREIA + CIMENTO,UNI,1,900.00,900.00,900.00,PARADISO,2026-06
AGREGADOS,FORNECIMENTO DE MARMORE E GRANITO,UNI,1,2692.00,2692.00,2692.00,DOWNTOWN,2026-06
AGREGADOS,AREIA E BRITA 0 E 1,UNI,1,6568.00,6568.00,6568.00,ARBO,2026-08
ALIMENTAÇAO,CESTA BASICA,UNI,93,287.00,287.00,1148.00,ARBO|CELEBRATION|DOWNTOWN|ESCRITORIO LOURDES|ESSENCE|MANUTEN,2026-08
ALIMENTAÇAO,CAFÉ,UNI,16,265.63,2340.00,16000.00,ARBO|CELEBRATION|ESCRITORIO LOURDES|PARADISO|VINHATICO,2026-07
ALIMENTAÇAO,FRUTAS DIVERSAS,UNI,13,5.09,34.06,62.31,ARBO|PARADISO|UPTOWN|VINHATICO,2026-06
ALIMENTAÇAO,LANCHE,UNI,9,219.50,839.95,13742.90,ESCRITORIO LOURDES|PARADISO|UPTOWN|VINHATICO,2026-07
ALIMENTAÇAO,CESTA NATAL,UNI,7,125.90,125.90,125.90,CELEBRATION|DOWNTOWN|ESCRITORIO LOURDES|MANUTENÇAO|PARADISO|,2026-01
ALIMENTAÇAO,FORNECIMENTO LANCHE,UNI,6,514.90,7467.87,10585.90,DOWNTOWN|PARADISO,2026-04
ALIMENTAÇAO,"AÇUCAR,ARROZ,OLEO,FEIJAO,CAFÉ, MACARRAO",UNI,6,287.00,861.00,2296.00,DOWNTOWN|PARADISO|PRISBEL,2026-03
ALIMENTAÇAO,LANCHE DIVERSOS,UNI,4,365.00,404.75,889.00,ESCRITORIO LOURDES|VINHATICO,2026-05
ALIMENTAÇAO,CESTA BASICA - 5 UNID.,UNI,3,1523.50,1563.50,1563.50,ARBO|DOWNTOWN,2026-02
ALIMENTAÇAO,CESTA BASICA - 3 UNID.,UNI,3,914.10,938.10,938.10,DOWNTOWN|MANUTENÇAO,2026-02
ALIMENTAÇAO,COFFEE BREAK,UNI,3,1080.00,1660.00,1885.00,VINHATICO,2026-05
ALIMENTAÇAO,CESTA BASICA - 22 UNID.,UNI,2,6703.40,6703.40,6703.40,PARADISO,2026-02
ALIMENTAÇAO,FORNECIMENTO DE CAFÉ DA MANHA E DA TARDE,UNI,2,2004.00,5082.00,8160.00,PARADISO|UPTOWN,2026-07
ALIMENTAÇAO,CESTA BASICA - 20 UNID.,UNI,1,6254.00,6254.00,6254.00,DOWNTOWN,2026-01
ALIMENTAÇAO,CESTA BASICA - 2 UNID.,UNI,1,609.40,609.40,609.40,VINHATICO,2026-01
ALIMENTAÇAO,CESTA BASICA - 29 UNID.,UNI,1,8836.30,8836.30,8836.30,ARBO,2026-01
ALIMENTAÇAO,CESTA BASICA - 15 UNID.,UNI,1,4690.50,4690.50,4690.50,PARADISO,2026-01
ALIMENTAÇAO,CESTA BASICA - 26 UNID.,UNI,1,7922.20,7922.20,7922.20,ARBO,2026-02
ALIMENTAÇAO,"BOLO, QUICHE, PAO DE QUEIJO, BARQUETE",UNI,1,538.00,538.00,538.00,VINHATICO,2026-02
ALIMENTAÇAO,CESTA BASICA - 14 UNID.,UNI,1,4377.80,4377.80,4377.80,PARADISO,2026-02
ALIMENTAÇAO,"PAO DOCE, PAO DE SAL, CAFÉ",UNI,1,9151.25,9151.25,9151.25,ARBO,2026-02
ALIMENTAÇAO,MESA DE ANTEPASTOS,UNI,1,2190.00,2190.00,2190.00,VINHATICO,2026-01
ALIMENTAÇAO,"BOLO INTEIRO, QUICHE DE QUEIJO ALHO PORO, EMPADA FRANGO",UNI,1,513.00,513.00,513.00,VINHATICO,2026-02
ALIMENTAÇAO,"QUICHE DE QUEIJO, EMPADA FRANGO, PAO DE QUEIJO",UNI,1,321.50,321.50,321.50,VINHATICO,2026-02
ALIMENTAÇAO,CESTA BASICA - 27 UNID.,UNI,1,7749.00,7749.00,7749.00,ARBO,2026-03
ALIMENTAÇAO,"QUICHE DE QUEIJO ALHO PORO,EMPADA FRANGO,PAO DE QUEIJO, COXINHA SIMPLES",UNI,1,936.50,936.50,936.50,PRISBEL,2026-03
ALIMENTAÇAO,CESTA BASICA - 21 UNID.,UNI,1,6027.00,6027.00,6027.00,PARADISO,2026-04
ALIMENTAÇAO,"QUICHE, EMPADA, PAO DE QUIEJO, COXINHA",UNI,1,537.00,537.00,537.00,VINHATICO,2026-03
ALIMENTAÇAO,"PAO, LEITE, SUCO, GARRAFA, PAO COM MORTADELA, COCA",UNI,1,11046.00,11046.00,11046.00,ARBO,2026-03
ALIMENTAÇAO,LANCHE AUDITORIA,UNI,1,480.78,480.78,480.78,PARADISO,2026-03
ALIMENTAÇAO,AÇUCAR UNIAO,CX,1,35.99,35.99,35.99,VINHATICO,2026-03
ALIMENTAÇAO,ADOÇANTE SUCRAL,CX,1,55.20,55.20,55.20,VINHATICO,2026-03
ALIMENTAÇAO,CAFÉ 03 CORAÇOES,UNI,1,47.98,47.98,47.98,VINHATICO,2026-03
ALIMENTAÇAO,FILTRO DE PAPEL,UNI,1,4.80,4.80,4.80,VINHATICO,2026-03
ALIMENTAÇAO,MEXEDOR CAFÉ,UNI,1,7.50,7.50,7.50,VINHATICO,2026-03
ALIMENTAÇAO,"EMPADA, PAO DE QUEIJO, COXINHA, PASTEL, QUIBE",UNI,1,834.00,834.00,834.00,VINHATICO,2026-04
ALIMENTAÇAO,TABUA DE FRIOS,UNI,1,920.00,920.00,920.00,VINHATICO,2026-06
ALIMENTAÇAO,ALIMENTAÇAO,UNI,1,389.50,389.50,389.50,VINHATICO,2026-06
ALIMENTAÇAO,FORNECIMENTO DE LANCHE ABRIL,UNI,1,1434.28,1434.28,1434.28,UPTOWN,2026-06
ALIMENTAÇAO,FORNECIMENTO DE LANCHE,UNI,1,2875.50,2875.50,2875.50,UPTOWN,2026-06
AÇO,"VERGALHAO CA50 12,50MM BR 12M NBR7480",KG,15,4.32,5.24,5.98,ARBO|CELEBRATION|PARADISO|UPTOWN|VINHATICO,2026-08
AÇO,"VERGALHAO CA50 6,30MM BR 12M NBR7480",KG,13,4.65,5.80,6.84,ARBO|CELEBRATION|UPTOWN|VINHATICO,2026-08
AÇO,"VERGALHAO CA50 8,00MM BR 12M NBR7480",KG,9,4.65,5.74,6.52,ARBO|CELEBRATION|UPTOWN|VINHATICO,2026-08
AÇO,"VERGALHAO CA50 16,00MM BR 12M NBR7480",KG,9,4.32,4.90,5.63,ARBO|UPTOWN|VINHATICO,2026-08
AÇO,"VERGALHAO CA50 10,00MM BR 12M NBR7480",KG,8,4.39,5.38,6.44,ARBO|UPTOWN|VINHATICO,2026-08
AÇO,PREGO C/ CABEÇA 17X21- NBR 6627,KG,8,9.62,9.99,11.50,ARBO|CELEBRATION|PARADISO|UPTOWN|VINHATICO,2026-07
AÇO,"VERGALHAO CA50 20,00MM BR 12M NBR7480",KG,5,4.32,4.87,5.33,ARBO|UPTOWN|VINHATICO,2026-08
AÇO,"VERGALHAO CA60 5,00MM BR 12M NBR7480",KG,4,6.05,6.06,7.10,ARBO|UPTOWN,2026-08
AÇO,"VERGALHAO CA50 6,30MM BR 12M NBR7480 - 299,88 KG",UNI,4,5.42,5.42,5.42,VINHATICO,2026-06
AÇO,MANUTENÇAO EM MINIGRUA C/ QUADRO ELETRICO USADO,UNI,2,1583.33,1583.33,1583.33,ARBO,2026-02
AÇO,AÇOS DIVERSOS,UNI,2,5643.56,21650.91,37658.27,ARBO,2026-02
AÇO,"VERGALHAO CA50 6,30MM BR 12M NBR7480 - 105,84KG",KG,2,8477.40,8477.40,8477.41,VINHATICO,2026-06
AÇO,"VERGALHAO CA50 16,00MM BR 12M NBR7480 - 2651,04KG",KG,2,4.87,4.87,4.87,VINHATICO,2026-06
AÇO,"VERGALHAO CA50 20,00MM BR 12M NBR7480 - 680,57KG",KG,2,4.71,4.71,4.71,VINHATICO,2026-06
AÇO,"VERGALHAO CA50 25,00MM BR 12M NBR7480",KG,2,4.28,4.58,4.87,UPTOWN|VINHATICO,2026-08
AÇO,"VERGALHAO CA50 20,00MM BR 12M NBR7480 - 2012KG",KG,2,11048.82,11048.82,11048.82,VINHATICO,2026-05
AÇO,"VERGALHAO CA50 6,30MM BR 12M NBR7480 - 1103KG",KG,2,5.58,5.58,5.58,VINHATICO,2026-05
AÇO,"VERGALHAO CA50 12,50MM BR 12M NBR7480 - 1006KG",KG,2,5.42,5.42,5.42,VINHATICO,2026-05
AÇO,"VERGALHAO CA50 6,30MM BR 12M NBR7480 - 6037 KG",KG,2,17024.34,17024.34,17024.34,ARBO,2026-07
AÇO,"VERGALHAO CA50 16,00MM BR 12M NBR7480 - 3825,072 KG",UNI,2,10654.97,10654.97,10654.97,VINHATICO,2026-06
AÇO,"VERGALHAO CA50 16,00MM BR 12M NBR7480 - 2442,744 KG",KG,2,12935.91,12935.92,12935.92,VINHATICO,2026-07
AÇO,"VERGALHAO CA50 8,00MM BR 12M NBR7480 - 402,90 KG",KG,2,1154.13,1154.13,1154.13,VINHATICO,2026-07
AÇO,"VERGALHAO CA50 6,30MM BR 12M NBR7480 - 399,84 KG",KG,2,1114.95,1114.95,1114.96,VINHATICO,2026-06
AÇO,"VERGALHAO CA50 8,00MM BR 12M NBR7480 - 94,80 KG",UNI,2,561.56,561.56,561.56,VINHATICO,2026-07
AÇO,"VERGALHAO CA50 12,50MM BR 12M NBR7480 - 358,5460",KG,2,1042.12,1042.12,1042.12,PARADISO,2026-06
AÇO,"VERGALHAO CA50 16,00MM BR 12M NBR7480 - 3.825,072 KG",KG,2,10654.97,10654.97,10654.97,VINHATICO,2026-06
AÇO,FRETE - 1,UNI,2,290.00,290.00,290.00,VINHATICO,2026-06
AÇO,"VERGALHAO CA50 25,00MM NBR7480 - CD",UNI,1,23878.14,23878.14,23878.14,ARBO,2026-01
AÇO,INDUSTRIALIZAÇÃO NBR7480 - CDI,UNI,1,7248.80,7248.80,7248.80,ARBO,2026-01
AÇO,"VERGALHAO CA50 6,3MM NBR7480 - ROLO SOLDAVEL - 4080KG",UNI,1,18993.26,18993.26,18993.26,ARBO,2026-01
AÇO,"VERGALHAO CA50 10,0MM NBR7480 - ROLO SOLDAVEL - 2030KG",UNI,1,8999.59,8999.59,8999.59,ARBO,2026-01
AÇO,"VERGALHAO CA50 12,5MM NBR7480 - ROLO SOLDAVEL - 4034KG",UNI,1,17439.22,17439.22,17439.22,ARBO,2026-01
AÇO,"VERGALHAO CA50 20,0MM NBR7480 - 12M RETO - 2024KG",UNI,1,8749.87,8749.87,8749.87,ARBO,2026-01
AÇO,"VERGALHAO CA50 25,0MM NBR7480 - 12M RETO - 2072KG",UNI,1,8957.38,8957.38,8957.38,ARBO,2026-01
AÇO,"VERGALHAO CA60 5,00MM 12M NBR7480 - 27KG",UNI,1,397.10,397.10,397.10,ARBO,2026-02
AÇO,INDUSTRIALIZAÇAO NBR7480 CDI,UNI,1,7221.60,7221.60,7221.60,ARBO,2026-02
AÇO,"VERGALHAO CA50 8,00MM 12M NBR7480 - 4078KG",UNI,1,18983.95,18983.95,18983.95,ARBO,2026-01
AÇO,"VERGALHAO CA-50 16,0MM",KG,1,4.32,4.32,4.32,ARBO,2026-02
AÇO,"VERGALHAO CA-50 25,0MM 12M RETO",KG,1,4.32,4.32,4.32,ARBO,2026-02
AÇO,"VERGALHAO CA-50 12,5MM ROLO",KG,1,4.32,4.32,4.32,ARBO,2026-02
AÇO,INDUSTRIALIZAÇAO NBR7480,UNI,1,6932.80,6932.80,6932.80,ARBO,2026-03
AÇO,VERGALHAO CA60,UNI,1,5380.80,5380.80,5380.80,ARBO,2026-03
AÇO,"VERGALHAO CA50 25,00MM BR 12M NBR7480 - 462,30 KG",KG,1,7834.87,7834.87,7834.87,VINHATICO,2026-06
AÇO,"VERGALHAO CA50 20,00MM BR 12M NBR7480 - 1035,65 KG",KG,1,5.07,5.07,5.07,VINHATICO,2026-06
AÇO,"VERGALHAO CA50 12,50MM BR 12M NBR7480 - 2660,18",KG,1,5.07,5.07,5.07,VINHATICO,2026-06
AÇO,"VERGALHAO CA50 10,00MM BR 12M NBR7480 - 607,1280 KG",KG,1,5.22,5.22,5.22,VINHATICO,2026-06
AÇO,"VERGALHAO CA60 5,00MM BR 12M NBR7480 - 463,8480 KG",KG,1,5.93,5.93,5.93,VINHATICO,2026-06
AÇO,"VERGALHAO CA50 6,30MM BR 12M NBR7480 - 396,90 KG",KG,1,5.93,5.93,5.93,VINHATICO,2026-06
AÇO,AÇO DIVERSOS,UNI,1,7834.86,7834.86,7834.86,VINHATICO,2026-07
AÇO,"CABO DE AÇO, ANDAIME TUBULAR, KIT CONTRAPESO",UNI,1,3066.00,3066.00,3066.00,PRISBEL,2026-03
AÇO,INDUSTRIALIZAÇAO,UNI,1,8020.80,8020.80,8020.80,UPTOWN,2026-07
BLOCO CERAMICO,TIJOLO FURADO 29X19X14,UNI,2,2.15,2.15,2.15,PARADISO,2026-04
BLOCO CERAMICO,TIJOLO FURADO 29X19X09,UNI,2,1.50,1.50,1.50,PARADISO,2026-04
BLOCO CERAMICO,TIJOLOS FURADOS 19X19X29 QUEIMADOS A 1000 GRAUS,UNI,1,3.86,3.86,3.86,PARADISO,2026-02
BLOCO CERAMICO,BLOCO CERAMICO VAZADO DE VEDAÇAO 19X19X29CM NBR15270-1,UNI,1,3.86,3.86,3.86,PARADISO,2026-04
BLOCO CONCRETO,"BLOCO DE CONCRETO ESTRUTURAL 14X19X39CM 14,0MPA NBR6136",UNI,34,5.17,5.17,5.17,ARBO,2026-06
BLOCO CONCRETO,"BLOCO DE CONCRETO VAZADO DE VEDAÇAO 14X19X39CM 3,0MPA NBR6136",UNI,17,3.03,3.11,3.11,ARBO,2026-07
BLOCO CONCRETO,"BLOCO DE CONCRETO ESTRUTURAL 14X19X39CM 12,0MPA NBR6136",UNI,12,4.73,4.73,5.23,ARBO|PARADISO,2026-07
BLOCO CONCRETO,"BLOCO DE CONCRETO ESTRUTURAL 14X19X34CM 14,0MPA NBR6136",UN,12,4.53,4.53,4.53,ARBO,2026-06
BLOCO CONCRETO,"CANALETA DE CONCRETO TIPO U 14X19X39CM 12,0MPA NBR9062",UNI,10,6.80,6.80,6.80,ARBO,2026-08
BLOCO CONCRETO,"BLOCO DE CONCRETO VAZADO CLASSE A 14X19X39CM FBK 12,0MPA",UNI,10,4.73,4.73,4.73,ARBO,2026-08
BLOCO CONCRETO,"CANALETA DE CONCRETO TIPO J 14X19X19X31 14,0MPA NBR9062",UNI,7,4.07,4.07,4.07,ARBO,2026-06
BLOCO CONCRETO,"BLOCO DE CONCRETO ESTRUTURAL 14X19X19CM 14,0MPA NBR6136",UN,7,2.70,2.70,2.88,ARBO,2026-06
BLOCO CONCRETO,"CANALETA DE CONCRETO TIPO U 14X19X39CM 14,0MPA NBR9062",UNI,7,7.06,7.06,7.06,ARBO,2026-06
BLOCO CONCRETO,"CANALETA DE CONCRETO TIPO J 14X19X19X31 12,0MPA NBR9062",UNI,7,4.07,4.07,4.07,ARBO,2026-08
BLOCO CONCRETO,"BLOCO DE CONCRETO ESTRUTURAL 14X19X54CM 12,0MPA NBR6136",UNI,7,6.13,6.13,6.13,ARBO,2026-08
BLOCO CONCRETO,"BLOCO DE CONCRETO VAZADO DE VEDAÇAO 19X19X39CM 3,0MPA NBR6136",UNI,6,4.43,4.51,4.51,CELEBRATION,2026-08
BLOCO CONCRETO,"BLOCO DE CONCRETO ESTRUTURAL 14X19X09CM 12,0MPA NBR6136",UNI,5,1.75,1.75,1.75,ARBO,2026-07
BLOCO CONCRETO,"CANALETA DE CONCRETO TIPO U 14X19X39CM 4,5MPA NBR9062",UNI,4,4.39,4.45,4.45,ARBO,2026-03
BLOCO CONCRETO,"BLOCO DE CONCRETO ESTRUTURAL 14X19X44CM 14,0MPA NBR6136",UNI,4,6.15,6.15,6.15,ARBO,2026-06
BLOCO CONCRETO,"BLOCO DE CONCRETO ESTRUTURAL 14X19X29CM 14,0MPA NBR6136",UNI,4,3.60,3.60,3.86,ARBO,2026-06
BLOCO CONCRETO,BLOCO DE CONCRETO 14X19X39 12MPA - 720 UNID,UNI,4,2383.92,2383.92,2383.92,ARBO,2026-07
BLOCO CONCRETO,"BLOCO DE CONCRETO VAZADO CLASSE A 14X19X39 FBK 10,0MPA",UNI,4,4.34,4.34,4.34,ARBO,2026-08
BLOCO CONCRETO,"BLOCO DE CONCRETO ESTRUTURAL 19X19X39CM 12,0MPA NBR6136",UNI,3,6.29,6.29,6.29,ARBO,2026-02
BLOCO CONCRETO,"BLOCO DE CONCRETO ESTRUTURAL 19X19X19CM 4,5MPA NBR6136",UNI,3,3.01,3.14,3.14,CELEBRATION,2026-07
BLOCO CONCRETO,"BLOCO DE CONCRETO VAZADO DE VEDAÇAO 14X19X39CM 3,0MPA NBR6136 - 864 UNID.",UNI,3,1832.54,1880.93,1880.93,ARBO,2026-04
BLOCO CONCRETO,"BLOCO DE CONCRETO ESTRUTURAL 14X19X34CM 4,5MPA NBR6136",UNI,3,3.19,3.19,3.19,ARBO,2026-03
BLOCO CONCRETO,"BLOCO DE CONCRETO ESTRUTURAL 14X19X54CM 14,0MPA NBR6136",UNI,3,6.60,6.60,7.11,ARBO,2026-06
BLOCO CONCRETO,"BLOCO DE CONCRETO VAZADO DE VEDACAO 09X19X39CM 3,0MPA NBR6136",UNI,3,2.73,2.73,3.00,PARADISO,2026-07
BLOCO CONCRETO,"BLOCO DE CONCRETO ESTRUTURAL 14X19X09CM 14,0MPA NBR6136",UNI,3,1.91,1.91,1.91,ARBO,2026-06
BLOCO CONCRETO,"BLOCO DE CONCRETO ESTRUTURAL 14X19X34CM 12,0MPA NBR6136",UN,3,4.31,4.31,4.31,ARBO,2026-07
BLOCO CONCRETO,"BLOCO DE CONCRETO ESTRUTURAL 19X19X39CM 12,0MPA NBR6136 - 500 UNID.",UNI,2,2201.50,2201.50,2201.50,ARBO,2026-03
BLOCO CONCRETO,"BLOCO DE CONCRETO ESTRUTURAL 14X19X14CM 14,0MPA NBR6136",UNI,2,2.21,2.21,2.21,ARBO,2026-06
BLOCO CONCRETO,"CANALETA DE CONCRETO TIPO U 19X19X39 4,5MPA NBR9062",UNI,2,6.82,6.82,6.82,CELEBRATION,2026-07
BLOCO CONCRETO,"CANALETA DE CONCRETO TIPO U 14X19X19CM 12,0MPA NBR9062",UNI,2,2.99,2.99,2.99,ARBO,2026-07
BLOCO CONCRETO,BLOCO DE CONCRETO 14X19X09 12MPA - 400 UNID,UNI,2,2057.44,2057.44,2057.44,ARBO,2026-07
BLOCO CONCRETO,"BLOCO DE CONCRETO VAZADO CLASSE A 14X19X39 FBK 12,0MPA",UNI,2,4.73,4.73,4.73,ARBO,2026-08
BLOCO CONCRETO,BLOCO DE CONCRETO 010,UNI,1,1230.00,1230.00,1230.00,PARADISO,2026-01
BLOCO CONCRETO,BLOCO SICAL 60X30X15CM,UNI,1,23.79,23.79,23.79,PARADISO,2026-02
BLOCO CONCRETO,"CANALETA DE CONCRETO TIPO U 14X19X19CM 4,5MPA NBR6136",UNI,1,2.24,2.24,2.24,ARBO,2026-02
BLOCO CONCRETO,"BLOCO DE CONCRETO ESTRUTURAL 19X19X19CM 12,0MPA NBR6136",UNI,1,3.49,3.49,3.49,ARBO,2026-02
BLOCO CONCRETO,"BLOCO DE CONCRETO VAZADO DE VEDAÇAO 14X19X09CM 3,0MPA NBR6136",UNI,1,1.40,1.40,1.40,ARBO,2026-02
BLOCO CONCRETO,"BLOCO DE CONCRETO TIPO CANALETA U 14X19X39CM 4,5MPA",UNI,1,4.39,4.39,4.39,ARBO,2026-03
BLOCO CONCRETO,"BLOCO DE CONCRETO VAZADO CLASSE B 14X19X14CM 4,5MPA",UNI,1,1.60,1.60,1.60,ARBO,2026-03
BLOCO CONCRETO,"BLOCO DE CONCRETO VAZADO CLASSE B 14X19X54CM 4,5MPA",UNI,1,4.97,4.97,4.97,ARBO,2026-03
BLOCO CONCRETO,"BLOCO DE CONCRETO VAZADO CLASSE C 09X19X19CM 3,0MPA",UNI,1,1.62,1.62,1.62,ARBO,2026-03
BLOCO CONCRETO,"BLOCO DE CONCRETO VAZADO CLASSE C 14X19X19CM 3,0MPA",UNI,1,1.92,1.92,1.92,ARBO,2026-03
BLOCO CONCRETO,"BLOCO DE CONCRETO VAZADO CLASSE C 14X19X34CM 4,5MPA",UNI,1,3.13,3.13,3.13,ARBO,2026-03
BLOCO CONCRETO,"BLOCO DE CONCRETO ESTRUTURAL 19X19X39CM 4,5MPA NBR6136",UNI,1,4.46,4.46,4.46,CELEBRATION,2026-02
BLOCO CONCRETO,"BLOCO DE CONCRETO VAZADO DE VEDAÇAO 14X19X09CM 4,5MPA NBR6136",UNI,1,1.40,1.40,1.40,ARBO,2026-02
BLOCO CONCRETO,"BLOCO DE CONCRETO ESTRUTURAL 14X19X39CM 12,0MPA NBR6136 - 720 UNID.",UNI,1,2383.92,2383.92,2383.92,ARBO,2026-03
BLOCO CONCRETO,"BLOCO DE CONCRETO ESTRUTURAL 14X19X39CM 12,0MPA NBR6136 - 280 UNID.",UNI,1,1215.54,1215.54,1215.54,ARBO,2026-03
BLOCO CONCRETO,"BLOCO DE CONCRETO VAZADO DE VEDAÇAO 14X19X19CM 3,0MPA NBR6136",UNI,1,1.98,1.98,1.98,ARBO,2026-03
BLOCO CONCRETO,BLOCO DE CONCRETO,UNI,1,3145.00,3145.00,3145.00,ARBO,2026-03
BLOCO CONCRETO,"BLOCO DE CONCRETO VAZADO DE VEDAÇAO 14X19X39CM 3,0MPA NBR6136 - 272 UNID.",UNI,1,592.14,592.14,592.14,ARBO,2026-04
BLOCO CONCRETO,"CANALETA DE CONCRETO TIPO U 14X19X19CM 14,0MPA NBR9062",UNI,1,3.09,3.09,3.09,ARBO,2026-04
BLOCO CONCRETO,"BLOCO DE CONCRETO ESTRUTURAL 14X19X14CM 12,0MPA NBR6136",UNI,1,2.08,2.08,2.08,ARBO,2026-07
BLOCO CONCRETO,"BLOCO DE CONCRETO ESTRUTURAL 14X19X29CM 12,0MPA NBR6136",UNI,1,3.33,3.33,3.33,ARBO,2026-07
BLOCO CONCRETO,"BLOCO DE CONCRETO ESTRUTURAL 14X19X19CM 12,0MPA NBR6136",UNI,1,2.51,2.51,2.51,ARBO,2026-07
BLOCO CONCRETO,"BLOCO DE CONCRETO ESTRUTURAL 14X19X39CM 3,0MPA NBR6136",UNI,1,3.11,3.11,3.11,ARBO,2026-07
BLOCO CONCRETO,BLOCO DE CONCRETO 14X19X09 12MPA - 200 UNID,UNI,1,2051.67,2051.67,2051.67,ARBO,2026-07
BLOCO CONCRETO,CANALETA DE CONCRETO J 14X19X19X31 12MPA - 336 UNID,UNI,1,2546.54,2546.54,2546.54,ARBO,2026-07
BLOCO CONCRETO,BLOCO DE CONCRETO 14X19X19 12MPA - 414 UNID,UNI,1,2405.72,2405.72,2405.72,ARBO,2026-07
BLOCO CONCRETO,"BLOCO DE CONCRETO VAZADO 19X19X39CM 3,0MPA",UNI,1,4.51,4.51,4.51,CELEBRATION,2026-07
BLOCO CONCRETO,"BLOCO DE CONCRETO VAZADO CLASSE A 14X16X39CM FBK 12,0MPA",UNI,1,4.73,4.73,4.73,ARBO,2026-08
BLOCO CONCRETO,"BLOCO DE CONCRETO TIPO CANALETA J 14X19X19X31 12,0MPA",UNI,1,4.07,4.07,4.07,ARBO,2026-08
BLOCO CONCRETO,"BLOCO DE CONCRETO TIPO CANALETA U 14X19X39 12,0MPA",UNI,1,6.80,6.80,6.80,ARBO,2026-08
BLOCO CONCRETO,"BLOCO DE CONCRETO VAZADO CLASSE A 14X19X09CM FBK 12,0MPA",UNI,1,1.75,1.75,1.75,ARBO,2026-08
BLOCO CONCRETO,"BLOCO DE CONCRETO VAZADO CLASSE A 14X19X54CM FBK 12,0MPA",UNI,1,6.13,6.13,6.13,ARBO,2026-08
BLOCO CONCRETO,"BLOCO DE CONCRETO VAZADO CLASSE A 14X19X19CM FBK 12,0MPA",UNI,1,2.51,2.51,2.51,ARBO,2026-08
BLOCO CONCRETO,"BLOCO DE CONCRETO VAZADO CLASSE A 14X19X39CM FBK 3,0MPA",UNI,1,3.11,3.11,3.11,ARBO,2026-07
BLOCO CONCRETO,BLOCOS DE CONCRETO DIVERSOS,UNI,1,3642.16,3642.16,3642.16,ARBO,2026-07
BLOCO CONCRETO,"BLOCO DE CONCRETO VAZADO CLASSE A 14X19X34 FBK 10,0MPA",UNI,1,4.09,4.09,4.09,ARBO,2026-08
BLOCO CONCRETO,"BLOCO DE CONCRETO VAZADO CLASSE C 14X19X39 FBK 3,0MPA",UNI,1,3.11,3.11,3.11,ARBO,2026-08
BLOCO CONCRETO,"BLOCO DE CONCRETO VAZADO CLASSE A 14X19X19 FBK 12,0MPA",UNI,1,2.51,2.51,2.51,ARBO,2026-08
BLOCO CONCRETO,"BLOCO DE CONCRETO VAZADO CLASSE A 14X19X19 FBK 10,0MPA",UNI,1,2.32,2.32,2.32,ARBO,2026-08
CANTEIRO DE OBRAS,MATERIAIS DIVERSOS,UNI,427,9.32,1119.50,85825.58,ALLEGRO|ARBO|CELEBRATION|DOWNTOWN|ESCRITORIO LOURDES|ESSENCE,2026-12
CANTEIRO DE OBRAS,COPO DESCARTAVEL 200 ML COPOBRAS PP CX C/ 2500,CX,18,16.14,180.41,189.90,ARBO|CELEBRATION|PARADISO|UPTOWN|VINHATICO,2026-08
CANTEIRO DE OBRAS,AGUA 20L,UNI,16,17.00,17.00,748.00,ARBO,2026-07
CANTEIRO DE OBRAS,"ARAME RECOZIDO BWG18 1,24MM PG7 NBR7480 TRANÇADO",KG,14,9.50,9.50,13.62,ARBO|CELEBRATION|PARADISO|UPTOWN|VINHATICO,2026-08
CANTEIRO DE OBRAS,PREGO C/ CABEÇA 18X30 - NBR 6627,KG,13,9.99,9.99,15.50,ARBO|PARADISO|UPTOWN|VINHATICO,2026-08
CANTEIRO DE OBRAS,ROUPEIRO C/ 4 PORTAS GRANDE INSALUBRE 3 DIVISORIAS CH22,UNI,10,1383.00,1500.00,1613.00,ARBO|CELEBRATION|UPTOWN|VINHATICO,2026-08
CANTEIRO DE OBRAS,"ESPAÇADOR NIVELADOR 1,5MM",UNI,8,0.13,0.18,0.23,PARADISO,2026-06
CANTEIRO DE OBRAS,CAIXA BIN N8 GAVETEIRO ORGANIZADORA ESTANTE PARAFUSOS PRETA,UNI,7,29.90,29.90,29.90,ARBO,2026-02
CANTEIRO DE OBRAS,"PÁ BICO C/ CABO 1,2M N3 TRAMONTINA",UNI,7,42.00,50.92,52.50,ARBO|PARADISO|UPTOWN|VINHATICO,2026-07
CANTEIRO DE OBRAS,"ENXADA 2,5LL C/ CABO DE 1,5M TRAMONTINA",UNI,7,48.00,67.80,69.90,ARBO|CELEBRATION|PARADISO|UPTOWN|VINHATICO,2026-07
CANTEIRO DE OBRAS,"ARAME RECOZIDO BWG10 3,4MM PG 18 NBR7480",KG,6,9.12,9.12,9.33,ARBO|UPTOWN|VINHATICO,2026-08
CANTEIRO DE OBRAS,BOBINA PAPELAO ONDULADO C/ 30M,RL,6,150.00,150.00,150.00,PARADISO,2026-06
CANTEIRO DE OBRAS,AGUA MINERAL,UNI,6,16.00,168.50,240.00,CELEBRATION,2026-07
CANTEIRO DE OBRAS,CAVALETE COM AJUSTE DE ALTURA EM TUBO PINTADO COR PRETA - 10 PÇS,UNI,6,780.00,910.00,910.00,ARBO|PARADISO,2026-05
CANTEIRO DE OBRAS,CADEADO 20MM,UNI,6,14.45,16.65,16.90,ARBO|PARADISO|VINHATICO,2026-08
CANTEIRO DE OBRAS,MESA PLÁSTICA QUADRADA 70CM BRANCA EMPILHÁVEL,UNI,5,70.00,75.00,85.00,ARBO|CELEBRATION|VINHATICO,2026-06
CANTEIRO DE OBRAS,CADEIRA/POLTRONA PLASTICA TRAMONTINA SUPORTA 170KG,UNI,5,60.00,60.00,65.00,ARBO|CELEBRATION|VINHATICO,2026-06
CANTEIRO DE OBRAS,TENDA GAZEBO ARTICULADA 3X3 AZUL XFLEX OXFORD,UNI,5,720.00,750.00,780.00,CELEBRATION|UPTOWN|VINHATICO,2026-06
CANTEIRO DE OBRAS,ESPAÇADOR NIVELADOR CUNHA,UNI,5,0.24,0.37,164.50,PARADISO,2026-06
CANTEIRO DE OBRAS,"GANCHO ESCORA / GANCHO EM BARRA AÇO DIAMETRO 3/8” ( 9,53MM ) P/ ESCORA METÁLICA PINTURA NA COR PRETA",UNI,5,8.00,8.00,8.20,ARBO|VINHATICO,2026-08
CANTEIRO DE OBRAS,MASSEIRA PLASTICA 2MX1M 500L FUNDA BUFALO,UNI,4,439.31,449.98,1757.25,ARBO|UPTOWN|VINHATICO,2026-04
CANTEIRO DE OBRAS,DISCO SERRA CIRCULAR 7.1/4'' 24 DENTES,UNI,4,23.50,40.95,52.00,ARBO|VINHATICO,2026-08
CANTEIRO DE OBRAS,MARTELO DE CARPINTEIRO 27MM,UNI,4,30.00,34.75,47.90,ARBO|VINHATICO,2026-08
CANTEIRO DE OBRAS,BROCA SDS PLUS CONCRETO 6MM X 160MM,UNI,4,9.90,10.00,10.06,ARBO|PARADISO|VINHATICO,2026-08
CANTEIRO DE OBRAS,COMBUSTIVEL,UNI,4,1525.00,7313.39,12359.27,CELEBRATION|VINHATICO,2026-07
CANTEIRO DE OBRAS,"SMART TV 43"" HQ BIVOLT",UNI,4,1600.00,1665.00,1730.00,ARBO|PARADISO|UPTOWN|VINHATICO,2026-07
CANTEIRO DE OBRAS,REGUA PEDREIRO ALUMINIO REFORÇADA 2MT,UNI,4,61.01,62.90,87.50,ARBO|PARADISO,2026-07
CANTEIRO DE OBRAS,TRENA METALICA C/ TRAVA 5M,UNI,4,18.50,18.70,20.00,ARBO|VINHATICO,2026-08
CANTEIRO DE OBRAS,TRENA METALICA C/ TRAVA 8M,UNI,4,35.00,41.47,48.90,ARBO|UPTOWN|VINHATICO,2026-07
CANTEIRO DE OBRAS,LAPIS P/ CARPINTEIRO,UNI,4,2.23,2.30,2.30,ARBO|PARADISO|VINHATICO,2026-08
CANTEIRO DE OBRAS,BOTINA NOBUCK S/B MARLUVAS CA32816 N-41,PAR,4,178.38,178.38,249.00,ARBO|PARADISO|UPTOWN|VINHATICO,2026-07
CANTEIRO DE OBRAS,"TELA SOLDADA EQ138 2,45M X 6,00M 4.2MM 10X10",UNI,4,214.16,224.66,230.00,ARBO|VINHATICO,2026-08
CANTEIRO DE OBRAS,"CLIPS GALVANIZADO 3/8""",UNI,4,1.91,2.76,3.90,ARBO|UPTOWN|VINHATICO,2026-07
CANTEIRO DE OBRAS,BALDE PLASTICO 18L BUFALO,UN,4,21.82,22.16,22.50,ARBO|VINHATICO,2026-08
CANTEIRO DE OBRAS,BOTINA NOBUCK S/B MARLUVAS CA32816 N-40,UNI,4,178.38,183.90,213.50,ARBO|PARADISO,2026-06
CANTEIRO DE OBRAS,BROXA RETANGULAR,UNI,4,6.90,8.90,8.90,ARBO|PARADISO,2026-07
CANTEIRO DE OBRAS,FITA ADESIVA CREPE 24MM X 50M,RL,4,4.40,6.40,6.50,PARADISO|VINHATICO,2026-06
CANTEIRO DE OBRAS,FORCADO MULTIDIRECIONAL SEM AJUSTE - PINTURA NA COR PRETA - 150PÇS,UNI,4,2345.00,2345.00,3015.00,ARBO,2026-08
CANTEIRO DE OBRAS,DISCO DE SERRA VIDEA 185MM 7'' 1/4'' C/ 24 DENTES,UNI,4,23.50,29.45,39.26,ARBO|VINHATICO,2026-07
CANTEIRO DE OBRAS,SILK EM CALÇA DE BRIM E BLUSA MALHA,UNI,4,1840.00,2367.50,2895.00,ARBO|PARADISO|UPTOWN|VINHATICO,2026-06
CANTEIRO DE OBRAS,"ESQUADRO DE ALUMINIO MEDINDO 1,20X80CM ALUMINIO NATURAL",UNI,4,350.00,350.00,350.00,ARBO,2026-06
CANTEIRO DE OBRAS,TALHADEIRA CHATA DE AÇO 12'' SAO ROMAO,UNI,3,16.00,16.00,17.90,ARBO|PARADISO|VINHATICO,2026-05
CANTEIRO DE OBRAS,MASSEIRA PLASTICA 40X60CM 40L BUFALO,UNI,3,52.54,69.90,69.90,ARBO,2026-06
CANTEIRO DE OBRAS,VASELINA INDUSTRIAL SOLIDA,PC,3,21.48,21.48,46.08,ARBO|PARADISO,2026-06
CANTEIRO DE OBRAS,MICROCOMPUTADOR PORTATIL DELL INSPIRON 15 3530 RAM 8GB SSD 512GB WI-FI WIN 11 PRO,UNI,3,4178.07,4293.23,4598.01,CELEBRATION|PRISBEL,2026-03
CANTEIRO DE OBRAS,BROCA DE AÇO RAPIDO 12MM,UNI,3,14.84,15.30,28.65,ARBO,2026-07
CANTEIRO DE OBRAS,LAVADORA 2100LB 1900W 220V MONO MOT INDUCAO C/RODA K5 NEW KARCHER,UNI,3,1158.00,1211.12,1211.12,CELEBRATION|PRISBEL|VINHATICO,2026-05
CANTEIRO DE OBRAS,AGUA AYLA PRISBEL 300ML S/ GÁS E C/ GÁS SENDO 42 FD DE CADA C/ 12 GARRAFINHAS,UNI,3,1075.00,1075.00,1076.72,VINHATICO,2026-04
CANTEIRO DE OBRAS,LAMINA DE SERRA MANUAL STARRET,UNI,3,12.00,12.90,12.90,ARBO|PARADISO|VINHATICO,2026-06
CANTEIRO DE OBRAS,LONA PRETA MAXILONA 6X100 REF.200 80KG,RL,3,1050.00,1050.00,1050.00,ARBO|VINHATICO,2026-05
CANTEIRO DE OBRAS,GIZ DE CERA VERMELHO,UNI,3,1.46,1.50,1.50,ARBO|PARADISO,2026-06
CANTEIRO DE OBRAS,AQUECEDOR DE MARMITA ELETRICO BANDEJA INOX 43004 BASE CH14 2 ANDARES CAPACIDADE: 50 MARMITAS,UNI,3,100.00,1543.00,1543.00,UPTOWN|VINHATICO,2026-04
CANTEIRO DE OBRAS,TELA SOLDADA Q196 5.0MM 10X10 2.45X6M,UNI,3,7.24,297.29,318.86,VINHATICO,2026-07
CANTEIRO DE OBRAS,PISO MOEDINHA EMBORRACHADO CELPAN PRETO 3MM ANTIDERRAPANTE ROLO 1MX2M MOEDA,UNI,3,92.98,93.01,93.01,ARBO,2026-03
CANTEIRO DE OBRAS,DISCO DIAMANTADO TURBO 20MM X 110MM,UNI,3,15.50,26.00,28.19,ARBO|VINHATICO,2026-07
CANTEIRO DE OBRAS,LIXEIRA PLASTICA C/ PEDAL 30L,UNI,3,20.00,40.00,40.00,CELEBRATION|UPTOWN|VINHATICO,2026-05
CANTEIRO DE OBRAS,LIXEIRA PLÁSTICA C/ PEDAL 120L PT/CZ,UNI,3,200.00,200.00,200.00,CELEBRATION|UPTOWN|VINHATICO,2026-05
CANTEIRO DE OBRAS,"LINHA PEDREIRO NYLON LISA 0,80 X 100M",UNI,3,7.00,8.24,8.50,ARBO|PARADISO|VINHATICO,2026-06
CANTEIRO DE OBRAS,BROCA SDS PLUS CONCRETO 8MM X 160MM,UNI,3,10.00,10.00,11.90,PARADISO|VINHATICO,2026-08
CANTEIRO DE OBRAS,BROCA SDS PLUS CONCRETO 10MM X 160MM,UNI,3,11.00,11.00,14.90,PARADISO|VINHATICO,2026-08
CANTEIRO DE OBRAS,BROCA SDS PLUS CONCRETO 12MM X 160MM,UNI,3,12.00,12.00,16.90,PARADISO|VINHATICO,2026-08
CANTEIRO DE OBRAS,TORQUES ARMADOR 13'' TRAMONTINA,UNI,3,46.00,64.90,64.90,ARBO|VINHATICO,2026-07
CANTEIRO DE OBRAS,BUCHA NY C/PAR 6MM DUOPOWER 100 UN 600633,PCT,3,47.85,61.83,66.18,PARADISO,2026-07
CANTEIRO DE OBRAS,BROCA VIDEA CONCRETO 6MM X 100MM IW904 IRWIN,UN,3,7.61,7.61,26.50,PARADISO,2026-06
CANTEIRO DE OBRAS,BROCA VIDEA CONCRETO 8MM IW907 IRWIN,UN,3,10.65,10.65,27.90,PARADISO,2026-06
CANTEIRO DE OBRAS,"KIT 2 PLACA EVA 1,00 X 2,00 10MM PRETO",UNI,3,147.90,147.90,147.90,ARBO,2026-04
CANTEIRO DE OBRAS,COLHER P/ PEDREIRO N.8,UNI,3,21.13,21.90,28.90,ARBO|VINHATICO,2026-07
CANTEIRO DE OBRAS,FORNECIMENTO DE GRANITOS PARA AREA SOCIAL,UNI,3,12750.00,12750.00,12750.00,PARADISO,2026-08
CANTEIRO DE OBRAS,BROCA DE AÇO RÁPIDO 10MM - 10 UNID,UNI,3,988.83,988.84,989.13,ARBO,2026-09
CANTEIRO DE OBRAS,BROCA DE AÇO RAPIDO 16MM - 10 UNID,UNI,3,110.25,110.25,110.25,ARBO,2026-09
CANTEIRO DE OBRAS,BROCA DE AÇO RÁPIDO 18MM - 10 UNID,UNI,3,164.62,164.62,164.62,ARBO,2026-09
CANTEIRO DE OBRAS,ACIDO MURIATICO,L,3,12.26,12.90,12.90,PARADISO,2026-08
CANTEIRO DE OBRAS,AUTONIVELANTE 20KG - 160 UNID.,UN,3,5346.41,5346.41,5348.00,PARADISO,2026-09
CANTEIRO DE OBRAS,PLANIPREP SACO 4KG - 6 UNID.,UN,3,81.97,81.97,81.97,PARADISO,2026-09
CANTEIRO DE OBRAS,PRIMER G 10KG - 10 UNID.,UN,3,392.06,392.06,392.06,PARADISO,2026-09
CANTEIRO DE OBRAS,"BROCA PERFURATRIZ 4.1/4'' (107,95MM X 400MM) TOP",UNI,3,958.89,958.90,958.90,ARBO,2026-09
CANTEIRO DE OBRAS,TUBO COBRE PANQUECA,KG,3,106.01,106.01,106.01,PARADISO,2026-09
CANTEIRO DE OBRAS,ANEL DE ANCORAGEM INOX - 464 UNID.,UNI,3,15157.00,15157.00,15158.00,ARBO,2026-10
CANTEIRO DE OBRAS,PNEU 175/70R14 DUNLOP SP TOURING R1 88T,UNI,2,399.00,399.00,399.00,MANUTENÇAO,2026-03
CANTEIRO DE OBRAS,"VERGALHAO GALVANIZADA C/ ROSCA TOTAL DIAM. 1/4"" X 3MT",UN,2,6.27,7.04,7.80,DOWNTOWN|PARADISO,2026-07
CANTEIRO DE OBRAS,"CANTONEIRA PVC 20MM ASTRA C/ 2,80M BRANCA",UNI,2,29.50,29.50,29.50,DOWNTOWN,2026-02
CANTEIRO DE OBRAS,MARRETA C/ CABO 1KG,UNI,2,29.90,29.95,30.00,ARBO|PARADISO,2026-05
CANTEIRO DE OBRAS,PONTEIRO LISO DE AÇO 12'' SAO ROMAO,UNI,2,16.00,16.50,17.00,ARBO|VINHATICO,2026-05
CANTEIRO DE OBRAS,CORDA POLIAMIDA 12MM,M,2,3.66,3.87,4.09,ARBO|VINHATICO,2026-07
CANTEIRO DE OBRAS,"TELA SOLDADA PAINEL Q166 FIO 4,6MM 10X10 2,45X6M",UNI,2,255.79,255.79,255.79,ARBO,2026-03
CANTEIRO DE OBRAS,"TELA AMARRACAO ALVENARIA 10,5 CM X 50 CM CX C/100 UN",CX,2,182.00,182.00,182.00,ARBO,2026-05
CANTEIRO DE OBRAS,THINNER 5L NBR15079,GL,2,98.90,100.95,103.00,DOWNTOWN|VINHATICO,2026-05
CANTEIRO DE OBRAS,ESCADA DE ALUMINIO 07 DEGRAUS ATÉ 120KG,UNI,2,220.00,242.36,264.71,ARBO|VINHATICO,2026-06
CANTEIRO DE OBRAS,"BROCA P/ PERFURATRIZ 4.1/4'' - 107,95MM X 400MM TOP",UNI,2,719.17,719.17,719.17,PARADISO,2026-03
CANTEIRO DE OBRAS,REGUA PEDREIRO ALUMINIO REFORÇADA 3MT,UNI,2,94.90,112.95,131.00,ARBO|PARADISO,2026-07
CANTEIRO DE OBRAS,JOGO SOQUETE/PONTEIRA 22PÇS,UNI,2,354.05,359.52,365.00,CELEBRATION|VINHATICO,2026-06
CANTEIRO DE OBRAS,BOMBA GRAXA MANUAL 15KG ALAVANCA BOZZA,UNI,2,811.21,811.21,811.21,ARBO|PRISBEL,2026-03
CANTEIRO DE OBRAS,AGUA 20L - 24 UNID.,UNI,2,408.00,408.00,408.00,ARBO,2026-03
CANTEIRO DE OBRAS,DIESEL COMUM,UNI,2,227.60,584.32,941.05,ARBO,2026-06
CANTEIRO DE OBRAS,CORDA POLIAMIDA NR18 12MM ROLO C/ 100M,RL,2,396.25,396.25,396.25,MANUTENÇAO|PARADISO,2026-03
CANTEIRO DE OBRAS,TRELIÇA TR12 C/6M,UNI,2,46.20,46.20,46.20,PARADISO,2026-02
CANTEIRO DE OBRAS,CADEIRA DIGITADOR CORANO PRETO BACK SYSTEM NR-17 BRAÇO REGULÁVEL GIRATORIA,UNI,2,429.00,436.50,444.00,ARBO|VINHATICO,2026-06
CANTEIRO DE OBRAS,ESTILETE LAMINA 18MM C/ 2 LOTUS,UNI,2,8.63,8.77,8.90,MANUTENÇAO|VINHATICO,2026-06
CANTEIRO DE OBRAS,PREGO ACO GOLD 15X15 C/ 100,PCT,2,5.50,5.75,6.00,PARADISO,2026-06
CANTEIRO DE OBRAS,MESA DE PEBOLIM OFICIAL C/ GAVETAS - TOTÓ,UNI,2,1480.00,1480.00,1480.00,ARBO|PARADISO,2026-03
CANTEIRO DE OBRAS,"CAVADEIRA BOCA DE LOBO C/ CABO 1,80M TRAMONTINA",UNI,2,92.50,95.00,97.50,UPTOWN|VINHATICO,2026-06
CANTEIRO DE OBRAS,"ALAVANCA LISA REDONDA 1MX1,5M SAO ROMAO",UNI,2,106.60,108.25,109.90,ARBO|UPTOWN,2026-04
CANTEIRO DE OBRAS,PICARETA PONTA E PÁ C/ CABO TRAMONTINA,UN,2,109.51,113.68,117.86,ARBO|UPTOWN,2026-07
CANTEIRO DE OBRAS,"MARTELETE SDS 2,8KG 24MM 820W BOSCH GBH2 - 24D 220V",UNI,2,841.30,880.65,920.00,ARBO|VINHATICO,2026-05
CANTEIRO DE OBRAS,FITA CREPE 48MM X 50M C/ 2,RL,2,20.00,21.00,22.00,PARADISO,2026-05
CANTEIRO DE OBRAS,BEBEDOURO INDUSTRIAL AÇO INOX 100L C/ 1 JATO INCLINADO E 2 TORNEIRA 220V,UNI,2,1920.00,1920.00,1920.00,UPTOWN|VINHATICO,2026-04
CANTEIRO DE OBRAS,BROCA DE AÇO RAPIDO 6MM,UNI,2,5.33,6.02,6.70,ARBO|PARADISO,2026-07
CANTEIRO DE OBRAS,BROCA DE AÇO RÁPIDO 8MM,UNI,2,9.21,11.39,13.57,ARBO|PARADISO,2026-07
CANTEIRO DE OBRAS,"TELA TAPUME 1,20 X 50M LJ/BR",UNI,2,158.00,158.01,158.01,ARBO|PARADISO,2026-04
CANTEIRO DE OBRAS,PNEU 195/65 R15 ROADCRUZA RA760 91V - 2 UNID.,UNI,2,357.00,357.00,357.00,VINHATICO,2026-05
CANTEIRO DE OBRAS,BROCA SDS PLUS CONCRETO 6MM X 260MM,UNI,2,10.00,10.14,10.28,ARBO,2026-06
CANTEIRO DE OBRAS,BROCA SDS PLUS CONCRETO 10MM X 310MM,UNI,2,15.50,18.75,22.00,ARBO|VINHATICO,2026-06
CANTEIRO DE OBRAS,BROCA SDS PLUS CONCRETO 12MM X 300MM,UNI,2,17.00,17.75,18.50,ARBO|VINHATICO,2026-06
CANTEIRO DE OBRAS,BROCA SDS PLUS CONCRETO 14MM X 260MM,UNI,2,16.00,20.36,24.71,ARBO,2026-06
CANTEIRO DE OBRAS,BROCA SDS PLUS CONCRETO 16MM X 310MM,UNI,2,25.90,30.45,35.00,ARBO|VINHATICO,2026-06
CANTEIRO DE OBRAS,THINNER P/ LIMPEZA 18L,UNI,2,532.00,532.00,532.00,DOWNTOWN,2026-04
CANTEIRO DE OBRAS,DESENGRIPANTE WD 40,UN,2,36.62,45.31,54.00,ARBO|PARADISO,2026-07
CANTEIRO DE OBRAS,JOGO CHAVE DE BOCA 6MM X 22MM 8PÇS,UNI,2,93.78,93.78,93.78,ARBO|PARADISO,2026-06
CANTEIRO DE OBRAS,ESTOPA BRANCA SC 1KG,UNI,2,10.90,15.27,19.63,PARADISO,2026-08
CANTEIRO DE OBRAS,TALHADEIRA SDS PLUS 250MM,UN,2,16.61,21.05,25.50,PARADISO|VINHATICO,2026-06
CANTEIRO DE OBRAS,PONTEIRO SDS PLUS 250MM,UN,2,16.61,20.25,23.90,PARADISO|VINHATICO,2026-06
CANTEIRO DE OBRAS,"MANDRIL 1/2"" C/CHAVE 13MM",UNI,2,29.75,38.88,48.00,ARBO|VINHATICO,2026-06
CANTEIRO DE OBRAS,"TRINCHA 2"" ATLAS",UN,2,5.90,6.30,6.69,PARADISO|VINHATICO,2026-06
CANTEIRO DE OBRAS,INSERT METALICO PORCELANATO AUXILIAR MECANICO 9MM,UNI,2,2.85,2.85,2.85,PARADISO,2026-05
CANTEIRO DE OBRAS,"BROCA PERFURATRIZ 6'' 152,40MM X 400MM TOP",UNI,2,1021.90,1021.90,1021.90,PARADISO,2026-06
CANTEIRO DE OBRAS,PLACAS INDICATIVAS,UNI,2,306.00,4519.45,8732.91,DOWNTOWN|VINHATICO,2026-04
CANTEIRO DE OBRAS,"ARAME RECOZIDO BWG18 1,24MM PG 7 NBR7480",KG,2,10.36,10.36,10.36,PARADISO|VINHATICO,2026-06
CANTEIRO DE OBRAS,PREGO C/ CABEÇA 15X15 NBR6627,KG,2,11.00,13.41,15.83,VINHATICO,2026-07
CANTEIRO DE OBRAS,DISCO CORTE 14'' X 1/8'' X 1'',UNI,2,29.00,29.00,29.00,ARBO,2026-06
CANTEIRO DE OBRAS,PONTEIRO SDS MAX 18X400MM,UN,2,39.57,47.03,54.50,PARADISO|VINHATICO,2026-06
CANTEIRO DE OBRAS,COLA PVA 50KG,UNI,2,515.00,625.40,735.80,PARADISO,2026-06
CANTEIRO DE OBRAS,BOTINA NOBUCK S/B MARLUVAS CA45611 N-42,UNI,2,183.90,213.15,242.40,ARBO|VINHATICO,2026-07
CANTEIRO DE OBRAS,PLACA EM AÇO GALVANIZADO - MEDIDAS 30X40CM,UNI,2,125.00,285.00,445.00,VINHATICO,2026-05
CANTEIRO DE OBRAS,RADIO COMUNICADOR TALKABOUT 32KM PRETO T210BR MOTOROLA,UNI,2,550.49,550.49,550.49,ARBO|VINHATICO,2026-06
CANTEIRO DE OBRAS,"MANGUEIRA DE NIVEL 3/8'' X 2,0 C/ 50M",RL,2,150.84,150.84,150.84,ARBO|VINHATICO,2026-06
CANTEIRO DE OBRAS,"TELA SOLDADA EQ138 2,45M X 6,00M 4.2MM 10X10 - 30 UNID.",UNI,2,233.22,233.22,233.22,CELEBRATION,2026-06
CANTEIRO DE OBRAS,"CABO DE AÇO GALVANIZADO 2,4MM",M,2,2.50,2.50,2.50,ARBO,2026-08
CANTEIRO DE OBRAS,TRENA FITA 30M,UNI,2,105.50,107.02,108.54,UPTOWN|VINHATICO,2026-07
CANTEIRO DE OBRAS,LONA PRETA 4 X 100M 40KG,RO,2,584.90,584.90,584.90,ARBO|VINHATICO,2026-07
CANTEIRO DE OBRAS,SUPORTE PARA ROLO - 23 CM,UNI,2,5.85,8.02,10.19,PARADISO|VINHATICO,2026-06
CANTEIRO DE OBRAS,SUPORTE PARA TV ARTICULADO,UNI,2,120.00,120.00,120.00,UPTOWN|VINHATICO,2026-07
CANTEIRO DE OBRAS,ROLO LA MISTA 23CM C/ SUPORTE,UN,2,31.91,32.41,32.90,PARADISO|VINHATICO,2026-08
CANTEIRO DE OBRAS,DOBRADIÇA 3.1/2'' X 3'' CARTELA C/ 3 UNID.,UN,2,13.50,14.00,14.50,ARBO|VINHATICO,2026-07
CANTEIRO DE OBRAS,FORNECIMENTO DE PEITORIS P/ AREA EXTERNA,UNI,2,11593.40,11593.40,11593.40,PARADISO,2026-06
CANTEIRO DE OBRAS,BOTINA NOBUCK S/B MARLUVAS CA32816 N-38,UNI,2,207.09,224.75,242.40,PARADISO|VINHATICO,2026-07
CANTEIRO DE OBRAS,"BUCHA WALTOG GDP1 C/ PARAFUSO 4,5X50",UNI,2,0.78,0.78,0.78,PARADISO,2026-07
CANTEIRO DE OBRAS,COPO DE PAPEL BRANCO,UNI,2,44.64,44.64,44.64,UPTOWN|VINHATICO,2026-07
CANTEIRO DE OBRAS,BANDEIRA DIVERSA ESTAMPADA EM OXFORD,UNI,2,145.90,145.90,145.90,PARADISO|VINHATICO,2026-07
CANTEIRO DE OBRAS,SUPORTE PARA TABLETE,UNI,2,125.00,125.00,125.00,PRISBEL|UPTOWN,2026-07
CANTEIRO DE OBRAS,SUPORTE TABLET PAREDE,UNI,2,125.00,125.00,125.00,ARBO|VINHATICO,2026-07
CANTEIRO DE OBRAS,CADEIRA PARA ESCRITORIO SECRETARIA GIRATORIA COM BRAÇOS ESPUMA PRETO,UNI,2,394.45,394.45,394.45,VINHATICO,2026-07
CANTEIRO DE OBRAS,"BLOCO DE CONCRETO ESTRUTURAL 14X19X39CM 10,0MPA NBR6136",UNI,2,4.34,5.57,6.80,ARBO,2026-08
CANTEIRO DE OBRAS,PORTA FOLDER NOVA LOJA COM CURVO DESMONTAVEL PRETO,UNI,2,203.24,203.24,203.24,UPTOWN|VINHATICO,2026-07
CANTEIRO DE OBRAS,FURADEIRA DE IMPACTO PERFURADOR/ROMPEDOR HR2470 220V 800W MAKITA,UNI,1,750.00,750.00,750.00,PARADISO,2026-01
CANTEIRO DE OBRAS,"PAINEL Q138 4.2MM 10X10 2,45 X 6M",UNI,1,11669.47,11669.47,11669.47,ARBO,2026-01
CANTEIRO DE OBRAS,PAPELEIRA PISO INOX - 3 UNID.,UNI,1,960.00,960.00,960.00,DOWNTOWN,2026-01
CANTEIRO DE OBRAS,"PAINEL Q138 4,2MM 10X10 2,45 X 6M",UNI,1,11669.47,11669.47,11669.47,ARBO,2026-01
CANTEIRO DE OBRAS,"MANTA DE POLIESTER 1,90M X 30,00 75KG/M3 100% POLIESTER C/ PELÍCULA PLÁSTICA DE PROTEÇÃO TERMOFIXADA",M2,1,23.14,23.14,23.14,PARADISO,2026-01
CANTEIRO DE OBRAS,PROTETOR DE VERGALHAO 12MM - 25MM C/ 250,PCT,1,512.90,512.90,512.90,ARBO,2026-02
CANTEIRO DE OBRAS,VENEZIANA E DAMPER DE REGULAGEM,UNI,1,1763.48,1763.48,1763.48,MANUTENÇAO,2025-01
CANTEIRO DE OBRAS,PINO C/ ROSCA 1/4'' CAL 22 30X20 WALSYWA C/ 100,PCT,1,50.00,50.00,50.00,ARBO,2026-02
CANTEIRO DE OBRAS,PISTOLA FINCAPINO PRA 10 WALSYWA,UN,1,950.00,950.00,950.00,ARBO,2026-02
CANTEIRO DE OBRAS,REGUA PEDREIRO ALUMINIO REFORÇADA 6MT,UNI,1,215.90,215.90,215.90,ARBO,2026-01
CANTEIRO DE OBRAS,"CABO DE ACO GALVANIZADO AF 1/4""(6MM) 6X19 TORCAO A DIREITA",M,1,12.00,12.00,12.00,PARADISO,2026-02
CANTEIRO DE OBRAS,CLIPS GALVANIZADO 1/4'',UNI,1,1.20,1.20,1.20,PARADISO,2026-02
CANTEIRO DE OBRAS,DISCO DIAMANTE 1/4'' TURBO,UNI,1,1450.15,1450.15,1450.15,PARADISO,2026-02
CANTEIRO DE OBRAS,BEBIDAS DIVERSAS,UNI,1,5007.00,5007.00,5007.00,ESCRITORIO LOURDES,2026-02
CANTEIRO DE OBRAS,BROCA SDS PLUS CONCRETO 18MMX400MM,UNI,1,68.68,68.68,68.68,ARBO,2026-02
CANTEIRO DE OBRAS,BROCA SDS PLUS CONCRETO 16MM X 400MM,UNI,1,40.55,40.55,40.55,ARBO,2026-02
CANTEIRO DE OBRAS,CAIXA CARTONADA PERSONALIZADA COM MANUSEIO DE ITENS,UNI,1,7975.37,7975.37,7975.37,DOWNTOWN,2026-01
CANTEIRO DE OBRAS,"MESA PARA ESCRITÓRIO 1,20 X 0,60 COM 02 GAVETAS POP NEW ECONÔMICA PÉS DE AÇO",UNI,1,329.00,329.00,329.00,CELEBRATION,2026-02
CANTEIRO DE OBRAS,CADEIRA DIGITADOR EM CORANO BACK SYSTEM NR-17 BRAÇO REGULÁVEL GIRATÓRIA C/ RODINHAS,UNI,1,429.00,429.00,429.00,CELEBRATION,2026-02
CANTEIRO DE OBRAS,ARMÁRIO DE AÇO PA90 CHAPA 22,UNI,1,1185.00,1185.00,1185.00,CELEBRATION,2026-02
CANTEIRO DE OBRAS,"MESA REDONDA DE REUNIÃO 1,20 PÉ DE FERRO PRETA",UNI,1,407.00,407.00,407.00,CELEBRATION,2026-02
CANTEIRO DE OBRAS,CADEIRA FIXA COR PRETA POLIPROPILENO,UNI,1,109.00,109.00,109.00,CELEBRATION,2026-02
CANTEIRO DE OBRAS,"PENEIRA ARROZ/AREIA 55MAD.""MM"" C/ 6",UNI,1,110.00,110.00,110.00,ARBO,2026-02
CANTEIRO DE OBRAS,TORQUES ARMADOR 12'' SAO ROMAO,UNI,1,30.00,30.00,30.00,ARBO,2026-02
CANTEIRO DE OBRAS,"BOMBONA 200L, DESCONTAMINADA, CORTADA",UNI,1,210.00,210.00,210.00,ARBO,2026-01
CANTEIRO DE OBRAS,CONJUNTO SLUMP TEST COMPLETO,UNI,1,800.00,800.00,800.00,ARBO,2026-01
CANTEIRO DE OBRAS,CAPSULAS DE CAFÉ ESPRESSO ATENTO 3 CORAÇOES - 80 UNID.,UNI,1,182.90,182.90,182.90,PARADISO,2026-01
CANTEIRO DE OBRAS,"SALVA BANCADA 0,60M X 25M",UNI,1,499.63,499.63,499.63,PARADISO,2026-01
CANTEIRO DE OBRAS,"06 CAFÉ 3 CORAÇOES 500G, 05 FILTRO PAPEL 103",UNI,1,263.40,263.40,263.40,VINHATICO,2026-01
CANTEIRO DE OBRAS,COLCHONETE CAMPING 60X190X03 D20,UNI,1,85.00,85.00,85.00,ARBO,2026-02
CANTEIRO DE OBRAS,"ESCADA EXTENSIVEL 13 A 26 DEGRAUS FIBRA VD 4,2X7,2M SINTESE SIPORTA 120KG",UNI,1,780.00,780.00,780.00,ARBO,2026-02
CANTEIRO DE OBRAS,VENTILADOR PAREDE 60CM PRETO BIVOLT,UNI,1,320.00,320.00,320.00,ARBO,2026-02
CANTEIRO DE OBRAS,"10 UNID. CAPAS PARA MESA DE RESTAURANTES, BAR E LANCONETE",UNI,1,113.62,113.62,113.62,ARBO,2026-01
CANTEIRO DE OBRAS,DISCO DIAMANTE AZUL P/ ESMERILHADEIRA VERMELHO,UNI,1,46.00,46.00,46.00,PARADISO,2026-02
CANTEIRO DE OBRAS,"PERFIL (PD) EX AL FSC L=5/8"" E=1MM LEVE",UNI,1,26.00,26.00,26.00,DOWNTOWN,2026-02
CANTEIRO DE OBRAS,"PERFIL L (PD) EX AL FSC L=5/8"" E=1MM BRONZE 1002 LEVE",UNI,1,30.00,30.00,30.00,DOWNTOWN,2026-02
CANTEIRO DE OBRAS,"RESERVATORIO 304 2300L 6,0MCA PRISBEL",UNI,1,9500.00,9500.00,9500.00,PARADISO,2026-02
CANTEIRO DE OBRAS,ESCOVA DE CARVAO XSE 278A 110/220V,UNI,1,75.00,75.00,75.00,PARADISO,2026-02
CANTEIRO DE OBRAS,"VINHO DOM DE MINAS SYRAH, CABERNET, MERLOT",UNI,1,1530.00,1530.00,1530.00,VINHATICO,2026-01
CANTEIRO DE OBRAS,FITA CREPE 24MMX 50M C/ 5,PCT,1,22.00,22.00,22.00,PARADISO,2026-03
CANTEIRO DE OBRAS,SAMSUNG GALAXY A07 128GB PRETO,UNI,1,665.55,665.55,665.55,PARADISO,2026-01
CANTEIRO DE OBRAS,PLASTIBOX PAPELAO ONDULADO,KG,1,7.90,7.90,7.90,DOWNTOWN,2026-02
CANTEIRO DE OBRAS,ROLETE,UNI,1,340.00,340.00,340.00,PARADISO,2026-02
CANTEIRO DE OBRAS,"TUBO FLEXIVEL POLYWEST 100MM X 1,5M S/EMB.",UNI,1,34.88,34.88,34.88,PARADISO,2026-03
CANTEIRO DE OBRAS,FITA CREPE AZUL 45MM X 50M ADERE (15RL) + FITA CREPE AZUL 24MM X 50M ADERE (10RL),UNI,1,760.00,760.00,760.00,DOWNTOWN,2026-02
CANTEIRO DE OBRAS,PERFIL CANTONEIRA L 1/2 R 6000MM,UNI,1,47.00,47.00,47.00,DOWNTOWN,2026-02
CANTEIRO DE OBRAS,"HAMMERITE BRILHANTE CORAL PRETO 2,4L",GL,1,215.50,215.50,215.50,DOWNTOWN,2026-02
CANTEIRO DE OBRAS,BARRA DE APOIO 80CM - INOX 304 NORMA ABNT 9050,UNI,1,132.90,132.90,132.90,ARBO,2026-06
CANTEIRO DE OBRAS,BARRA DE APOIO 70CM - INOX 304 NORMA ABNT 9050,UNI,1,125.90,125.90,125.90,ARBO,2026-06
CANTEIRO DE OBRAS,BARRA DE APOIO 40CM - INOX 304 NORMA ABNT 9050,UNI,1,109.00,109.00,109.00,ARBO,2026-06
CANTEIRO DE OBRAS,PINO CADEIRINHA C/ 100 UNID.,PCT,1,65.99,65.99,65.99,PARADISO,2026-01
CANTEIRO DE OBRAS,"CAPACHO KAPAZI SILVER PERSONALIZADO 1,00 X 0,60",UNI,1,337.80,337.80,337.80,VINHATICO,2026-02
CANTEIRO DE OBRAS,TAÇA BORDEAUX CRISTAL 750ML,UNI,1,228.00,228.00,228.00,VINHATICO,2026-01
CANTEIRO DE OBRAS,"MOEDOR DE SAL, DESCANSO OVAL, MOEDOR DE PIMENTA",UNI,1,1304.73,1304.73,1304.73,VINHATICO,2026-01
CANTEIRO DE OBRAS,BATERIA Z70D MGE3 SLI,UNI,1,519.00,519.00,519.00,PRISBEL,2026-02
CANTEIRO DE OBRAS,TERMINAL DE BATERIA SAPAO REFORÇADO POS C/ PR,UNI,1,70.00,70.00,70.00,PRISBEL,2026-02
CANTEIRO DE OBRAS,PONTEIRO SDS MAX 400MM,UNI,1,43.12,43.12,43.12,PARADISO,2026-03
CANTEIRO DE OBRAS,DISCO P/ MADEIRA C/ VIDEA 24 DENTES X 7.1/4'' DIAM. AZ,UNI,1,52.50,52.50,52.50,PARADISO,2026-02
CANTEIRO DE OBRAS,TRELIÇA TR12 C/ 6M,UNI,1,41.53,41.53,41.53,PARADISO,2026-03
CANTEIRO DE OBRAS,JOGO CHAVE COMBINADA 15PCS TRAMONTINA,UNI,1,455.00,455.00,455.00,CELEBRATION,2026-03
CANTEIRO DE OBRAS,MISTURADOR DE ARGAMASSA / GESSO,UNI,1,124.90,124.90,124.90,MANUTENÇAO,2026-02
CANTEIRO DE OBRAS,BROCA AÇO RAPIDO 14MM,UNI,1,58.10,58.10,58.10,ARBO,2026-03
CANTEIRO DE OBRAS,BROCA DE AÇO RAPIDO 16MM,UNI,1,81.32,81.32,81.32,ARBO,2026-03
CANTEIRO DE OBRAS,DISCO LIMPA VERDE 350MM - 6 UNID.,UNI,1,368.00,368.00,368.00,DOWNTOWN,2026-02
CANTEIRO DE OBRAS,"BAFOMETRO DIGITAL ETILOMETROPORTATIL LCD 2,5IN MEDIR ALCOOL",UNI,1,229.90,229.90,229.90,ARBO,2026-02
CANTEIRO DE OBRAS,"LIXEIRA BASCULANTE 60L VERMELHA, AZIL, AMARELA E VERDE C/ SUPORTE",UNI,1,525.26,525.26,525.26,ARBO,2026-03
CANTEIRO DE OBRAS,DISCO CORTE PARA PORCELANATO 4'' 110X20MM,UNI,1,29.90,29.90,29.90,PARADISO,2026-03
CANTEIRO DE OBRAS,CAPA DE MESA DE BAR LANCHONETE 70X70 C/ 5,UNI,1,59.10,59.10,59.10,PARADISO,2026-02
CANTEIRO DE OBRAS,"VARAL EM ALUMINIO 1,20 X 0,56",UNI,1,90.00,90.00,90.00,ARBO,2026-03
CANTEIRO DE OBRAS,LIXEIRA PLASTICA C/ PEDAL 120L PT/CZ,UNI,1,199.00,199.00,199.00,ARBO,2026-03
CANTEIRO DE OBRAS,SUPORTE PARA TV,UNI,1,209.03,209.03,209.03,PARADISO,2026-03
CANTEIRO DE OBRAS,DISCO PARA DESBASTE FLAP 115MM CORTAG G120,,1,79.06,79.06,79.06,PARADISO,2026-03
CANTEIRO DE OBRAS,BOTINA NOBUCK S/B MARLUVAS CA32816 N-37,PAR,1,178.38,178.38,178.38,PARADISO,2026-03
CANTEIRO DE OBRAS,BROCA SDS PLUS 25X300MM HT,UNI,1,57.90,57.90,57.90,ARBO,2026-02
CANTEIRO DE OBRAS,BROCA SDS PLUS 14X160MM MTX,UNI,1,14.50,14.50,14.50,ARBO,2026-02
CANTEIRO DE OBRAS,BRITA E ESTOPA 500 GRS,UNI,1,840.60,840.60,840.60,PARADISO,2026-03
CANTEIRO DE OBRAS,DISCO CORTE PARA PORCELANATO,UNI,1,2.90,2.90,2.90,PARADISO,2026-02
CANTEIRO DE OBRAS,FUTURA TUBO ALUMINIO 2MT E 3MT,UNI,1,890.94,890.94,890.94,PARADISO,2026-03
CANTEIRO DE OBRAS,CALÇO PLASTICO,UNI,1,800.00,800.00,800.00,PARADISO,2026-03
CANTEIRO DE OBRAS,DISCO CORTE,UNI,1,126.00,126.00,126.00,PARADISO,2026-03
CANTEIRO DE OBRAS,BOCAL PARA BAFOMETRO,UNI,1,199.80,199.80,199.80,ARBO,2026-02
CANTEIRO DE OBRAS,AGUA 20L - 16 UNID.,UNI,1,272.00,272.00,272.00,ARBO,2026-02
CANTEIRO DE OBRAS,INSTALAÇAO DE 2 UNIDADES DE ESPELHO LAPIDADO,UNI,1,1318.00,1318.00,1318.00,ARBO,2026-02
CANTEIRO DE OBRAS,"MESA 1,20 X 0,60 S/ GAVETA PÉS EM AÇO CINZA",UNI,1,364.00,364.00,364.00,ARBO,2026-04
CANTEIRO DE OBRAS,"ANEL,BORRACHA, JOELHO",UNI,1,2543.79,2543.79,2543.79,ARBO,2026-03
CANTEIRO DE OBRAS,ROLAMENTO TRIPE MINIGRUA,UNI,1,140.00,140.00,140.00,PARADISO,2026-03
CANTEIRO DE OBRAS,PAPELAO ONDULADO,KG,1,7.90,7.90,7.90,PARADISO,2026-03
CANTEIRO DE OBRAS,BOTINA NOBUCK S/B MARLUVAS CA32816 N42,PAR,1,183.90,183.90,183.90,PARADISO,2026-03
CANTEIRO DE OBRAS,LANTERNA HOLOFOTE POWER LED RECARREGÁVEL MOR,UNI,1,116.00,116.00,116.00,PARADISO,2026-03
CANTEIRO DE OBRAS,CARREGADOR PILHA PHILIPS C/ 04 AA,UNI,1,259.80,259.80,259.80,ARBO,2026-03
CANTEIRO DE OBRAS,CAIXA BIN N7 GAVETEIRO ORGANIZADORA ESTANTE PARAFUSOS PRETA,UNI,1,21.75,21.75,21.75,ARBO,2026-02
CANTEIRO DE OBRAS,PUFF GIGANTE REDONDO SALA QUARTO ESCRITÓRIO 120X20 VAZIO,UNI,1,78.95,78.95,78.95,ARBO,2026-03
CANTEIRO DE OBRAS,GALAO 20L C AGUA,UNI,1,599.00,599.00,599.00,ARBO,2026-02
CANTEIRO DE OBRAS,PORTA GUARDA CHUVA AÇO INOX 24X70 30L ECOBIN,UNI,1,279.90,279.90,279.90,VINHATICO,2026-02
CANTEIRO DE OBRAS,GUARDA CHUVA GRANDE PRETO,UNI,1,78.90,78.90,78.90,VINHATICO,2026-02
CANTEIRO DE OBRAS,"SOLENOIDE, OLEO HIDRAULICO",UNI,1,1699.30,1699.30,1699.30,UPTOWN,2026-03
CANTEIRO DE OBRAS,SIKA CONCRETO FORTE ADITIVO,UNI,1,239.99,239.99,239.99,ARBO,
CANTEIRO DE OBRAS,CHAPA DE ISOPOR BLOCO EPS T1F 1000X1000X10MM,UNI,1,5.60,5.60,5.60,ARBO,2026-04
CANTEIRO DE OBRAS,LADRILHO HIDRAULICO 25 QUADROS NATURAL,UNI,1,55.00,55.00,55.00,MANUTENÇAO,2026-03
CANTEIRO DE OBRAS,"GRELHA CENTRAL DE AR, REGULADOR DE EXAUSTAO",UNI,1,4324.45,4324.45,4324.45,PARADISO,2026-03
CANTEIRO DE OBRAS,"NIVEL ALUMINIO 12"" 30CM MAGNETICO",UNI,1,32.49,32.49,32.49,ARBO,2026-04
CANTEIRO DE OBRAS,COPO ACQUA BIO 480ML VERDE PP C/ LOGO,UNI,1,4.60,4.60,4.60,ARBO,2026-03
CANTEIRO DE OBRAS,PERFIL EX ALUM PINTURA ANOD COL COD. VZ063P,UNI,1,90.53,90.53,90.53,MANUTENÇAO,2026-05
CANTEIRO DE OBRAS,PERFIL EX AL L=1'' E=1MM PINT/ANOD. COL COD. TQ023P,UNI,1,89.40,89.40,89.40,MANUTENÇAO,2026-05
CANTEIRO DE OBRAS,"PERFIL EXTR AL L=1.1/4'' E=4,76 PINT/COL C/ 1M COD. CT023P1",UNI,1,45.46,45.46,45.46,MANUTENÇAO,2026-05
CANTEIRO DE OBRAS,VENTILADOR CLD,U N,1,19233.00,19233.00,19233.00,PARADISO,2026-04
CANTEIRO DE OBRAS,"SUPOTE DE TV, BUCHA RED",UNI,1,113.40,113.40,113.40,ARBO,2026-03
CANTEIRO DE OBRAS,FITA CREPE PINTURA - 15 RL 24X50 E 15RL 45X50,UNI,1,660.00,660.00,660.00,DOWNTOWN,2026-03
CANTEIRO DE OBRAS,LIXA D'ÁGUA GRANA 180,UNI,1,1.94,1.94,1.94,PARADISO,2026-04
CANTEIRO DE OBRAS,SALVA PISO PROTETOR PISO 25X1M,RL,1,150.35,150.35,150.35,PARADISO,2026-04
CANTEIRO DE OBRAS,"TINTA SPRAY, PREGO 10X10",UNI,1,298.90,298.90,298.90,VINHATICO,2026-03
CANTEIRO DE OBRAS,"MARTELO, TIJOLO, TORQUES",UNI,1,972.10,972.10,972.10,PARADISO,2026-03
CANTEIRO DE OBRAS,"BROCA,CADEADO,TALHADEIRA",UNI,1,443.50,443.50,443.50,PARADISO,2026-04
CANTEIRO DE OBRAS,"ADAP SOLD CT 50MM, X 2.1/2 TIGRE",UNI,1,3.01,3.01,3.01,MANUTENÇAO,2026-03
CANTEIRO DE OBRAS,ADAP SOLD CT 75MM X 2.1/2 TIGRE,UNI,1,17.38,17.38,17.38,MANUTENÇAO,2026-03
CANTEIRO DE OBRAS,REG GAVETA BRUTO E 1.1/2 DECA 1510,UNI,1,96.14,96.14,96.14,MANUTENÇAO,2026-03
CANTEIRO DE OBRAS,REG GAVETA BRUTO G 2.1/2 DECA 1510,UNI,1,364.79,364.79,364.79,MANUTENÇAO,2026-03
CANTEIRO DE OBRAS,PLACAS DE SINALIZAÇÃO 50X50CM,UNI,1,35.00,35.00,35.00,VINHATICO,2026-04
CANTEIRO DE OBRAS,PLACAS DE SINALIZAÇAO 80 X 80CM,UNI,1,83.00,83.00,83.00,VINHATICO,2026-04
CANTEIRO DE OBRAS,"CANTONEIRA PCL GALV, ABAS 70 X 40 - LARGURA 40MM",UNI,1,2.20,2.20,2.20,PARADISO,2026-04
CANTEIRO DE OBRAS,CANTONEIRA PCL ABAS 90 X 40 - GALVANIZADA A FOGO,UNI,1,2.60,2.60,2.60,PARADISO,2026-04
CANTEIRO DE OBRAS,CANTONEIRA PCL ABAS 120 X 90 - GALVANIZADA A FOGO CH 4MM,UNI,1,5.25,5.25,5.25,PARADISO,2026-04
CANTEIRO DE OBRAS,"CONJUNTO DE PARAFUSO CABEÇA SEXTAVADA 1/4"" X 3/4"" GALVANIZADO",UNI,1,0.36,0.36,0.36,PARADISO,2026-04
CANTEIRO DE OBRAS,DUCHA 4T LORENZETTI BELA DUCHA 220/6800W,UNI,1,72.00,72.00,72.00,VINHATICO,2026-04
CANTEIRO DE OBRAS,LONA PRETA 4MX100M 30KG,RL,1,425.73,425.73,425.73,PARADISO,2026-04
CANTEIRO DE OBRAS,"ARMARIO DE AÇO PA70 1,66X0,75X0,32M C/ 3 PRATELEIRAS",UNI,1,537.00,537.00,537.00,UPTOWN,2026-04
CANTEIRO DE OBRAS,LONA PRETA 4MX100M 17KG,UNI,1,241.43,241.43,241.43,PARADISO,2026-04
CANTEIRO DE OBRAS,BOTINA NOBUCK MARLUVAS N35,UNI,1,178.38,178.38,178.38,PARADISO,2026-04
CANTEIRO DE OBRAS,VENTILADOR CLD 630,UNI,1,19233.00,19233.00,19233.00,PARADISO,2026-04
CANTEIRO DE OBRAS,MONITOR GAMER SAMSUNG 24'' FHD 100HZ HDMI BGA PRETO S3,UNI,1,535.00,535.00,535.00,VINHATICO,2026-03
CANTEIRO DE OBRAS,PACOTE 300 LITROS FLOCOS PARA ENCHIMENTO PUFF ARTESANATO,UNI,1,164.75,164.75,164.75,ARBO,2026-03
CANTEIRO DE OBRAS,FITA CREPE 48MM X 50M AZUL PREMIUM ATLAS,RL,1,30.00,30.00,30.00,MANUTENÇAO,2026-04
CANTEIRO DE OBRAS,IMPERMEABILIZANTE P/ PAREDE SUVIFLEX 18L SUVINIL,LT,1,429.00,429.00,429.00,MANUTENÇAO,2026-04
CANTEIRO DE OBRAS,LAVADORA DE ALTA PRESSAO WAP WL 1800 1400W 1500PSI,UNI,1,329.00,329.00,329.00,VINHATICO,2026-03
CANTEIRO DE OBRAS,PERFIL (PD) EX AL FSC L=1.1/4'' A=1/8'',UNI,1,86.00,86.00,86.00,DOWNTOWN,2026-04
CANTEIRO DE OBRAS,EPOXI PRIMER COLORSTEEL M N5 BRAZILIAN,GL,1,222.00,222.00,222.00,DOWNTOWN,2026-04
CANTEIRO DE OBRAS,BROCA SDS PLUS CONCRETO 8MM X 300MM,UNI,1,15.00,15.00,15.00,ARBO,2026-04
CANTEIRO DE OBRAS,"DISCO DIAM. 4""TURBO GRANITO MAKITA",UNI,1,12.00,12.00,12.00,ARBO,2026-04
CANTEIRO DE OBRAS,"GIRICA - CARRINHO ESPECIAL C/ ALÇA CH18 C/ PNEU E CAMARA 3.50X8""",UNI,1,837.00,837.00,837.00,ARBO,2026-06
CANTEIRO DE OBRAS,"CARRINHO CAÇAMBA P/ BLOCO CAP. 25 BLOCOS MEDIDA: 0,65 X 0,70 PNEU 4 LONAS 350X8",UNI,1,850.00,850.00,850.00,ARBO,2026-04
CANTEIRO DE OBRAS,"ARMARIO DE AÇO CH22 1,94X0,90X0,40 C/ 4 PRATELEIRAS AMAPA",UNI,1,759.00,759.00,759.00,VINHATICO,2026-05
CANTEIRO DE OBRAS,BOMBA TRANSFERENCIA OLEO DIESEL 12V C/ FILTRO 25L/MIN MAC-12 MACLUB,UNI,1,602.91,602.91,602.91,VINHATICO,2026-04
CANTEIRO DE OBRAS,ADESIVO JUNTA MOTOR 73GR DIESEL 3M,UNI,1,9.83,9.83,9.83,VINHATICO,2026-04
CANTEIRO DE OBRAS,OLEO DIESEL,UNI,1,1398.00,1398.00,1398.00,VINHATICO,2026-03
CANTEIRO DE OBRAS,GELADEIRA/FRIGOBAR,UNI,1,988.00,988.00,988.00,VINHATICO,2026-04
CANTEIRO DE OBRAS,THINNER 3500 5L DISSOLMINAS,UNI,1,228.99,228.99,228.99,DOWNTOWN,2026-04
CANTEIRO DE OBRAS,"TINTA SUVINIL FACHADA EMBORRACHADA BRANCO 3,6L",UNI,1,251.04,251.04,251.04,DOWNTOWN,2026-04
CANTEIRO DE OBRAS,CAPSULA DE CAFÉ NESPRESSO - 5 CX C/ 10,UNI,1,82.15,82.15,82.15,UPTOWN,2026-04
CANTEIRO DE OBRAS,AGUA MINERAL - 12 UNID,UNI,1,192.00,192.00,192.00,CELEBRATION,2026-04
CANTEIRO DE OBRAS,CINTA POLESTER SLING 300MM C/ 8M CAPACIDADE 10TON,UNI,1,1200.00,1200.00,1200.00,CELEBRATION,2026-04
CANTEIRO DE OBRAS,"LAÇO TIPO C AA-6-25 16,00MM X 8M OLHAIS NORMAIS",UNI,1,330.00,330.00,330.00,CELEBRATION,2026-04
CANTEIRO DE OBRAS,MANILHA TIPO RETA 1.1/2'',UNI,1,500.00,500.00,500.00,CELEBRATION,2026-04
CANTEIRO DE OBRAS,AGUA 20L - 32 UNID,UNI,1,544.00,544.00,544.00,ARBO,2026-04
CANTEIRO DE OBRAS,THINNER TH007 P/ LIMPEZA ANJO 18L,UNI,1,532.00,532.00,532.00,DOWNTOWN,2026-04
CANTEIRO DE OBRAS,"TELHA TERMOFORRO SUP. P NATURAL EPS 30 - INF GALVALUME PRÉ-PINTADA 0,43 BRANCO RAL 9003",M,1,143.56,143.56,143.56,DOWNTOWN,2026-07
CANTEIRO DE OBRAS,MANGUEIRA AR PNEUMATICA 5/16 PRETA 300PSI,M,1,4.81,4.81,4.81,ARBO,2026-05
CANTEIRO DE OBRAS,BICO ENCHER PNEU DUPLO 180MM BDV1550 VONDER,UNI,1,25.49,25.49,25.49,ARBO,2026-05
CANTEIRO DE OBRAS,CHALEIRA ELETRICA ELECTROLUX EFFIC EEK10 18L INOX 110V,UNI,1,159.00,159.00,159.00,VINHATICO,2026-04
CANTEIRO DE OBRAS,ESPUMA PEDREIRO CINZA C/ 50UNID.,PCT,1,120.00,120.00,120.00,ARBO,2026-05
CANTEIRO DE OBRAS,ESQUADRO CB ALUMI.14=35CM STARRETT,UN,1,75.00,75.00,75.00,ARBO,2026-05
CANTEIRO DE OBRAS,BICO TORNEIRA 3/4 X 1/2 GARDEN ZAMAC,UNI,1,3.90,3.90,3.90,VINHATICO,2026-05
CANTEIRO DE OBRAS,ESGUICHO TIPO ECLIPSE 1/2'' GARDEN,UNI,1,26.90,26.90,26.90,VINHATICO,2026-05
CANTEIRO DE OBRAS,ABRAÇADEIRA RSF 13 A 19MM 1/2'' X 3/4'' INCA,UNI,1,1.50,1.50,1.50,VINHATICO,2026-05
CANTEIRO DE OBRAS,"MANGUEIRA PT500 1/2'' X 2,7 50M PT SUNFLEZ",UNI,1,259.90,259.90,259.90,VINHATICO,2026-05
CANTEIRO DE OBRAS,BOCAL PARA BAFOMETRO R D 900 - 5 UNID,UNI,1,199.80,199.80,199.80,PARADISO,2026-03
CANTEIRO DE OBRAS,BAFOMETRO DIGITAL ESTILOMETRO PORTATIL LOD 2.5H MEDIR ALCOOL,UNI,1,218.62,218.62,218.62,PARADISO,2026-03
CANTEIRO DE OBRAS,"TELA CERQUITE AZUL E BRANCO 1,20 X 50",RL,1,131.98,131.98,131.98,VINHATICO,2026-03
CANTEIRO DE OBRAS,BROCA SDS PLUS CONCRETO 14MM X 160MM,UN,1,19.24,19.24,19.24,PARADISO,2026-05
CANTEIRO DE OBRAS,PARAFUSADEIRA /FURADEIRA 18V 1BAT.IMP.DHP482 MANDRIL 1/2'' BIVOLT MAKITA,UN,1,700.00,700.00,700.00,PARADISO,2026-05
CANTEIRO DE OBRAS,SERRA 12X18 BIMETALI. C/10 STARRET,CX,1,110.00,110.00,110.00,PARADISO,2026-05
CANTEIRO DE OBRAS,"PARAFUSO A. ATAR. CABEÇA PANELA PHILIPS 4,8 X 38MM",UN,1,0.17,0.17,0.17,PARADISO,2026-05
CANTEIRO DE OBRAS,BUCHA EM NYLON S-6,UN,1,0.15,0.15,0.15,PARADISO,2026-05
CANTEIRO DE OBRAS,BROCA P/ VIDRO 6MM,UNI,1,16.61,16.61,16.61,PARADISO,2026-05
CANTEIRO DE OBRAS,BROCA P/ VIDRO 8MM,UNI,1,19.64,19.64,19.64,PARADISO,2026-05
CANTEIRO DE OBRAS,CHAVE DE BOCA 21 X 23MM,UNI,1,24.92,24.92,24.92,PARADISO,2026-05
CANTEIRO DE OBRAS,CHAVE DE BOCA 24 X 26MM,UNI,1,30.50,30.50,30.50,PARADISO,2026-05
CANTEIRO DE OBRAS,"DISCO CORTE INOX 7'' X 1/16'' X 7/8'' (178 X 1,6 X 22,2MM) STARRET",UN,1,6.90,6.90,6.90,ARBO,2026-05
CANTEIRO DE OBRAS,ROLO ATLAS 321/15 DE LA ANTI-GOTA,UNI,1,31.96,31.96,31.96,MANUTENÇAO,2026-05
CANTEIRO DE OBRAS,BOTINA NOBUCK S/B MARLUVAS CA32816 N-42,UNI,1,183.90,183.90,183.90,ARBO,2026-05
CANTEIRO DE OBRAS,ESQUADRIAS PRONTAS EM ALUMINIO,UNI,1,13285.99,13285.99,13285.99,DOWNTOWN,2026-04
CANTEIRO DE OBRAS,AGUA 20L - 28 UNID,UNI,1,476.00,476.00,476.00,ARBO,2026-04
CANTEIRO DE OBRAS,CONE LARANJA/BRANCO 75CM,UNI,1,37.90,37.90,37.90,VINHATICO,2026-05
CANTEIRO DE OBRAS,FITA ZEBRADA AMARELA/PRETA PLASTCOR 100 MTS,UNI,1,12.90,12.90,12.90,VINHATICO,2026-05
CANTEIRO DE OBRAS,"ARMARIO DE AÇO PA70 1,66X0,75X0,35M C/ 3 PRATELEIRAS",UNI,1,540.00,540.00,540.00,VINHATICO,2026-05
CANTEIRO DE OBRAS,COLHER PARA PEDREIRO N7,UNI,1,14.00,14.00,14.00,VINHATICO,2026-05
CANTEIRO DE OBRAS,COLHER PARA PEDREIRO N9,UNI,1,20.00,20.00,20.00,VINHATICO,2026-05
CANTEIRO DE OBRAS,KIT CHAVE DE FENDA/PHILIPS 5PÇS,UNI,1,46.00,46.00,46.00,VINHATICO,2026-05
CANTEIRO DE OBRAS,"ADAPTADOR PARA MANDRIL 1/2""",UNI,1,26.00,26.00,26.00,VINHATICO,2026-05
CANTEIRO DE OBRAS,"DISCO CORTE DE AÇO INOX 4 1/2"" X1,0 NORTON",UNI,1,3.00,3.00,3.00,VINHATICO,2026-05
CANTEIRO DE OBRAS,JOGO CHAVE COMBINADA 12PCS TRAMONTINA,UNI,1,105.50,105.50,105.50,VINHATICO,2026-05
CANTEIRO DE OBRAS,DISCO DIAMANTADO P/ SERRA MARMORE 105MM DIAMANTE AZUL,UNI,1,29.90,29.90,29.90,PARADISO,2026-05
CANTEIRO DE OBRAS,"PINO C/ ROSCA AÇAO INDIRETA 1/4"" 27 X 20 CAL 27 C/ 100",PCT,1,47.90,47.90,47.90,PARADISO,2026-04
CANTEIRO DE OBRAS,PINCEL ACHATADO 2 915/2 ATLAS,UN,1,8.40,8.40,8.40,VINHATICO,2026-05
CANTEIRO DE OBRAS,ROLO ESPUMA 9CM C/ SUPORTE REF 406/9 ATLAS,UN,1,14.20,14.20,14.20,VINHATICO,2026-05
CANTEIRO DE OBRAS,COLHER PEDREIRO N08 BELLOTA,UNI,1,28.90,28.90,28.90,ARBO,2026-05
CANTEIRO DE OBRAS,PA DE BICO TRAMONTINA 120CM C/C,UNI,1,52.50,52.50,52.50,CELEBRATION,2026-04
CANTEIRO DE OBRAS,RESISTENCIA 220V 2500W - 2 UNID.,UNI,1,272.00,272.00,272.00,ARBO,2026-04
CANTEIRO DE OBRAS,"ESCADA 13 DEGRAUS DE ALUMÍNIO EXTENSIVA ART. 6,98M",UNI,1,936.92,936.92,936.92,VINHATICO,2026-05
CANTEIRO DE OBRAS,TALHADEIRA SDS MAX 80X300MM D-34241 MAKITA,UNI,1,107.42,107.42,107.42,VINHATICO,2026-05
CANTEIRO DE OBRAS,PEGADOR PECAS MAGNETICO TELESCOPIO ALUM 96CM VONDER,UNI,1,95.14,95.14,95.14,VINHATICO,2026-05
CANTEIRO DE OBRAS,DISCO PARA SERRA CLIPPER 14 350MM CONCRETO E ASFALTO FLX-CUT S50 PRATA - 4 UNID.,UNI,1,1120.00,1120.00,1120.00,MANUTENÇAO,2026-05
CANTEIRO DE OBRAS,ESQUADRO DE ALUMINIO REFORÇADO C/ FRISO 1M X 80CM,UNI,1,174.22,174.22,174.22,VINHATICO,2026-05
CANTEIRO DE OBRAS,TALHADEIRA SDS MAX 18X400X25MM,UN,1,41.08,41.08,41.08,VINHATICO,2026-05
CANTEIRO DE OBRAS,PONTEIRO SEXTAVADO 28X520MM,UN,1,138.37,138.37,138.37,VINHATICO,2026-05
CANTEIRO DE OBRAS,TALHADEIRA SEXTAVADA 28X520X33MM,UN,1,136.35,136.35,136.35,VINHATICO,2026-05
CANTEIRO DE OBRAS,FECHADURA STAM EXT 804/33 ESP INOX,UNI,1,77.00,77.00,77.00,DOWNTOWN,2026-04
CANTEIRO DE OBRAS,"SALVA PINTURA 0,55 X 20M SALVABRAS",UNI,1,159.00,159.00,159.00,PARADISO,2026-04
CANTEIRO DE OBRAS,PERFIL CANTONEIRA FRISADA P/ ARREMATE DE ESCADA - ME013 ACAB. AL FOSCO C/ 6M,UNI,1,71.00,71.00,71.00,PARADISO,2026-06
CANTEIRO DE OBRAS,ARAME DUPLO RET BWG18 24MM,UNI,1,144.23,144.23,144.23,ARBO,2026-05
CANTEIRO DE OBRAS,PISTOLA P/ APLICAR SILICONE PU CORTAG PROFISSIONAL,UNI,1,68.40,68.40,68.40,MANUTENÇAO,2026-05
CANTEIRO DE OBRAS,DESEMPENADEIRA 305/00 GESSO GALO 12X29,UNI,1,74.50,74.50,74.50,PARADISO,2026-05
CANTEIRO DE OBRAS,"ESTANTE AÇO C/ 4 COLUNAS REFORÇADA CH18 E 6 BANDEJAS CH22 MEDIDAS 1,98X0,92X0,30",UNI,1,425.00,425.00,425.00,SANTA CATARINA,2026-06
CANTEIRO DE OBRAS,VASELINA INDUSTRIAL SOLIDA 1KG,UNI,1,46.08,46.08,46.08,PARADISO,2026-06
CANTEIRO DE OBRAS,PLACA EM AÇO GALVANIZADO - MEDIDAS 60X60CM,UNI,1,295.00,295.00,295.00,VINHATICO,2026-05
CANTEIRO DE OBRAS,CAPSULA DE CAFÉ EXPRESSO SUPREMO TRES CORAÇÕES CX 10UNI,CX,1,24.40,24.40,24.40,UPTOWN,2026-04
CANTEIRO DE OBRAS,TALHADEIRA SDS MAX 25X400MM D-34469 MAKITA,UNI,1,54.50,54.50,54.50,PARADISO,2026-06
CANTEIRO DE OBRAS,ESPATULA AÇO 10CM,UNI,1,14.06,14.06,14.06,PARADISO,2026-06
CANTEIRO DE OBRAS,"ABRAÇADEIRA DE NYLON 3,6 X 150MM T-30R BRANCA C/ 100 HELLERMANN",PCT,1,12.51,12.51,12.51,PARADISO,2026-06
CANTEIRO DE OBRAS,"ABRAÇADEIRA DE NYLON 3,6 X 300MM BRANCA C/ 100",PCT,1,21.82,21.82,21.82,PARADISO,2026-06
CANTEIRO DE OBRAS,"CAPA PARA MESA DE RESTAURANTE, BAR, LANCHONETE AZUL 10 UNID.",UNI,1,119.61,119.61,119.61,VINHATICO,2026-05
CANTEIRO DE OBRAS,KIT SOS 250GR - ADESIVOS,UNI,1,55.50,55.50,55.50,MANUTENÇAO,2026-05
CANTEIRO DE OBRAS,TIJOLO FURADO 29X19X09 BRAUNAS,UNI,1,1.90,1.90,1.90,PARADISO,2026-06
CANTEIRO DE OBRAS,"ABRAÇADEIRA NYLON 4,8MM X 300MM",UNI,1,0.40,0.40,0.40,PARADISO,2026-06
CANTEIRO DE OBRAS,ROTEADOR WIRELESS W6 - 1500 E CABO CCI 50X4 PARES 200M CZ,UNI,1,1100.00,1100.00,1100.00,VINHATICO,2026-05
CANTEIRO DE OBRAS,LONA PARA OUTDOOR,UNI,1,3490.00,3490.00,3490.00,VINHATICO,2026-05
CANTEIRO DE OBRAS,MARRETA C/ CABO 10KG,UNI,1,283.70,283.70,283.70,VINHATICO,2026-06
CANTEIRO DE OBRAS,MARRETA C/ CABO 5KG,UNI,1,126.59,126.59,126.59,VINHATICO,2026-06
CANTEIRO DE OBRAS,CINTA DE POLIESTER IMP.SLING VERT 7:1 -4 TON X 6 MT,UNI,1,230.00,230.00,230.00,VINHATICO,2026-06
CANTEIRO DE OBRAS,CINTA DE POLIESTER IMP.SLING VERT 7:1 -2 TON X 4 MT,UNI,1,94.00,94.00,94.00,VINHATICO,2026-06
CANTEIRO DE OBRAS,ABAFADOR CONCHA CA33055,UNI,1,16.50,16.50,16.50,VINHATICO,2026-06
CANTEIRO DE OBRAS,"DISCO DIAMANTADO 350MM ASFALTO/CONCRETO 25,4MM",UNI,1,201.81,201.81,201.81,CELEBRATION,2026-06
CANTEIRO DE OBRAS,"CORTADOR FERRO/PEDRA C/ DISCO 350MM 66,7 CM 4.4CV TS420 STIHL",UNI,1,4907.09,4907.09,4907.09,CELEBRATION,2026-06
CANTEIRO DE OBRAS,CHUMBADOR FAST BOLT 3/8'',UNI,1,3.50,3.50,3.50,PARADISO,2026-06
CANTEIRO DE OBRAS,PARAFUSO OLHAL DIN 580 3/8'' CARGA 230KG,UNI,1,16.00,16.00,16.00,PARADISO,2026-06
CANTEIRO DE OBRAS,BROCA SDS PLUS CONCRETO 10MM X 260MM,UNI,1,16.48,16.48,16.48,ARBO,2026-06
CANTEIRO DE OBRAS,BROCA SDS PLUS CONCRETO 8MM X 210MM,UNI,1,15.64,15.64,15.64,ARBO,2026-06
CANTEIRO DE OBRAS,BROCA SDS PLUS CONCRETO 12MM X 260MM,UNI,1,18.12,18.12,18.12,ARBO,2026-06
CANTEIRO DE OBRAS,BROCA SDS PLUS CONCRETO 16MM X 260MM,UNI,1,26.35,26.35,26.35,ARBO,2026-06
CANTEIRO DE OBRAS,BROCA SDS PLUS CONCRETO 18MM X 260MM,UNI,1,37.84,37.84,37.84,ARBO,2026-06
CANTEIRO DE OBRAS,BROCA SDS PLUS CONCRETO 25MM X 260MM,UNI,1,59.53,59.53,59.53,ARBO,2026-06
CANTEIRO DE OBRAS,COLHER P/ PEDREIRO N10,UNI,1,22.59,22.59,22.59,ARBO,2026-06
CANTEIRO DE OBRAS,"HASTE ADAPTADORA SDS PLUS 1/2""",UNI,1,16.61,16.61,16.61,ARBO,2026-06
CANTEIRO DE OBRAS,ESPAÇADOR CIRCULAR PLASTICO 25MM,UN,1,0.43,0.43,0.43,ARBO,2026-06
CANTEIRO DE OBRAS,TRENA METALICA C/ TRAVA 10M,UN,1,47.90,47.90,47.90,ARBO,2026-06
CANTEIRO DE OBRAS,VENTILADOR DE MESA 40CM 220V,UNI,1,189.90,189.90,189.90,VINHATICO,2026-06
CANTEIRO DE OBRAS,ROLO DE LA CARNEIRO 23CM S/ SUPORTE,UNI,1,25.26,25.26,25.26,VINHATICO,2026-06
CANTEIRO DE OBRAS,SERRA CIRCULAR MANUAL 7.1/4'' GKS150 1500W BOSCH 220V,UNI,1,847.43,847.43,847.43,VINHATICO,2026-06
CANTEIRO DE OBRAS,ACOPLADOR HIDRAULICO P/ GRAXA C/ ENGATE RAP 10000 PSI 300-ER BOZZA,UNI,1,73.23,73.23,73.23,VINHATICO,2026-06
CANTEIRO DE OBRAS,DISCO DIAMANTADO SEGMENTADO 110X20 16MM CORTAG,UNI,1,13.10,13.10,13.10,ARBO,2026-06
CANTEIRO DE OBRAS,FIX 2 ADESIVO TYTAN PROFISSIONAL 290ML/423G BRANCO,UNI,1,103.90,103.90,103.90,PARADISO,2026-05
CANTEIRO DE OBRAS,PORTA CARTAO MAGNETICO ONIBUS BILHETE ÚNICO C/ 100 TRANSPARENTE,UNI,1,119.12,119.12,119.12,ESCRITORIO LOURDES,2026-05
CANTEIRO DE OBRAS,BROCA SDS PLUS CONCRETO 20MM X 260MM,UN,1,46.46,46.46,46.46,VINHATICO,2026-06
CANTEIRO DE OBRAS,"KIT CHAVE ALLEN 9PÇS 1,5 A 10MM",UN,1,19.89,19.89,19.89,VINHATICO,2026-06
CANTEIRO DE OBRAS,ALICATE UNIVERSAL 8'',UN,1,32.98,32.98,32.98,VINHATICO,2026-06
CANTEIRO DE OBRAS,JOGO CHAVE DE BOCA COMBINADA 12PÇS,UN,1,132.79,132.79,132.79,VINHATICO,2026-06
CANTEIRO DE OBRAS,BICO TORNEIRA 3/4''X1/2'' ZAMAC POP,UN,1,3.78,3.78,3.78,VINHATICO,2026-06
CANTEIRO DE OBRAS,"TRINCHA 3"" ATLAS",UN,1,13.48,13.48,13.48,PARADISO,2026-06
CANTEIRO DE OBRAS,"ABRAÇADEIRA DE NYLON 3,6 X 350MM C/ 100",PCT,1,28.61,28.61,28.61,PARADISO,2026-06
CANTEIRO DE OBRAS,BROCA CHATA IRWIN LONGA 1'',UN,1,67.90,67.90,67.90,VINHATICO,2026-06
CANTEIRO DE OBRAS,BROCA CHATA IRWIN LONGA 3/4'',UN,1,50.90,50.90,50.90,VINHATICO,2026-06
CANTEIRO DE OBRAS,"BROCA CHATA P/ MADEIRA 1""",UN,1,10.90,10.90,10.90,VINHATICO,2026-06
CANTEIRO DE OBRAS,BROCA CHATA P/ MADEIRA 3/4'',UN,1,9.90,9.90,9.90,VINHATICO,2026-06
CANTEIRO DE OBRAS,BROCA MOURAO MADEIRA 3/8'' X 320,UN,1,15.90,15.90,15.90,VINHATICO,2026-06
CANTEIRO DE OBRAS,"MANGUEIRA DE JARDIM DE 1/2"" PRETA REFORÇADA C/ 50M",RL,1,261.80,261.80,261.80,PARADISO,2026-06
CANTEIRO DE OBRAS,DESEMPENADEIRA LISA 18X30CM,UNI,1,9.50,9.50,9.50,ARBO,2026-06
CANTEIRO DE OBRAS,"BROCA WIDEA ENCAIXE RAPIDO 6,0X210MM",UNI,1,37.20,37.20,37.20,PARADISO,2026-05
CANTEIRO DE OBRAS,GRUA C3,UNI,1,86000.00,86000.00,86000.00,ESCRITORIO LOURDES,2026-05
CANTEIRO DE OBRAS,PONTEIRO SDS MAX 400MM D-34198 MAKITA,UNI,1,108.16,108.16,108.16,VINHATICO,2026-06
CANTEIRO DE OBRAS,TALHADEIRA P/ MARTELETE 10KG SDS MAX D-34229 MAKITA,UNI,1,108.16,108.16,108.16,VINHATICO,2026-06
CANTEIRO DE OBRAS,CINTO DE SEGURANÇA CARBOGRAFITE PARAQUEDISTA CG780E 2,UNI,1,131.44,131.44,131.44,VINHATICO,2026-06
CANTEIRO DE OBRAS,TALABARTE CARBOGRAFITE EM Y CG-391,UNI,1,220.68,220.68,220.68,VINHATICO,2026-06
CANTEIRO DE OBRAS,"REPAST. BROCA P/ PERFURATRIZ 4.1/4'' (107,95MM)",UNI,1,954.00,954.00,954.00,PARADISO,2026-06
CANTEIRO DE OBRAS,ANEL DE ANCORAGEM INOX,UNI,1,95.00,95.00,95.00,PARADISO,2026-06
CANTEIRO DE OBRAS,PARABOLT PBA 1/2'' COM PORCA GALVANIZADO,UNI,1,15.00,15.00,15.00,PARADISO,2026-06
CANTEIRO DE OBRAS,FITA CREPE 48MMX50M AZUL,rolo,1,24.15,24.15,24.15,PARADISO,2026-06
CANTEIRO DE OBRAS,"ESPAÇADOR NIVELADOR 1,5MM C/ 500",PCT,1,104.66,104.66,104.66,PARADISO,2026-06
CANTEIRO DE OBRAS,DISCO LIXA VELCRO C/ FURO 220 C/ 10,PCT,1,21.24,21.24,21.24,PARADISO,2026-06
CANTEIRO DE OBRAS,ROLO DE LA CARNEIRO ANTIGOTAS S/ SUPORTE 23CM,UN,1,26.68,26.68,26.68,PARADISO,2026-06
CANTEIRO DE OBRAS,"TRINCHA 2.1/2"" ATLAS",UN,1,9.60,9.60,9.60,PARADISO,2026-06
CANTEIRO DE OBRAS,COLA INSTANTÂNEA 100G TEKBOND 793-A,UN,1,30.55,30.55,30.55,PARADISO,2026-06
CANTEIRO DE OBRAS,BALDE ALUMINIO GRADUADO 20L,UNI,1,325.35,325.35,325.35,ARBO,2026-06
CANTEIRO DE OBRAS,MACARICO PORTATIL GAS MAPP IGN.AUTOMAT VONDER,UNI,1,366.82,366.82,366.82,VINHATICO,2026-06
CANTEIRO DE OBRAS,REFIL PARA MACARICO 400GR GAS MAPP,UNI,1,44.92,44.92,44.92,VINHATICO,2026-06
CANTEIRO DE OBRAS,PISO LAMINADO DURAFLOOR NEW WAY AMENDOLA CURACAO (TUDO INCLUSO) - 13M2,UNI,1,3362.62,3362.62,3362.62,DOWNTOWN,2026-06
CANTEIRO DE OBRAS,LETREIRO EM ACRILICO,UNI,1,880.00,880.00,880.00,VINHATICO,2026-05
CANTEIRO DE OBRAS,"PERFIL CH 1,20 FF",KG,1,10.50,10.50,10.50,PARADISO,2026-06
CANTEIRO DE OBRAS,LAMINA P/ ESTILETE 18MM LOTUS C/10,UNI,1,4.50,4.50,4.50,VINHATICO,2026-06
CANTEIRO DE OBRAS,RODA 325X8 E PNEU C/ CAMARA E ROLAMENTO PARA CARRINHO PLATAFORMA,UNI,1,121.50,121.50,121.50,ARBO,2026-07
CANTEIRO DE OBRAS,CABO P/ MARTELO,UNI,1,10.50,10.50,10.50,ARBO,2026-07
CANTEIRO DE OBRAS,MARRETA C/ CABO 3KG,UNI,1,87.50,87.50,87.50,ARBO,2026-07
CANTEIRO DE OBRAS,EIXO PARA CARRINHO DE MÃO,UNI,1,13.90,13.90,13.90,ARBO,2026-07
CANTEIRO DE OBRAS,"DISCO CORTE 4.1/2'' X 3/64'' X 7/8'' (115 X 1,0 X 22,23MM)",UNI,1,1.87,1.87,1.87,VINHATICO,2026-07
CANTEIRO DE OBRAS,"DISCO DIAMANTADO 228MM FURO 25,4MM TURBO VERMELHO BRASKOKI",UNI,1,116.75,116.75,116.75,VINHATICO,2026-07
CANTEIRO DE OBRAS,BROCA DE AÇO RÁPIDO 4MM,UNI,1,4.37,4.37,4.37,ARBO,2026-07
CANTEIRO DE OBRAS,CADEADO 25MM,UNI,1,19.89,19.89,19.89,ARBO,2026-07
CANTEIRO DE OBRAS,"STO PRIMER SMOOTH - COR TSW 27,22 KG",UNI,1,276.88,276.88,276.88,MANUTENÇAO,2026-05
CANTEIRO DE OBRAS,"TEXTURA STOTEX 1.0 - CORES TWS 31,75 KG",UNI,1,238.70,238.70,238.70,MANUTENÇAO,2026-05
CANTEIRO DE OBRAS,ARAME RECOZIDO TORCIDO,UNI,1,9.50,9.50,9.50,ARBO,2026-05
CANTEIRO DE OBRAS,ADESIVO EM IMPRESSAO DIGITAL,UNI,1,210.00,210.00,210.00,VINHATICO,2026-06
CANTEIRO DE OBRAS,TOTEM,UNI,1,590.00,590.00,590.00,VINHATICO,2026-06
CANTEIRO DE OBRAS,"GARRAFAO TERMICO 5,0L INVICTA AZUL",UNI,1,41.61,41.61,41.61,ARBO,2026-07
CANTEIRO DE OBRAS,"TELHA GALVALUME 0,43MM C/ 6M NATURAL",UNI,1,238.86,238.86,238.86,VINHATICO,2026-07
CANTEIRO DE OBRAS,BROCA CHATA P/ MADEIRA 3/8'',UNI,1,23.90,23.90,23.90,VINHATICO,2026-07
CANTEIRO DE OBRAS,BROCA CHATA LONGA 3/8'',UNI,1,44.90,44.90,44.90,VINHATICO,2026-07
CANTEIRO DE OBRAS,MARTELO 29MM SUPER PRO BELLOTA,UNI,1,99.90,99.90,99.90,VINHATICO,2026-07
CANTEIRO DE OBRAS,"TELA TAPUME 1,20 X 50M AZUL E BRANCA",RO,1,148.31,148.31,148.31,VINHATICO,2026-07
CANTEIRO DE OBRAS,FITA ZEBRADA 70MM X 200M,RO,1,14.55,14.55,14.55,VINHATICO,2026-07
CANTEIRO DE OBRAS,"ALAVANCA AÇO LISA PONTA CHATA/CONICA 1'' X 1,50M",UNI,1,106.60,106.60,106.60,UPTOWN,2026-07
CANTEIRO DE OBRAS,CHUMBADOR BOLT FWA 5/8''X5 FISCHER,UNI,1,7.12,7.12,7.12,ARBO,2026-07
CANTEIRO DE OBRAS,JOGO CHAVE DE FENDA / PHILLIPS 5PÇS TRAMONTINA,UNI,1,33.72,33.72,33.72,ARBO,2026-07
CANTEIRO DE OBRAS,CLIPS GALVANIZADO LEVE 5/16'',UNI,1,1.71,1.71,1.71,ARBO,2026-07
CANTEIRO DE OBRAS,"PARAFUSO FIXER 4,0 X 50 CHT PH",UNI,1,0.17,0.17,0.17,PARADISO,2026-07
CANTEIRO DE OBRAS,BUCHA S-6 PLASTICA,UNI,1,0.04,0.04,0.04,PARADISO,2026-07
CANTEIRO DE OBRAS,"CABO DE AÇO GALVANIZADO AF 6X19 9,5MM",M,1,13.00,13.00,13.00,VINHATICO,2026-07
CANTEIRO DE OBRAS,PLACA SINALIZAÇAO VARIADAS,UNI,1,5172.50,5172.50,5172.50,PARADISO,2026-07
CANTEIRO DE OBRAS,PILHA RECARREGAVEL AA C/ 4 UNID.,UNI,1,103.80,103.80,103.80,VINHATICO,2026-06
CANTEIRO DE OBRAS,CARREGADOR DE PILHAS PHILIPS AA AAA C/ 4 PILHAS AA 2450MAH,UNI,1,128.75,128.75,128.75,VINHATICO,2026-06
CANTEIRO DE OBRAS,"DISCO P/ POLICORTE 14"" X 1/8"" X 1"" (355X3X25,4MM)",UNI,1,24.90,24.90,24.90,VINHATICO,2026-07
CANTEIRO DE OBRAS,BROCA CHATA LONGA 1,UNI,1,70.50,70.50,70.50,VINHATICO,2026-07
CANTEIRO DE OBRAS,CADEADO 30MM,UN,1,23.90,23.90,23.90,ARBO,2026-07
CANTEIRO DE OBRAS,CORRENTE DE AÇO 8MM,M,1,26.90,26.90,26.90,ARBO,2026-07
CANTEIRO DE OBRAS,ARMARIO MULT CLEN NATURE/PRETO,UNI,1,227.00,227.00,227.00,ARBO,2026-06
CANTEIRO DE OBRAS,SUPORTE PARA TABLET DOBRAVEL 360 COR SUPORTE GIRATORIO PARA TABLET,UNI,1,28.65,28.65,28.65,ESCRITORIO LOURDES,2026-06
CANTEIRO DE OBRAS,AREIA E CIMENTO,UNI,1,664.50,664.50,664.50,UPTOWN,2026-07
CANTEIRO DE OBRAS,LAMINA SERRA FLEXIVEL 2UN,UNI,1,29.89,29.89,29.89,PARADISO,2026-07
CANTEIRO DE OBRAS,"ARRUELA LISA GALVANIZADA 1/4""",UNI,1,0.17,0.17,0.17,PARADISO,2026-07
CANTEIRO DE OBRAS,PORCA SEXTAVADA GALVANIZADA 1/4'',UNI,1,0.12,0.12,0.12,PARADISO,2026-07
CANTEIRO DE OBRAS,CHUMBADOR CONE/JAQUETA GALVANIZADO 1/4'',UNI,1,0.83,0.83,0.83,PARADISO,2026-07
CANTEIRO DE OBRAS,PERFILADO GALVANIZADO PERFURADO 38X38MMX3M,UNI,1,26.16,26.16,26.16,PARADISO,2026-07
CANTEIRO DE OBRAS,ABRAÇADEIRA U PERFIL 1.1/2'',UNI,1,3.46,3.46,3.46,PARADISO,2026-07
CANTEIRO DE OBRAS,REMOVEDOR PASTOSO 900ML X 6 MAXI RUBBER,CX,1,300.00,300.00,300.00,PARADISO,2026-07
CANTEIRO DE OBRAS,PALHA DE AÇO N2 8PCT X 20UN X 22G,FD,1,160.00,160.00,160.00,PARADISO,2026-07
CANTEIRO DE OBRAS,COLA BRANCA PVA 5KG CASCOREZ,UNID,1,160.00,160.00,160.00,PARADISO,2026-07
CANTEIRO DE OBRAS,LIXA D'AGUA GRANA 100 C/ 50,PCT,1,75.00,75.00,75.00,PARADISO,2026-07
CANTEIRO DE OBRAS,SACO DE RAFIA,UNI,1,2.75,2.75,2.75,MANUTENÇAO,2026-07
CANTEIRO DE OBRAS,NOBREAK PREMIUM SENOIDAL 1500 VA BI/BI WI-FI,UNI,1,2424.00,2424.00,2424.00,VINHATICO,2026-06
CANTEIRO DE OBRAS,ESPAÇADOR CADEIRINHA ETP 17 C/ 1000 PÇS,PCT,1,590.25,590.25,590.25,VINHATICO,2026-07
CANTEIRO DE OBRAS,CHAPA DE ISOPOR EPS FL 1000X500X20MM,UNI,1,5.83,5.83,5.83,VINHATICO,2026-08
CANTEIRO DE OBRAS,BOMBA GRAXA PNEUMATICA 500GR 7029-AIR BOZZA,UNI,1,344.52,344.52,344.52,ARBO,2026-08
CANTEIRO DE OBRAS,GRAXA 1KG,UNI,1,79.84,79.84,79.84,ARBO,2026-08
CANTEIRO DE OBRAS,CABO ADPATADOR,UNI,1,19.77,19.77,19.77,PRISBEL,2026-07
CANTEIRO DE OBRAS,TABLETE SAMSUNG,UNI,1,1449.00,1449.00,1449.00,CELEBRATION,2026-07
CANTEIRO DE OBRAS,"CAFETEIRA ELETRICA OSTER JARRA INOX 1,2L 127V 750W",UNI,1,176.90,176.90,176.90,VINHATICO,2026-07
CANTEIRO DE OBRAS,CLIPS GALVANIZADO 3/4'',UNI,1,9.00,9.00,9.00,ARBO,2026-08
CANTEIRO DE OBRAS,"BLOCO DE CONCRETO ESTRUTURAL 14X19X19CM 10,0MPA NBR6136",UNI,1,2.32,2.32,2.32,ARBO,2026-08
CANTEIRO DE OBRAS,"BLOCO DE CONCRETO ESTRUTURAL 14X19X54CM 10,0MPA NBR6136",UNI,1,5.72,5.72,5.72,ARBO,2026-08
CANTEIRO DE OBRAS,"CANALETA DE CONCRETO TIPO U 14X19X19CM 10,0MPA NBR6062",UNI,1,2.99,2.99,2.99,ARBO,2026-08
CANTEIRO DE OBRAS,"CANALETA DE CONCRETO TIPO J 14X19X19X31 10,0MPA NBR9062",UNI,1,4.07,4.07,4.07,ARBO,2026-08
CANTEIRO DE OBRAS,"BLOCO DE CONCRETO ESTRUTURAL 14X19X14CM 10,0MPA NBR6136",UNI,1,1.93,1.93,1.93,ARBO,2026-08
CANTEIRO DE OBRAS,"BLOCO DE CONCRETO ESTRUTURAL 14X19X09CM 10,0MPA NBR6136",UNI,1,1.61,1.61,1.61,ARBO,2026-08
CANTEIRO DE OBRAS,"BLOCO DE CONCRETO ESTRUTURAL 14X19X34CM 10,0MPA NBR6136",UNI,1,4.09,4.09,4.09,ARBO,2026-08
CANTEIRO DE OBRAS,"CHUMBADOR MECÂNICO DIAMETRO 1/2'' X 101,6MM",UNI,1,6.70,6.70,6.70,ARBO,2026-08
CANTEIRO DE OBRAS,VASSOURA PELO 40CM,UNI,1,49.90,49.90,49.90,PARADISO,2026-08
CANTEIRO DE OBRAS,ESCADA ABRE/ESTENDE 07 A 13 DEGRAUS AÇO IMARC ATÉ 100KG,UNI,1,250.00,250.00,250.00,ARBO,2026-08
CANTEIRO DE OBRAS,ESPATULA AÇO,UNI,1,20.00,20.00,20.00,PARADISO,2026-08
CANTEIRO DE OBRAS,FOLHA LIXA,UNI,1,7.00,7.00,7.00,PARADISO,2026-08
CANTEIRO DE OBRAS,FUNDO PREPARADOR,UNI,1,299.00,299.00,299.00,PARADISO,2026-08
CANTEIRO DE OBRAS,TALHADEIRA SDS MAX,UNI,1,40.00,40.00,40.00,PARADISO,2026-07
CANTEIRO DE OBRAS,PONTEIRO SDS MAX,UNI,1,85.60,85.60,85.60,PARADISO,2026-07
CANTEIRO DE OBRAS,ANTIFERRUGEM 300ML WD 40,UNI,1,127.60,127.60,127.60,PARADISO,2026-07
CANTEIRO DE OBRAS,PROTETOR PARA AÇO - PA,UNI,1,0.67,0.67,0.67,ARBO,2026-08
CANTEIRO DE OBRAS,VASSOURA PIAÇAVA N°3,UNI,1,34.59,34.59,34.59,MANUTENÇAO,2026-08
CANTEIRO DE OBRAS,BLOCO EPS T1F 1000 X 500 X 20MM,UNI,1,5.00,5.00,5.00,VINHATICO,2026-08
CANTEIRO DE OBRAS,CINTA DE POLIESTER IMP.SLING VERT 7:1 - 1 TON X 4 MT,UNI,1,65.00,65.00,65.00,ARBO,2026-08
CIMENTICIOS,ARGAMASSA MULTIPLO USO CINZA SC 40KG NBR13281,SC,15,13.10,15.77,18.69,ARBO|CELEBRATION|PARADISO,2026-08
CIMENTICIOS,ARGAMASSA COLANTE AC III CINZA SC 20KG NBR14081,SC,14,20.37,22.42,24.95,MANUTENÇAO|PARADISO,2026-08
CIMENTICIOS,CIMENTO CP III 32 RS CAMPEAO 50KG NBR16697,SC,14,26.95,28.81,30.20,ARBO|CELEBRATION|PARADISO,2026-08
CIMENTICIOS,CHAPISCO COLANTE SC 20KG NBR14081,SC,8,13.62,16.99,20.04,ARBO|PARADISO,2026-07
CIMENTICIOS,SUPERGRAUTE SC 25KG 50MPA NBR15049,SC,7,25.52,29.36,30.50,ARBO|PARADISO,2026-07
CIMENTICIOS,ARGAMASSA COLANTE AC II CINZA SC 20KG NBR14081,SC,5,14.37,16.75,18.45,PARADISO,2026-06
CIMENTICIOS,ARGAMASSA COLANTE AC III BRANCA SC 20KG NBR14081,SC,4,38.10,39.17,59.99,DOWNTOWN|PARADISO,2026-07
CIMENTICIOS,CIMENTO CP II E32 SC 50KG NBR16697,SC,4,28.99,29.00,29.00,ARBO,2026-08
CIMENTICIOS,MASSA PRONTA 40KG VALEMASSA,SC,4,26.09,26.81,27.54,PARADISO,2026-07
CIMENTICIOS,IMPERMEABILIZANTE VALEMASSA SC 15KG,SC,3,45.95,45.95,48.09,PARADISO,2026-06
CIMENTICIOS,CIMENTO COMUM PORTLAND 50KG,SC,3,32.90,34.90,34.90,ARBO|PARADISO,2026-06
CIMENTICIOS,ARGAMASSA ACIII CINZA 20KG,UNI,3,23.49,28.79,28.79,PARADISO,2026-08
CIMENTICIOS,MASSA PRONTA 40KG,UNI,3,27.54,27.54,27.80,PARADISO,2026-07
CIMENTICIOS,SUPERGRAUTE SC 25KG 50MPA NBR15094,SC,2,29.36,29.36,29.36,ARBO|PARADISO,2026-03
CIMENTICIOS,PRECON GRAUTE 20KG,UNI,2,41.90,165.70,289.50,PARADISO,2026-05
CIMENTICIOS,REJUNTE FLEXIVEL MARFIM NBR14992,KG,1,4.19,4.19,4.19,PARADISO,2026-01
CIMENTICIOS,REJUNTE FLEXIVEL BRANCO NBR14992,KG,1,4.19,4.19,4.19,PARADISO,2026-01
CIMENTICIOS,CIMENTO LIZ CP IV 32 50KG,UNI,1,379.00,379.00,379.00,ARBO,2026-01
CIMENTICIOS,REJUNTE PISCINAS VERDE FLORESTA FD 30KG,FD,1,489.00,489.00,489.00,ESCRITORIO LOURDES,2026-01
CIMENTICIOS,REJUNTE COR CORDA SC 30KG QUARTZOLIT NBR14992,UNI,1,192.06,192.06,192.06,PARADISO,2026-02
CIMENTICIOS,REJUNTE FLEXIVEL MARFIM QUARTZOLIT NBR14992 30KG,UNI,1,192.06,192.06,192.06,PARADISO,2026-03
CIMENTICIOS,CIMENTO,UNI,1,27.69,27.69,27.69,ARBO,2026-02
CIMENTICIOS,"REJUNTES (CORDA 5KG, VERDE FLORESTA 2KG, AZUL COBALTO 2KG",UNI,1,429.62,429.62,429.62,DOWNTOWN,2026-02
CIMENTICIOS,MASSA PRONTA 40KG VALEMASSA - 30SC,UNI,1,835.70,835.70,835.70,DOWNTOWN,2026-02
CIMENTICIOS,MASSA CONCRETO,UNI,1,2156.00,2156.00,2156.00,ARBO,2026-03
CIMENTICIOS,QUARTZ REJ POR/MARM/GRAN SC,UNI,1,359.69,359.69,359.69,DOWNTOWN,2026-03
CIMENTICIOS,ARGAMASSA CHAPISCO COLANTE 20KG,SC,1,20.04,20.04,20.04,PARADISO,2026-04
CIMENTICIOS,PRECON AC III ARGAMASSA,SC,1,32.90,32.90,32.90,DOWNTOWN,2026-03
CIMENTICIOS,ARGAMASSA ACII CINZA 20KG,UNI,1,1304.50,1304.50,1304.50,PARADISO,2026-04
CIMENTICIOS,PERFIL EM AÇO MONTANTE,UNI,1,3028.50,3028.50,3028.50,PARADISO,2026-03
CIMENTICIOS,ARGAMASSA ACII CINZA 20KG - 50SC,UNI,1,1349.50,1349.50,1349.50,PARADISO,2026-04
CIMENTICIOS,ARGAMASSA CHAPISCOLANTE MAIS 20KG,SC,1,13.62,13.62,13.62,PARADISO,2026-05
CIMENTICIOS,REJUNTE PORCELANATOS YPE FD 30KG,SC,1,386.91,386.91,386.91,PARADISO,2026-05
CIMENTICIOS,REJUNTE PORCELANATOS YPE SC 5KG - 4 UNID.,UNI,1,476.98,476.98,476.98,PARADISO,2026-04
CIMENTICIOS,FRETE - FASSA BORTOLO,UNI,1,645.32,645.32,645.32,PARADISO,2026-05
CIMENTICIOS,ARGAMASSA AC III CINZA 20KG - 20 SC,UNI,1,543.80,543.80,543.80,PARADISO,2026-05
CIMENTICIOS,VALE GRAUTE 25KG,SC,1,27.65,27.65,27.65,PARADISO,2026-06
CIMENTICIOS,REJUNTE FLEXIVEL YPE QUARTZOLIT NBR14992,KG,1,12.90,12.90,12.90,PARADISO,2026-06
CIMENTICIOS,ARGAMASSA AC III CINZA 20KG,SC,1,23.49,23.49,23.49,PARADISO,2026-06
CIMENTICIOS,CIMENTO CP II E32 50KG,UN,1,29.00,29.00,29.00,ARBO,2026-07
CIMENTICIOS,REJUNTE COR YPE 5KG,UNI,1,93.74,93.74,93.74,PARADISO,2026-06
CIMENTICIOS,CHAPISCO COLANTE VALEMASSA 20KG,UNI,1,24.99,24.99,24.99,PARADISO,2026-07
CIMENTICIOS,REJUNTE QUARTZOLIT POR/MARM/GRAN 5KG YPE,UNI,1,93.75,93.75,93.75,PARADISO,2026-07
CIMENTICIOS,ARGAMASSAS,UNI,1,4289.24,4289.24,4289.24,PARADISO,2026-07
CIMENTICIOS,REJUNTE EPOXI MAXIMO CARIBE SEA 1KG NBR14992,UNI,1,316.19,316.19,316.19,PARADISO,2026-07
CIMENTICIOS,ARGAMASSA FASSA COLA 20KG AC III CINZA,SC,1,37.80,37.80,37.80,MANUTENÇAO,2026-07
CONCRETO,PRESTAÇAO DE SERVIÇO CONCRETAGEM,UNI,3,3890.00,3947.90,6110.00,ARBO|CELEBRATION|PARADISO,2026-03
ELETRICO,FITA ISOLANTE 18MM X20M IMPERIAL PRETA 3M,RL,10,6.18,7.99,9.90,ARBO|PARADISO|UPTOWN|VINHATICO,2026-08
ELETRICO,"CABO FLEXIVEL 2,5MM PRETO 750V NBR247-3",M,9,1.99,2.24,2.49,ARBO|DOWNTOWN|PARADISO,2026-08
ELETRICO,"CABO FLEXIVEL 2,5MM VERDE 750V NBR247-3",M,7,1.99,2.17,2.57,ARBO|DOWNTOWN|PARADISO,2026-05
ELETRICO,"CABO FLEXIVEL 2,5MM AZUL 750V NBR247-3",M,7,1.34,2.17,2.35,ARBO|PARADISO,2026-08
ELETRICO,"CABO FLEXIVEL 2,5MM VERMELHO 750V NBR247-3",M,6,1.80,2.17,2.35,ARBO|PARADISO,2026-04
ELETRICO,MODULO INTERRUPTOR PARALELO 10A 250V NBR14136 E NM60884-1 - BRANCO - SIMON 30/35 - COD. 30201-30,UNI,6,6.17,8.65,12.60,DOWNTOWN|PARADISO,2026-08
ELETRICO,"CABO FLEXIVEL 2,5MM PRETO 750V NBR247-3 - 1000M",M,6,2.27,2073.65,4270.59,PARADISO,2026-06
ELETRICO,"CABO FLEXIVEL 2,5MM AZUL 750V NBR247-3 - 1000M",M,6,2.20,2.23,2.32,PARADISO,2026-06
ELETRICO,FITA ADESIVA CREPE 48MM X 50M,UNI,5,10.00,10.00,12.93,PARADISO|VINHATICO,2026-08
ELETRICO,"CABO FLEXIVEL 2,5MM AMARELO 750V NBR247-3",M,5,1.99,2.17,2.35,ARBO|PARADISO,2026-03
ELETRICO,LUMINARIA TARTARUGA AVA PR 20W LED 6500K BIV. IP65,UNI,5,29.90,31.10,33.44,ARBO|PARADISO,2026-08
ELETRICO,TAMPA P/ CONDULETE 1/2'' E 3/4'' P/ 3 TOM. 56117/041 TRAMONTINA,UNI,5,4.87,4.88,6.49,PARADISO,2026-03
ELETRICO,SUPORTE 4X2 HORIZONTAL BRANCO SIMON 35 COD. 35700-39,UNI,5,1.62,1.62,1.78,PARADISO,2026-08
ELETRICO,SUPORTE 4X4 HORIZONTAL BRANCO SIMON 35 COD. 35702-39,UNI,5,3.43,3.43,3.77,PARADISO,2026-08
ELETRICO,"CABO FLEXIVEL 2,5MM VERDE 750V NBR247-3 - 1000M",M,5,2.20,2.20,2.27,PARADISO,2026-06
ELETRICO,"CABO FLEXIVEL 4,0MM AZUL 750V NBR247-3 - 500M",M,5,3.66,3.66,3.73,PARADISO,2026-06
ELETRICO,"MANGUEIRA FLEXIVEL CORRUGADA AMARELA 3/4"" C/ 50M NBR15465",RL,4,55.56,61.02,63.58,PARADISO,2026-06
ELETRICO,MATERIAIS INDUSTRIALIZAÇAO,UNI,4,1315.40,1315.40,1315.40,PRISBEL,2026-06
ELETRICO,PLACA LINHA 35 2X4 1S. HOR. BR 35611-30 SIMON,UNI,4,2.97,2.97,2.97,PARADISO,2026-06
ELETRICO,PLACA LINHA 35 4X4 1S+1S BR 35611-50 SIMON,UNI,4,7.03,7.03,7.03,PARADISO,2026-06
ELETRICO,"QUADROS ELÉTRICOS - QGBT - QM'S, QDC'S",UNI,4,16500.00,16500.00,16500.00,PARADISO,2026-06
ELETRICO,QUADROS DIVERSOS,UNI,4,19539.50,19539.50,19539.50,PARADISO,2026-07
ELETRICO,"RIBALTA VISIA 1,22M / ROMA - 3 UNID.",UNI,4,4213.50,4213.50,4213.50,MANUTENÇAO,2026-09
ELETRICO,"MANGUEIRA FLEXIVEL CORRUGADA AMARELA 1"" C/ 25M NBR15465",RL,3,48.87,54.78,57.04,PARADISO,2026-04
ELETRICO,"PORCA SEXTAVADA GALVANIZADA 3/8""",UNI,3,0.20,0.22,0.26,ARBO|PARADISO,2026-04
ELETRICO,"CABO FLEXIVEL 4,0MM PRETO 750V NBR247-3",M,3,3.57,3.57,3.78,PARADISO,2026-05
ELETRICO,SONDA PASSA FIO 20M HELIC. POLIES. TRAÇAO 150KG,UN,3,93.19,93.19,128.87,PARADISO,2026-07
ELETRICO,CAIXA DE PASSAGEM EM PVC 2X4 AMARELA,UNI,3,1.61,1.61,1.82,PARADISO,2026-03
ELETRICO,"ELETRODUTO PVC ANTI-CHAMA 3/4"" X 3M",UNI,3,5.90,13.47,13.47,PARADISO|VINHATICO,2026-07
ELETRICO,LUMINARIA TARTARUGA AVA. BR 20W LED 6500K BIVOLT,UNI,3,28.04,28.04,28.15,ARBO|PARADISO,2026-03
ELETRICO,TAMPO CEGO BRANCO 57115/090 TRAMONTINA LINHA LIZ,UNI,3,0.78,0.78,1.00,PARADISO,2026-03
ELETRICO,"TOMADA LIZ 1T 2P+T 10A BR S/P 57115030 TRAMONTINA NBR 14136, NM 60884-1",UNI,3,4.91,4.91,6.12,PARADISO,2026-03
ELETRICO,CAIXA DE PASSAGEM EM PVC 2X4 AMARELA - 1000 UNID.,UN,3,6090.75,6090.76,6275.31,ARBO,2026-04
ELETRICO,CAIXA DE PASSAGEM EM PVC 4X4 AMARELA - 400 UNID.,UN,3,3.71,3.71,3.71,ARBO,2026-04
ELETRICO,"MANGUEIRA FLEXIVEL CORRUGADA AMARELA 3/4"" C/ 50M NBR15465 - 40 UNID.",RO,3,61.21,61.21,61.21,ARBO,2026-04
ELETRICO,"MANGUEIRA FLEXIVEL CORRUGADA AMARELA 1"" C/ 25M NBR15465 - 20 UNID.",RO,3,54.92,54.92,54.92,ARBO,2026-04
ELETRICO,"MANGUEIRA LISA PRETA REFORÇADA 3/4"" C/ 100M - 40 UNID.",RO,3,200.66,200.66,200.66,ARBO,2026-04
ELETRICO,"MANGUEIRA LISA PRETA REFORÇADA 1"" C/ 100M - 20 UNID.",RO,3,324.96,324.96,324.96,ARBO,2026-04
ELETRICO,FITA AUTO FUSAO 19MM X 10M SCOTCH 3M - 4 UNID.,RO,3,30.37,30.37,30.37,ARBO,2026-04
ELETRICO,FITA ISOLANTE 18MM X20M IMPERIAL PRETA 3M - 100 UNID.,RO,3,6.55,6.55,6.55,ARBO,2026-04
ELETRICO,CABO PP 500V 5X6MM PR - 50M,M,3,39.42,39.42,39.42,ARBO,2026-04
ELETRICO,ACOPLAMENTO AZ 3 X 16A 250V 6H N-3056 STECK - 4 UNID.,UN,3,34.51,34.51,34.51,ARBO,2026-04
ELETRICO,PLUG 2P+T 16A 220/240V N-3076 STECK - 4 UNID.,UN,3,26.10,26.10,26.10,ARBO,2026-04
ELETRICO,"CABO DE COBRE NU 16MM 7FX1,7MM - NBR6524 - 30 UNID.",M,3,15.03,15.03,15.03,ARBO,2026-04
ELETRICO,"BARRA CONDUTORA GALVANIZADA 3/8"" X 3M TEL763 - 40 UNID.",UN,3,31.22,31.22,31.22,ARBO,2026-04
ELETRICO,FITA PERFURADA 19MM X 30M - 20 RL,RO,3,34.40,34.40,34.40,ARBO,2026-04
ELETRICO,GRAMPO P/ BARRA C/ AÇO 3/8'' MOD DIN GRC38 - 300 UNID.,UN,3,1.14,1.14,1.14,ARBO,2026-04
ELETRICO,DUCHA MAXI-DUCHA 3-T 220V 5500W - LORENZETTI,UNI,3,65.00,66.00,89.90,ARBO|VINHATICO,2026-06
ELETRICO,MANGUEIRA LISA FLEXIVEL PRETA 3/4'' 100M REFORÇADA - 16RL,RL,3,200.66,200.66,200.66,ARBO,2026-05
ELETRICO,MANGUEIRA LISA FLEXIVEL PRETA 1'' 100M REFORÇADA - 14 RL,RL,3,324.96,324.96,324.96,ARBO,2026-05
ELETRICO,FITA PERFURADA 19MM X 30M - 18 RL,RL,3,34.40,34.40,34.40,ARBO,2026-05
ELETRICO,PLACA LINHA 35 2X4 2S. SEP. BR 3561230 SIMON,UNI,3,2.97,2.97,2.97,PARADISO,2026-06
ELETRICO,TOMADA LINHA 30 USB 1.5A S/PL. BR SIMON 30381-30,UNI,3,50.20,50.20,50.20,PARADISO,2026-06
ELETRICO,MODULO COMPLEMENTO CEGO NBR14136 E NM60884-1 - BRANCO - SIMON 30 - COD. 30800-30,UNI,3,1.72,1.72,1.72,PARADISO,2026-06
ELETRICO,PLACA CEGA 2X4 LINHA 35 BR 35600-30 SIMON,UNI,3,2.97,2.97,2.97,PARADISO,2026-06
ELETRICO,DISPOSITIVO DR 4P.X 63A 30MA,UN,3,110.31,110.31,110.31,ARBO|UPTOWN,2026-05
ELETRICO,"CABO FLEXIVEL 4,0MM PRETO 1KV NBR247-3 - 600M",M,3,2320.29,2320.31,2390.60,PARADISO,2026-06
ELETRICO,"CABO FLEXIVEL 4,0MM AZUL 750V NBR247-3 - 600M",M,3,3.52,3.52,3.52,PARADISO,2026-06
ELETRICO,"CABO FLEXÍVEL 6,0MM PRETO 750V NBR247-3 - 200M",M,3,5.27,5.27,5.27,PARADISO,2026-06
ELETRICO,LAMPADA LED A60 12W 6500K E27 - 15 UNID.,UN,3,4.30,4.30,4.30,PARADISO,2026-06
ELETRICO,PORTA LAMPADA RABICHO P/ TEMPO E27 - 15 UNID.,UN,3,2.53,2.53,2.53,PARADISO,2026-06
ELETRICO,PLUG MACHO PR 10A 2P+T NBR14136 TRAMONTINA - 20 UNID.,UN,3,3.58,3.58,3.58,PARADISO,2026-06
ELETRICO,PLUG FEMEA PR 10A 2P+T NBR14136 TRAMONTINA - 20UNID.,UN,3,4.46,4.46,4.46,PARADISO,2026-06
ELETRICO,PLUG 2P+T 20A MACHO CINZA - 05 UNID.,UN,3,5.50,5.50,5.50,PARADISO,2026-06
ELETRICO,PLUG 2P+T 20A FEMEA CINZA - 05 UNID.,UN,3,6.57,6.57,6.57,PARADISO,2026-06
ELETRICO,"MANGUEIRA LISA PRETA REFORÇADA 3/4"" C/ 100M - 04 RL",rolo,3,211.89,211.89,211.89,PARADISO,2026-06
ELETRICO,CAIXA PISO BX 2X4 AL C/ 2F 3/4'' - 06 UNID.,UN,3,9.33,9.33,9.33,PARADISO,2026-06
ELETRICO,"CABO FLEXIVEL 1,5MM AMARELO 750V NBR247-3 - 400M",M,3,1.33,1.33,1.33,PARADISO,2026-06
ELETRICO,"CABO FLEXIVEL 25,0MM PRETO 750V NBR247-3",M,3,25.58,29.35,29.35,PARADISO|UPTOWN,2026-06
ELETRICO,"CABO FLEXIVEL 25,0MM AZUL 750V NBR247-3",M,3,25.58,29.35,29.35,PARADISO|UPTOWN,2026-06
ELETRICO,"CABO FLEXIVEL 16,0MM VERDE 750V NBR247-3",M,3,15.84,16.47,16.47,PARADISO|UPTOWN,2026-05
ELETRICO,ELETRODUTO GALVANIZADO LEVE 1'' C/ 3M,UN,3,18.83,19.06,20.64,PARADISO,2026-07
ELETRICO,"CABO FLEXIVEL 2,5MM AMARELO 750V NBR247-3 - 500M",M,3,2.20,2.20,2.20,PARADISO,2026-06
ELETRICO,"CABO FLEXIVEL 4,0MM PRETO 1KV NBR247-3 - 500M",M,3,3.66,3.66,3.66,PARADISO,2026-06
ELETRICO,SONDA PASSA FIO 20M HELIC. POLIES. TRAÇAO 150KG - 1 UNID,UN,3,115.94,115.94,115.94,PARADISO,2026-06
ELETRICO,CAIXA DE PASSAGEM PVC EMBUTIR 40X40X10CM TIGRE - 3 UNID,UN,3,233.06,233.06,233.06,PARADISO,2026-06
ELETRICO,CAIXA DE PASSAGEM PVC EMBUTIR 30X30X10CM TIGRE - 3 UNID,UN,3,133.57,133.57,133.57,PARADISO,2026-06
ELETRICO,"CABO FLEXIVEL 16,0MM PRETO 750V NBR247-3 - 8371 M",M,3,80136.60,80136.62,82564.99,PARADISO,2026-07
ELETRICO,"CABO FLEXIVEL 25,0MM PRETO 750V NBR247-3 - 1311 M",M,3,23.32,23.32,23.32,PARADISO,2026-07
ELETRICO,CABO FLEXIVEL 35MM PRETO 750V NBR247-3 - 612M,M,3,32.93,32.93,6717.72,PARADISO,2026-06
ELETRICO,"CABO FLEXIVEL 16,0MM AZUL 750V NBR247-3 - 2791 M",M,3,14.54,14.54,14.54,PARADISO,2026-07
ELETRICO,"CABO FLEXIVEL 25,0MM AZUL 750V NBR247-3 - 437M",M,3,3396.95,3396.95,3396.95,PARADISO,2026-06
ELETRICO,CABO FLEXIVEL 35MM AZUL 750V NBR247-3 - 204M,M,3,2239.24,2239.24,2239.24,PARADISO,2026-06
ELETRICO,"CABO FLEXIVEL 16,0MM VERDE 750V NBR247-3 - 3432 M",M,3,14.54,14.54,14.54,PARADISO,2026-07
ELETRICO,MANGUEIRA LISA FL PR 3/4'' 100M PESADA - 1RL,UNI,3,78.86,78.87,81.24,VINHATICO,2026-06
ELETRICO,"ELETRODUTO GF 4'' C/ 3M 3,75MM BR5598 - 6UNID.",UN,3,3444.26,3444.28,3548.63,ARBO,2026-08
ELETRICO,CURVA AÇO GF 90G 4'' - 3 UNID.,UN,3,218.19,218.19,218.19,ARBO,2026-08
ELETRICO,"ELETRODUTO PVC ANTI-CHAMA 4"" X 3M - 4UNID.",UN,3,144.40,144.40,144.40,ARBO,2026-08
ELETRICO,"HASTE CANTONEIRA GALVANIZADA C/ CONECTOR 2,40M - 6UNID.",UN,3,57.22,57.22,57.22,ARBO,2026-08
ELETRICO,CAIXA P/ ATERRAMENTO PISO INSPEÇAO TERRA 30X30 S/ TAMPA TEL552 - 12 UNID.,UN,3,93.00,93.00,93.00,ARBO,2026-08
ELETRICO,TAMPA FERRO FUNDIDO RED ART REF 30CM TEL536 - 12 UNID.,UN,3,77.19,77.19,77.19,ARBO,2026-08
ELETRICO,TAMPA FERRO FUNDIDO ART 30CM TELEFONE R1 - 2 UNID.,UN,3,327.00,327.00,327.00,ARBO,2026-08
ELETRICO,ELETRODUTO PVC ANTI-CHAMA 2'' C/ 3M - 10 UNID.,UN,3,39.01,39.01,39.01,ARBO,2026-08
ELETRICO,"CABO PP 500V 3X01,50 MM2 - 150 M",M,3,6.01,6.01,6.01,ARBO,2026-08
ELETRICO,"CABO FLEXIVEL 2,5MM PRETO 750V NBR247-3 - 300M",M,3,2.38,2.38,2.38,ARBO,2026-08
ELETRICO,"CABO FLEXIVEL 2,5MM AZUL 750V NBR247-3 - 300M",M,3,2.38,2.38,2.38,ARBO,2026-08
ELETRICO,"CABO FLEXIVEL 2,50 MM VERDE 750V NBR247-3 - 300M",M,3,2.38,2.38,2.38,ARBO,2026-08
ELETRICO,"ARAME GALVANIZADO 16 BWG 1,65MM - 20 RL",RO,3,19.17,19.17,19.17,ARBO,2026-08
ELETRICO,"BARRA CONDUTORA GALVANIZADA 3/8"" X 3M TEL763 - 80 UNID.",UN,3,836.35,836.36,861.69,ARBO,2026-08
ELETRICO,QUADRO DE TOMADAS QCE-20KW 220V ESPECIAL ENTRADA TRIFÁSICA 220V + ALÇA,UNI,3,2442.00,2442.00,2442.00,UPTOWN|VINHATICO,2026-07
ELETRICO,"CABO FLEXIVEL 2,5MM VERDE 750V NBR247-3 - 2500M",M,2,8779.52,8779.53,8779.53,PARADISO,2026-02
ELETRICO,"CABO FLEXIVEL 2,5MM PRETO 750V NBR247-3 - 1200M",M,2,2.00,2.00,2.00,PARADISO,2026-02
ELETRICO,"CABO FLEXIVEL 2,5MM VERMELHO 750V NBR247-3 - 1200M",M,2,2.00,2.00,2.00,PARADISO,2026-02
ELETRICO,"CABO FLEXIVEL 2,5MM AZUL 750V NBR247-3 - 2500M",M,2,2.00,2.00,2.00,PARADISO,2026-02
ELETRICO,"CABO FLEXIVEL 2,5MM AMARELO 750V NBR247-3 - 1200M",M,2,2.00,2.00,2.00,PARADISO,2026-02
ELETRICO,"CABO FLEXIVEL 1,5MM AMARELO 750V NBR247-3 - 1500M",M,2,1.31,1.31,1.31,PARADISO,2026-02
ELETRICO,"CABO FLEXIVEL 4,0MM PRETO 1KV NBR247-3 - 1000M",M,2,3.36,3.36,3.36,PARADISO,2026-02
ELETRICO,"CABO FLEXIVEL 4,0MM AZUL 750V NBR247-3 - 1000M",M,2,3.36,3.36,3.36,PARADISO,2026-02
ELETRICO,FITA ISOLANTE 18MM X20M IMPERIAL PRETA 3M - 100 RL,RO,2,6.95,6.95,6.95,PARADISO,2026-02
ELETRICO,SUPORTE TV 10-85'' FIXO PR - 2 UNID.,UNI,2,103.02,114.02,125.02,DOWNTOWN,2026-01
ELETRICO,PERFILADO GALVANIZADO PERFURADO19X38X6M CH22,UNI,2,36.79,44.24,51.69,ARBO|PARADISO,2026-05
ELETRICO,"CABO FLEXIVEL 4,0MM AZUL 750V NBR247-3",M,2,3.57,3.57,3.57,PARADISO,2026-03
ELETRICO,"MANGUEIRA FLEXIVEL CORRUGADA AMARELA 1/2"" C/ 50M NBR15465",RO,2,54.53,54.53,54.53,PARADISO,2026-03
ELETRICO,PAINEL BR 24W 4K BIV QUA 30CM PIL,UNI,2,43.81,142.43,241.05,ESCRITORIO LOURDES,2026-02
ELETRICO,CAIXA DE PASSAGEM EM PVC 4X4 AMARELA,UNI,2,3.85,3.85,3.85,PARADISO,2026-03
ELETRICO,"CONDULETE ALUMINIO S/R C/ TAMPA E H 3/4""",UNI,2,14.11,14.11,14.11,PARADISO,2026-03
ELETRICO,CONDULETE ALUMINIO S/R C/ TAMPA T H 3/4'',UNI,2,16.36,16.36,16.36,PARADISO,2026-03
ELETRICO,"CONDULETE ALUMINIO TIPO LL H S/R C/ TAMPA 3/4""",UNI,2,15.11,15.11,15.11,PARADISO,2026-03
ELETRICO,"CONDULETE ALUMINIO S/R C/ TAMPA LR 3/4""",UNI,2,15.29,15.29,15.29,PARADISO,2026-03
ELETRICO,"CONDULETE ALUMINIO S/R C/ TAMPA C H 3/4"" TRAMONTINA",UNI,2,14.59,14.59,14.59,PARADISO,2026-03
ELETRICO,CURVA PVC C/ ROSCA 90 X 3/4'',UNI,2,2.03,2.03,2.03,PARADISO,2026-03
ELETRICO,UNIDUT ALUMINIO PRESSAO CONICO H 3/4'' 56126/022,UNI,2,2.71,2.71,2.71,PARADISO,2026-03
ELETRICO,ABRAÇADEIRA GALVANIZADA D P/ ELET. 3/4'' C/ CUNHA,UNI,2,1.22,1.22,1.22,PARADISO,2026-03
ELETRICO,BUCHA NYLON FIXAÇAO S-6,UNI,2,0.17,0.17,0.17,PARADISO,2026-03
ELETRICO,"PARAFUSO A. ATAR. C. PANELA PHILIPS 3,9X32MM",UNI,2,0.15,0.15,0.15,PARADISO,2026-03
ELETRICO,"INTERRUPTOR LIZ 1SS S/ PLACA 57115/001 TRAMONTINA NBR 14136, NM 60884-1",UNI,2,4.56,4.56,4.56,PARADISO,2026-03
ELETRICO,TOMADA LIZ 1T 2P+T 20A BR S/P 57115038,UNI,2,5.05,5.05,5.05,PARADISO,2026-03
ELETRICO,TAMPA CONDULETE 1S VER LIZ 1/2'' 3/4'' 56117040,UNI,2,4.65,4.65,4.65,PARADISO,2026-03
ELETRICO,"CONDULETE ALUMINIO TIPO LB S/R 3/4"" C/ TAMPA TRAMONTINA",UNI,2,15.90,15.90,15.90,PARADISO,2026-03
ELETRICO,TAMPA P/ CONDULETE 1/2'' E 3/4'' CEGA NR00 56114/006 TRAMONTINA,UNI,2,2.55,2.55,2.55,PARADISO,2026-03
ELETRICO,"ARRUELA LISA GALVANIZADA 3/8""",UNI,2,0.10,0.15,0.19,ARBO,2026-04
ELETRICO,"MANGUEIRA LISA PRETA PESADA 1"" C/ 100M",UNI,2,286.85,303.92,320.99,PARADISO,2026-04
ELETRICO,DUTO FLEXIVEL CORRUGADO 1.1/2'' 50MM 50M C/ GUIA - 15 RL,UNI,2,3206.80,3206.80,3206.80,ARBO,2026-04
ELETRICO,MODULO PULSADOR DE CAMPAINHA 10A 250V NBR14136 E NM60884-1 - BRANCO - SIMON 30 - COD. 30150-30,UNI,2,6.74,6.74,6.74,PARADISO,2026-06
ELETRICO,PLACA LINHA 35 2X4 1S. HOR. BR 35611-30 SIMON - 253 UNID.,UNI,2,375.70,375.70,375.71,PARADISO,2026-07
ELETRICO,MODULO TOMADA 2P+T PADRAO BRASILEIRO 10A 250V BRANCO SIMON 30 COD. 30426-30,UNI,2,5.75,6.72,7.69,PARADISO,2026-08
ELETRICO,MODULO INTERRUPTOR SIMPLES 10A 250V BRANCO SIMON 30 COD. 30101-30,UNI,2,4.66,5.03,5.39,PARADISO,2026-08
ELETRICO,ELETROCALHA PERFURADA 800 X 200 CH 18 - 6 UNID,UN,2,2621.41,2621.41,2621.42,PARADISO,2026-05
ELETRICO,EMENDA P/ ELETROCALHA 800 X 200 CH18 - 11 UNID,UN,2,18.87,18.87,18.87,PARADISO,2026-05
ELETRICO,CURVA HORIZONTAL P/ ELETROCALHA 90° 800 X 200 CH18 - 1 UNID,UN,2,233.65,233.65,233.65,PARADISO,2026-05
ELETRICO,REDUÇAO CONCENTRICA 800X200 P/ 600X200 - 2 UNID,UN,2,102.30,102.30,102.30,PARADISO,2026-05
ELETRICO,TÊ HORIZONTAL 800 X 200 CH18 - 1 UNID,UN,2,253.40,253.40,253.40,PARADISO,2026-05
ELETRICO,ELETROCALHA GALVANIZADA PERFURADA 600X200 C/ 3M CH 18 - 1 UNID,UN,2,444.30,444.30,444.30,PARADISO,2026-05
ELETRICO,CURVA HORIZONTAL P/ ELETROCALHA 90G 300 X 100 CH18 - 2 UNID,UN,2,57.56,57.56,57.56,PARADISO,2026-05
ELETRICO,TÊ HORIZONTAL P/ ELETROCALHA 600 X 200 - 1 UNID,UN,2,178.68,178.68,178.68,PARADISO,2026-05
ELETRICO,REDUÇAO CONCENTRICA 600X200 P/ 300X100 - 1 UNID,UN,2,89.39,89.39,89.39,PARADISO,2026-05
ELETRICO,EMENDA P/ ELETROCALHA 600 X 200 CH18 - 5 UNID,UN,2,18.87,18.87,18.87,PARADISO,2026-05
ELETRICO,REDUÇAO CONCENTRICA 800X200 P/ 300X100 - 1 UNID,UN,2,108.20,108.20,108.20,PARADISO,2026-05
ELETRICO,CURVA VERTICAL INTERNA P/ ELETROCALHA 200X100 - 1 UNID,UN,2,40.20,40.20,40.20,PARADISO,2026-05
ELETRICO,TÊ VERTICAL SUBIDA 300X100MM - 1 UNID,UN,2,76.46,76.46,76.46,PARADISO,2026-05
ELETRICO,ELETROCALHA GALVANIZADA PERFURADA 300X100X3M CH18 - 8 UNID,UN,2,1718.47,1718.47,1718.47,PARADISO,2026-05
ELETRICO,ELETROCALHA GALVANIZADA PERFURADA 200X100X3M - 12 UNID,UN,2,144.07,144.07,144.07,PARADISO,2026-05
ELETRICO,"VERGALHAO GALVANIZADO C/ ROSCA TOTAL 3/8"" X3M - 12 UNID",UN,2,15.51,15.51,15.51,PARADISO,2026-05
ELETRICO,"PARAFUSO GALVANIZADO CABEÇA LENTILHA A. TRAVANTE 1/4"" X 1/2"" - 150 UNID",UN,2,0.28,0.28,0.28,PARADISO,2026-05
ELETRICO,"ARRUELA LISA GALVANIZADA 1/4"" - 150 UNID",UN,2,0.15,0.15,0.15,PARADISO,2026-05
ELETRICO,PORCA SEXTAVADA GALVANIZADA 1/4'' - 150 UNID,UN,2,0.14,0.14,0.14,PARADISO,2026-05
ELETRICO,"CABO AL. QUADRUPLEX 4P 35,0MM 1KV ABNT",M,2,18.31,18.31,18.31,UPTOWN,2026-05
ELETRICO,CONECTOR PARAFUSO FENDIDO PRESSAO 50.0MM2,UN,2,14.63,14.63,14.63,UPTOWN,2026-05
ELETRICO,CONECTOR PARAFUSO FENDIDO 25.0MM2,UN,2,8.19,8.19,8.19,UPTOWN,2026-05
ELETRICO,QUADRO SOBREPOR PVC BRANCO P/ 24DISJ. DIN,UN,2,94.67,94.67,94.67,UPTOWN,2026-05
ELETRICO,DISJUNTOR 3 X 80A C 220V 10KA,UN,2,143.43,143.43,143.43,UPTOWN,2026-05
ELETRICO,DISJUNTOR 2 X 32A 230/440V 3KA,UN,2,22.99,22.99,22.99,UPTOWN,2026-05
ELETRICO,DISPOSITIVO DR 2P. 30MA 63A,UN,2,69.90,69.90,69.90,UPTOWN,2026-05
ELETRICO,DISJUNTOR 1 X 20A 230/440V 3KA,UN,2,5.99,5.99,5.99,UPTOWN,2026-05
ELETRICO,KIT BARRAMENTO TRIFASICO P/ 12 DISJ. DIN 63A,UN,2,31.19,31.19,31.19,UPTOWN,2026-05
ELETRICO,TERMINAL PINO TUBULAR COMPRESSAO 10MM,UN,2,0.27,0.27,0.27,UPTOWN,2026-05
ELETRICO,"TERMINAL PINO TUBULAR 4,0-CZ C/30",UN,2,5.43,5.43,5.43,UPTOWN,2026-05
ELETRICO,"TERMINAL PINO TUBULAR 2,5-AZ C/30",UN,2,3.59,3.59,3.59,UPTOWN,2026-05
ELETRICO,CABO FLEXIVEL 10MM PRETO 750V NBR247-3,M,2,10.57,10.57,10.57,UPTOWN,2026-05
ELETRICO,CABO FLEXIVEL 10MM AZUL 750V NBR247-3,M,2,10.57,10.57,10.57,UPTOWN,2026-05
ELETRICO,"CABO FLEXIVEL 2,50 MM VERDE 750V NBR247-3",UNI,2,2.49,2.53,2.57,PARADISO,2026-08
ELETRICO,"CONDULETE ALUMINIO TIPO LR S/R 1"" S/T TRAMONTINA",UN,2,17.50,22.99,28.48,PARADISO,2026-07
ELETRICO,QUADRO ELETRICO DE TOMADAS 220V TRIFÁSICO 500 X 400 X 180MM C/ ALÇA - 4 UNID,UNI,2,4639.50,4639.50,4639.50,ARBO,2026-05
ELETRICO,BUCHA ALUMINIO P/ ELETRODUTO 4'' - 10 UNID.,UN,2,3165.78,3165.78,3165.78,PARADISO,2026-05
ELETRICO,"ELETRODUTO PVC RIGIDO PRETO 4"" C/ 3M - 20 UNID.",UN,2,65.36,65.36,65.36,PARADISO,2026-05
ELETRICO,"ARRUELA DE ALUMINIO DE 4"" - 10 UNID.",UN,2,11.89,11.89,11.89,PARADISO,2026-05
ELETRICO,"LUVA PVC ROSCA ANTI-CHAMA 4"" - 20 UNID.",UN,2,5.53,5.53,5.53,PARADISO,2026-05
ELETRICO,UNIDUTE RETO ALUMINIO 4'' - 10 UNID.,UN,2,66.22,66.22,66.22,PARADISO,2026-05
ELETRICO,CAIXA CONCRETO P/ TAMPAO ZC 770X670X900MM - 1 UNID.,UN,2,535.41,535.41,535.41,PARADISO,2026-05
ELETRICO,TAMPA C/ ARO P/ CAIXA TIPO ZC 951 X 846 - 1 UNID.,UN,2,968.91,968.91,968.91,PARADISO,2026-05
ELETRICO,"CURVA PVC C/ ROSCA 90 X 4"" - 6 UNID.",UN,2,27.11,27.11,27.11,PARADISO,2026-05
ELETRICO,"CURVA PVC PRETA 45° X 4"" - 4 UNID.",UN,2,26.11,26.11,26.11,PARADISO,2026-05
ELETRICO,"HASTE P/ ATERRAMENTO TIPO CANTONEIRA 2,40M - 3 UNID.",UN,2,71.83,71.83,71.83,PARADISO,2026-05
ELETRICO,CAIXA PISO PARA INSPEÇAO TERRA 30X30 S/ TAMPA TEL550/2 - 3 UNID.,UN,2,14.37,14.37,14.37,PARADISO,2026-05
ELETRICO,TAMPA FERRO FUNDIDO P/ ATERAMENTO 300MM TEL550/552 - 3 UNID.,UN,2,44.12,44.12,44.12,PARADISO,2026-05
ELETRICO,BOX RETO EM ALUMINIO 4'' - 4 UNID.,UN,2,76.42,76.42,76.42,PARADISO,2026-05
ELETRICO,DUTO FLEXIVEL CORRUGADO J 1.1/4'' 40MM PRETA C/ GUIA C/ 50M - 8 UNID.,RO,2,45.48,45.48,45.48,PARADISO,2026-05
ELETRICO,DUTO FLEXIVEL CORRUGADO K 1.1/2'' 50MM PRETA C/ GUIA C/ 50M - 6 UNID.,RO,2,71.31,71.31,71.31,PARADISO,2026-05
ELETRICO,"DUTO FLEXIVEL CORRUGADO PRETO 1"" 32MM C/ 50M C/ GUIA - 2 UNID.",rolo,2,56.87,56.87,56.87,PARADISO,2026-05
ELETRICO,"ABRAÇADEIRA DE NYLON 4,6 X 200MM T-50R BRANCA HELLERMANN C/ 100 - 20 UNID.",PCT,2,12.66,12.66,12.66,PARADISO,2026-05
ELETRICO,"BUCHA DE ALUMINIO DE 1.1/4"" - 45 UNID.",UN,2,3.20,3.20,3.20,PARADISO,2026-05
ELETRICO,"CABO DE COBRE NU 16MM 7FX1,7MM - NBR6524 - 20M",M,2,16.91,16.91,16.91,PARADISO,2026-05
ELETRICO,"CABO FLEXÍVEL 6,0MM PRETO 750V NBR247-3",M,2,5.66,5.72,5.79,PARADISO,2026-05
ELETRICO,"CABO FLEXIVEL 2,5MM VERMELHO 750V NBR247-3 - 1000M",M,2,2.27,2.27,2.27,PARADISO,2026-06
ELETRICO,"CABO FLEXIVEL 2,5MM AMARELO 750V NBR247-3 - 1000M",M,2,2.27,2.27,2.27,PARADISO,2026-06
ELETRICO,"CABO FLEXIVEL 1,5MM AMARELO 750V NBR247-3 - 1000M",M,2,1.41,1.41,1.41,PARADISO,2026-06
ELETRICO,"CABO FLEXIVEL 4,0MM PRETO 750V NBR247-3 - 500M",M,2,3.73,3.73,3.73,PARADISO,2026-06
ELETRICO,CABO FLEXIVEL 10MM PRETO 750V NBR247-3 - 200M,M,2,9.82,9.82,9.82,PARADISO,2026-06
ELETRICO,"CABO FLEXIVEL 10,0MM VERMELHO 750V NBR247-3 - 100M",M,2,9.82,9.82,9.82,PARADISO,2026-06
ELETRICO,TERMINAL TUBULAR PINO COMPRESSAO 10MM VERMELHO,UN,2,0.47,0.47,0.47,PARADISO,2026-06
ELETRICO,"SPOT PICCO BR/BR 14W 2,7K QUA EMB 34G",UNI,2,274.89,274.89,274.89,PARADISO,2026-07
ELETRICO,"CABO PP 3 X 2,5MM 500KV",M,2,9.57,9.67,9.77,VINHATICO,2026-07
ELETRICO,ESCADA DE ALUMINIO 07 DEGRAUS ATÉ 120KG - 1 UNID.,UN,2,2386.60,2386.60,2386.60,PARADISO,2026-08
ELETRICO,PLUG MACHO PR 10A 2P+T NBR14136 - 20 UNID.,UN,2,3.32,3.32,3.32,PARADISO,2026-08
ELETRICO,PLUG FEMEA PR 10A 2P+T NBR14136 - 20 UNID.,UN,2,4.14,4.14,4.14,PARADISO,2026-08
ELETRICO,"TERMINAL PINO ISOL. 2,5-6-0MM C/ 100 - 10 UNID.",PCT,2,86.68,86.68,86.68,PARADISO,2026-08
ELETRICO,"TERMINAL PINO ISOL. 1,0 - 2,5MM C/ 100 - 5 UNID.",PCT,2,42.97,42.97,42.97,PARADISO,2026-08
ELETRICO,"MANGUEIRA FLEXIVEL CORRUGADA AMARELA 3/4"" C/ 50M NBR15465 - 3 UNID.",rolo,2,83.04,83.04,83.04,PARADISO,2026-08
ELETRICO,FITA ISOLANTE 18MM X20M IMPERIAL PRETA 3M - 50 UNID.,rolo,2,7.08,7.08,7.08,PARADISO,2026-08
ELETRICO,"CABO FLEXIVEL 2,5MM AZUL 750V NBR247-3 - 1000 M",M,2,2.41,2.41,2.41,PARADISO,2026-08
ELETRICO,"CABO FLEXIVEL 2,5MM VERMELHO 750V NBR247-3 - 500 M",M,2,2.41,2.41,2.41,PARADISO,2026-08
ELETRICO,"MANGUEIRA LISA PESADA PRETA 3/4"" C/ 100M - 3 RL",RO,2,3136.99,3136.99,3136.99,ARBO,2026-08
ELETRICO,"MANGUEIRA FLEXIVEL CORRUGADA AMARELA 3/4"" C/ 50M NBR15465 - 20 RL",RO,2,76.45,76.45,76.45,ARBO,2026-08
ELETRICO,"MANGUEIRA FLEXIVEL CORRUGADA AMARELA 1"" C/ 25M NBR15465 - 15 RL",RO,2,76.32,76.32,76.32,ARBO,2026-08
ELETRICO,"CABO FLEXIVEL 2,5MM VERMELHO 750V NBR247-3 - 200M",M,2,2.41,2.41,2.41,ARBO,2026-08
ELETRICO,"CABO DE COBRE NU 35MM 7FX2,5MM - NBR6524 - 64M",M,2,37.19,37.19,37.19,ARBO,2026-08
ELETRICO,TERMINAL PRESSAO BZ 50MM2 - 4 UNI,UN,2,8.23,8.23,8.23,ARBO,2026-08
ELETRICO,"HASTE P/ ATERRAMENTO TIPO CANTONEIRA 2,40M - 4 UNI",UN,2,50.83,50.83,50.83,ARBO,2026-08
ELETRICO,UNIDUT ALUMINIO PRESSAO CONICO J 1.1/4 56126/024 - 4 UNI,UN,2,7.24,7.24,7.24,ARBO,2026-08
ELETRICO,CONECTOR PARAFUSO FENDIDO 70.0MM2 - 4 UNI,UN,2,17.46,17.46,17.46,ARBO,2026-08
ELETRICO,"UNIDUTE ALUMINIO PRESSAO RETO I 1"" 56131/023 TRAMONTINA",UN,2,5.43,5.43,5.43,PARADISO,2026-07
ELETRICO,"CONDULETE ALUMINIO TIPO E S/R 1"" C/ TAMPA TRAMONTINA",UN,2,23.11,24.98,26.84,PARADISO,2026-07
ELETRICO,"CONDULETE ALUMINIO S/ ROSCA C/ TAMPA LL I 1"" TRAMONTINA",UN,2,29.63,29.63,29.63,PARADISO,2026-07
ELETRICO,"CABO PP 500V 3X01,50 MM2",UNI,2,5.96,5.96,5.96,ARBO,2026-08
ELETRICO,"CABO FLEXIVEL 4,0MM PRETO 1KV NBR247-3",M,1,3.34,3.34,3.34,DOWNTOWN,2026-01
ELETRICO,DISJUNTOR 2 X 20A 230/440V 5KA,UN,1,19.58,19.58,19.58,DOWNTOWN,2026-01
ELETRICO,DISJUNTOR 2 X 16A 240V 5KA,UN,1,19.58,19.58,19.58,DOWNTOWN,2026-01
ELETRICO,"TERMINAL PINO TUBULAR 4,0-CZ C/100",PCT,1,8.33,8.33,8.33,DOWNTOWN,2026-01
ELETRICO,"TERMINAL PINO TUBULAR 2,5-AZ C/100",PCT,1,4.85,4.85,4.85,DOWNTOWN,2026-01
ELETRICO,SUPORTE VERTICAL P/ ELETR. 100X50MM,UN,1,2.35,2.35,2.35,DOWNTOWN,2026-01
ELETRICO,ELETROCALHA GALVANIZADA PERFURADA 100X50X3M,UN,1,43.47,43.47,43.47,DOWNTOWN,2026-01
ELETRICO,CURVA HORIZONTAL P/ ELETROCALHA 90° 100 X 50MM,UN,1,8.58,8.58,8.58,DOWNTOWN,2026-01
ELETRICO,TÊ HORIZONTAL 90° 100X50MM,UN,1,14.16,14.16,14.16,DOWNTOWN,2026-01
ELETRICO,SPOT PISO PR 05W 3000K RED. PISO 30G,UNI,1,209.97,209.97,209.97,DOWNTOWN,2026-01
ELETRICO,SPOT PR 1W 3K RED PISO 32G,UNI,1,135.26,135.26,135.26,DOWNTOWN,2026-01
ELETRICO,SONDA PASSA FIO 20M POLIESTER HELICOIDAL TRAÇAO 150KG,UN,1,94.31,94.31,94.31,ARBO,2026-01
ELETRICO,"MANGUEIRA LISA PRETA REFORCADA 3/4"" C/ 100M",RL,1,208.16,208.16,208.16,PARADISO,2026-02
ELETRICO,CABO DE REDE 50M LAN INTERNET CRIMPADO RJ45 GAT6 AZUL,UNI,1,74.95,74.95,74.95,ARBO,2026-01
ELETRICO,SONDA PASSA FIO 15M HELIC. POLIES. TRAÇAO 150KG,UN,1,72.50,72.50,72.50,ARBO,2026-02
ELETRICO,KIT PORT ELET AUDIO CLASS BR HDL,UNI,1,201.74,201.74,201.74,ARBO,2026-02
ELETRICO,"CABO PP 500V 3X1,5MM PR",M,1,6.10,6.10,6.10,ARBO,2026-02
ELETRICO,MATERIAIS,UNI,1,287.91,287.91,287.91,DOWNTOWN,2026-02
ELETRICO,ELETROCALHA GALVANIZADA PERFURADA 200X100X3M,UNI,1,121.11,121.11,121.11,PARADISO,2026-03
ELETRICO,CURVA HORIZONTAL P/ ELETROCALHA 90 200 X 100MM,UNI,1,18.92,18.92,18.92,PARADISO,2026-03
ELETRICO,EMENDA INTERNA U 200 X 100MM,UNI,1,4.06,4.06,4.06,PARADISO,2026-03
ELETRICO,ELETROCALHA GALVANIZADA PERFURADA 150X100X3M,UNI,1,72.69,72.69,72.69,PARADISO,2026-03
ELETRICO,CABO PP 500V 4X4MM PR C5,M2,1,21.57,21.57,21.57,ARBO,2026-02
ELETRICO,PLUG 3P+T 32A 200/250V N4279 STK,UNI,1,47.38,47.38,47.38,ARBO,2026-02
ELETRICO,ACOPLAMENTO AZ 4X32A 250V 9H N4259 STK,UNI,1,60.75,60.75,60.75,ARBO,2026-02
ELETRICO,SERVIÇOS ELETRICOS,UNI,1,3250.00,3250.00,3250.00,ARBO,2026-02
ELETRICO,TOMADA LIZ 1T 2P+T 20A VM S/P 57115/039 TRAMONTINA,UNI,1,6.63,6.63,6.63,PARADISO,2026-03
ELETRICO,PORCA SEXTAVADA 1/4'',UN,1,0.13,0.13,0.13,PARADISO,2026-03
ELETRICO,PLACA S35 4X4 2X2SD BR 35612-50 SIMON,UNI,1,9.13,9.13,9.13,DOWNTOWN,2026-03
ELETRICO,"CABO FLEXIVEL 750V 2,5MM PRETO C/ 100M",RL,1,242.85,242.85,242.85,DOWNTOWN,2026-03
ELETRICO,TOMADA S30/35 1T 2P+T 10A BR S/P 30426-30 SIMON,UNI,1,11.54,11.54,11.54,DOWNTOWN,2026-03
ELETRICO,SUPORTE S35 2X4 HOR BR 35700-39 SIMON,UNI,1,2.46,2.46,2.46,DOWNTOWN,2026-03
ELETRICO,PLACA S35 2X4 1X1S BR 35612-30 SIMON,UNI,1,3.85,3.85,3.85,DOWNTOWN,2026-03
ELETRICO,SUPORTE S35 4X4 HOR BR 35702-39 SIMON,UNI,1,4.44,4.44,4.44,DOWNTOWN,2026-03
ELETRICO,PLACA S35 4X4 2+2S BR 35622-51 SIMON,UNI,1,15.33,15.33,15.33,DOWNTOWN,2026-03
ELETRICO,PULSADOR S30/35 CAMPAINHA BR S/P 30150-30 SIMON,UNI,1,8.75,8.75,8.75,DOWNTOWN,2026-03
ELETRICO,PLACA S35 2X4 1S HOR BR 35611-30 SIMON,UNI,1,3.86,3.86,3.86,DOWNTOWN,2026-03
ELETRICO,MODULO S30/35 CEGO BR 30800-30 SIMON,UNI,1,2.62,2.62,2.62,DOWNTOWN,2026-03
ELETRICO,"CABO FLEXIVEL 750V 2,5MM VERDE C/ 100M",RL,1,234.62,234.62,234.62,ARBO,2026-03
ELETRICO,DUTO FLEXIVEL CORRUGADO 1.1/4'' 40MM 50M C/ GUIA,RL,1,111.15,111.15,111.15,ARBO,2026-03
ELETRICO,"MANGUEIRA LISA, FITA PERFURADA AÇO",UNI,1,8379.20,8379.20,8379.20,ARBO,2026-03
ELETRICO,"CABO, DUTO",UNI,1,1853.32,1853.32,1853.32,ARBO,2026-03
ELETRICO,"FONTE DE ALIMENTAÇAO, BATERIA ELET",UNI,1,780.00,780.00,780.00,PRISBEL,2026-02
ELETRICO,EMBUTIDO LED SOLO ZOLO 1W 3000K PT,UNI,1,82.00,82.00,82.00,DOWNTOWN,2026-03
ELETRICO,MODULO TOMADA 2P+T PADRAO BRASILEIRO 20A 250V BRANCO SIMON 30 COD. 30427-30,UNI,1,8.45,8.45,8.45,PARADISO,2026-04
ELETRICO,CAMPAINHA LINHA 30 BIVOLT S/ PLACA BRANCO - SIMON 30/35 - COD. 30806-30,UNI,1,20.06,20.06,20.06,PARADISO,2026-04
ELETRICO,PLACA 4X2 3 POSTOS HORIZONTAIS BRANCO SIMON 35 COD. 35613-30,UNI,1,2.97,2.97,2.97,PARADISO,2026-04
ELETRICO,MODULO COMPLEMENTO SAIDA DE FIO NBR14136 E NM60884-1 - BRANCO - SIMON 30 - COD. 30801-30,UNI,1,1.72,1.72,1.72,PARADISO,2026-04
ELETRICO,PLACA 4X2 RESISTENTE A AGUA C/ SUPORTE BRANCA COD. 26107100-30 SIMON 26,UNI,1,63.55,63.55,63.55,PARADISO,2026-04
ELETRICO,MÓDULO TOMADA 2P+T PADRÃO BRASILEIRO 10A BRANCO COD. 2610426-030 SIMON 26,UNI,1,10.98,10.98,10.98,PARADISO,2026-04
ELETRICO,MÓDULO TAMPA CEGA - BRANCO COD. 2610800-030 SIMON 26,UNI,1,5.42,5.42,5.42,PARADISO,2026-04
ELETRICO,"CABO FLEXIVEL 1,5MM BRANCO 750V NBR247-3",M,1,1.46,1.46,1.46,PARADISO,2026-04
ELETRICO,"CONDULETE ALUMINIO TIPO T S/R S/T 1"" TRAMONTINA",UN,1,19.49,19.49,19.49,PARADISO,2026-04
ELETRICO,"CONDULETE ALUMINIO TIPO LL S/R 1"" S/T TRAMONTINA",UN,1,17.50,17.50,17.50,PARADISO,2026-04
ELETRICO,TOMADA CONDULETE ALUM 1T 2P+T 10A RED PR,UN,1,6.08,6.08,6.08,PARADISO,2026-04
ELETRICO,TAMPA P/ CONDULETE 1'' P/ 1T. RED. NR16 56117/021 TRAMONTINA,UN,1,8.00,8.00,8.00,PARADISO,2026-04
ELETRICO,BOX ALUMINIO RETO P/ ELETR. 1'' TRAMONTINA,UN,1,5.31,5.31,5.31,PARADISO,2026-04
ELETRICO,"CONDULETE ALUMINIO S/R S/T TIPO C 1"" TRAMONTINA",UN,1,17.18,17.18,17.18,PARADISO,2026-04
ELETRICO,"CONDULETE ALUMINIO S/R S/T TIPO E 1"" TRAMONTINA",UN,1,15.77,15.77,15.77,PARADISO,2026-04
ELETRICO,"TAMPA P/ CONDULETE DE ALUMINIO 1"" CEGA NR00 56117/007 TRAMONTINA",UN,1,4.94,4.94,4.94,PARADISO,2026-04
ELETRICO,CURVA GALVANIZADA ELETROLITICA P/ ELET. 90G I 1'' LEVE,UN,1,3.61,3.61,3.61,PARADISO,2026-04
ELETRICO,LUVA GE P/ ELET 1'',PC,1,1.47,1.47,1.47,PARADISO,2026-04
ELETRICO,"CABO FLEXIVEL 16,0MM AZUL 750V NBR247-3",M,1,15.84,15.84,15.84,PARADISO,2026-04
ELETRICO,"CABO FLEXIVEL 16,0MM PRETO 750V NBR247-3",M,1,15.84,15.84,15.84,PARADISO,2026-04
ELETRICO,DISJUNTOR 3 X 25A 220V 5KA,UNI,1,35.95,35.95,35.95,PARADISO,2026-04
ELETRICO,DISJUNTOR 3 X 32A 230/440V 5KA,UNI,1,34.77,34.77,34.77,PARADISO,2026-04
ELETRICO,CHUMBADOR CONE/JAQUETA GALVANIZADO 3/8'',UNI,1,0.74,0.74,0.74,ARBO,2026-04
ELETRICO,"VERGALHAO GALVANIZADO C/ ROSCA TOTAL 3/8"" X3M",UNI,1,14.91,14.91,14.91,ARBO,2026-04
ELETRICO,PLATAFORMA SUPER DE ELEVAÇAO MANUAL - CONTRATO 017278 22/02 A 21/03,UNI,1,15574.06,15574.06,15574.06,PARADISO,2026-03
ELETRICO,PINOS CADEIRINHA,UNI,1,989.85,989.85,989.85,PARADISO,2026-03
ELETRICO,"MANGUEIRA LISA PESADA PRETA 3/4"" C/ 100M",RL,1,168.46,168.46,168.46,PARADISO,2026-04
ELETRICO,"BARRA CONDUTORA GALVANIZADA 3/8"" X 3M TEL763",UNI,1,36.90,36.90,36.90,UPTOWN,2026-04
ELETRICO,CHAVE COMBINADA 13MM,UNI,1,12.96,12.96,12.96,UPTOWN,2026-04
ELETRICO,CHAVE COMBINADA 14MM,UNI,1,14.36,14.36,14.36,UPTOWN,2026-04
ELETRICO,PAINEL RETANGULAR SOBREPOR SLIM 10X60 18W COR BRANCO FRIO 127/220V,UNI,1,91.89,91.89,91.89,DOWNTOWN,2026-04
ELETRICO,"CABO FLEXIVEL 6,0MM VERDE 750V NBR247-3",M,1,5.66,5.66,5.66,PARADISO,2026-05
ELETRICO,"CABO FLEXIVEL 4,0MM VERDE 750V NBR247-3",M,1,3.78,3.78,3.78,PARADISO,2026-05
ELETRICO,CABO DE REDE INTERNET CMX CAT5E UTP LINKEO AZUL,M,1,2.64,2.64,2.64,VINHATICO,2026-05
ELETRICO,"CABO PLASTICHUMBO 750V 2X1,50MM2",M,1,5.84,5.84,5.84,PARADISO,2026-05
ELETRICO,"CABO PLASTICHUMBO 750V 2X2,50MM2",M,1,8.62,8.62,8.62,PARADISO,2026-05
ELETRICO,"LUMINARIA SOBREPOR COMPOSTA POR SISTEMA LINEAR DE 100CM, SISTEMA DE ILUMINAÇÃO INCORPORADA",UNI,1,1404.50,1404.50,1404.50,PARADISO,2026-06
ELETRICO,"TERMINAL ILHOS TUBULAR PRE-ISOLADO 2,5MM AZUL C/ 100UN",PCT,1,19.41,19.41,19.41,PARADISO,2026-06
ELETRICO,"TERMINAL TUBULAR P/ C. 4,00MM C/ 100",PCT,1,25.74,25.74,25.74,PARADISO,2026-06
ELETRICO,"TERMINAL TUBULAR P/ C. 6,00MM C/ 100",PCT,1,35.31,35.31,35.31,PARADISO,2026-06
ELETRICO,TERMINAL TUBULAR P/ C. 16MM FLEX. AZ C/ 30,UN,1,25.79,25.79,25.79,PARADISO,2026-06
ELETRICO,"SPOT PICCO BR/BR 3W 2,7K QUA EMB 34G",UNI,1,123.51,123.51,123.51,PARADISO,2026-06
ELETRICO,PLAFON BR 30W 4K BIV QUA 40CM KDL,UNI,1,119.00,119.00,119.00,ESCRITORIO LOURDES,2026-06
ELETRICO,CAIXA DE INSPEÇAO PADRAO CEMIG TIPO ZC 770X660X900 PREMOLDADA CONCRETO,UN,1,475.68,475.68,475.68,ARBO,2026-06
ELETRICO,TAMPA C/ ARO P/ CAIXA TIPO ZC 951 X 846,UN,1,1776.61,1776.61,1776.61,ARBO,2026-06
ELETRICO,BUCHA ALUMINIO P/ ELETRODUTO 4'',UN,1,12.36,12.36,12.36,ARBO,2026-06
ELETRICO,"ARRUELA DE ALUMINIO DE 4""",UN,1,20.00,20.00,20.00,ARBO,2026-06
ELETRICO,"CABO FLEXIVEL 16,0MM PRETO 750V NBR247-3 - 991M",M,1,16136.04,16136.04,16136.04,PARADISO,2026-06
ELETRICO,"CABO FLEXIVEL 16,0MM VERDE 750V NBR247-3 - 331M",M,1,16.40,16.40,16.40,PARADISO,2026-06
ELETRICO,"CABO FLEXIVEL 16,0MM AZUL 750V NBR247-3 - 331M",M,1,16.40,16.40,16.40,PARADISO,2026-06
ELETRICO,CABO FLEXIVEL 10MM PRETO 750V NBR247-3 - 500M,M,1,10.26,10.26,10.26,PARADISO,2026-06
ELETRICO,CABO FLEXIVEL 10MM AZUL 750V NBR247-3 - 280M,M,1,10.26,10.26,10.26,PARADISO,2026-06
ELETRICO,"CABO FLEXIVEL 10,0MM VERDE 750V NBR247-3 - 280M",M,1,10.26,10.26,10.26,PARADISO,2026-06
ELETRICO,"CABO FLEXÍVEL 6,0MM PRETO 750V NBR247-3 - 300M",M,1,5.71,5.71,5.71,PARADISO,2026-06
ELETRICO,"CABO FLEXIVEL 4,0MM PRETO 750V NBR247-3 - 200M",M,1,3.81,3.81,3.81,PARADISO,2026-06
ELETRICO,"CABO FLEXIVEL 2,50 MM VERDE 750V NBR247-3 - 1000M",UNI,1,2.32,2.32,2.32,PARADISO,2026-06
ELETRICO,"MANGUEIRA FLEXIVEL CORRUGADA AMARELA 1/2"" C/ 50M NBR15465 - 1",RO,1,43.97,43.97,43.97,PARADISO,2026-06
ELETRICO,TOMADA LINHA 30 2P+T 20A S/PL. VERMELHA 30427-39 SIMON,UNI,1,10.10,10.10,10.10,PARADISO,2026-06
ELETRICO,TERMINAL TUBULAR P/ COMPRESSAO 25MM FLEX. AMARELO,UNI,1,1.46,1.46,1.46,PARADISO,2026-06
ELETRICO,TERMINAL TUBULAR P/ COMPRESSAO 35MM FLEX. BG/VM,UNI,1,1.83,1.83,1.83,PARADISO,2026-06
ELETRICO,"BALIZADOR PRM 2,5W 2,7K BIVOLT SOBREPOR 4022 IGH",UNI,1,360.68,360.68,360.68,PARADISO,2026-07
ELETRICO,SPOT PR 1W 3K RED PISO 24G STL21712 STE,UNI,1,152.49,152.49,152.49,PARADISO,2026-07
ELETRICO,"SPOT PICCO BR/BR 7W 2,7K QUA EMB 34G",UNI,1,157.48,157.48,157.48,PARADISO,2026-07
ELETRICO,TOMADA SOBREPOR 2P+T 10A BR 047582 INTERNEED,UN,1,6.08,6.08,6.08,VINHATICO,2026-07
ELETRICO,INTERRUPTOR SOBREPOR 1S BR 47674,UN,1,6.44,6.44,6.44,VINHATICO,2026-07
ELETRICO,QUADRO ELETRICO DE COMANDO E AUTOMAÇAO SISTEMA AQUECIMENTO,UNI,1,32810.81,32810.81,32810.81,PARADISO,2026-06
ELETRICO,"CONDULETE ALUMINIO S/ ROSCA C/ TAMPA LR I 1"" TRAMONTINA",UN,1,28.48,28.48,28.48,PARADISO,2026-07
ELETRICO,CURVA 90 GALVANIZADA SEMI PESADA 1'',UN,1,5.41,5.41,5.41,PARADISO,2026-07
ELETRICO,P GANCHO CURTO P PERFILADO 38MM #16,UN,1,1.54,1.54,1.54,PARADISO,2026-07
ELETRICO,CAIXINHA PVC 4X4 P/ GESSO DRY WALL,UN,1,6.01,6.01,6.01,PARADISO,2026-07
ELETRICO,CAIXINHA PVC 2X4 P/ GESSO DRY WALL,UN,1,4.02,4.02,4.02,PARADISO,2026-07
ELETRICO,CAIXA DE PASSAGEM PVC EMBUTIR 15X15X10CM TIGRE,UN,1,43.62,43.62,43.62,PARADISO,2026-07
ELETRICO,DUCHA MAXI DUCHA 220V LORENZETTI,UNI,1,208.20,208.20,208.20,UPTOWN,2026-07
ELETRICO,PLUG MACHO PR 10A 2P+T NBR14136,UNI,1,3.63,3.63,3.63,ARBO,2026-08
ELETRICO,PLUG 2P+T 20A MACHO CINZA,UNI,1,5.63,5.63,5.63,ARBO,2026-08
ELETRICO,PLUG FEMEA PR 10A 2P+T NBR14136,UNI,1,4.54,4.54,4.54,ARBO,2026-08
ELETRICO,PLUG 2P+T 20A FEMEA CINZA,UNI,1,6.70,6.70,6.70,ARBO,2026-08
ELETRICO,SONDA PASSA FIO 20M HELIC. POLIES. TRAÇAO 80KG,UNI,1,72.75,72.75,72.75,PARADISO,2026-08
ELETRICO,RELE FOTOELETRICO P/ BASE BIVOLT 1200/1800VA QR53,UNI,1,19.43,19.43,19.43,ARBO,2026-08
ELETRICO,BASE C/ HASTE B10A P/RELE FOTOELETRICO ABNT,UNI,1,37.77,37.77,37.77,ARBO,2026-08
ELETRICO,"CORDAO PARALELO 300V 2X1,50MM2 BRANCO",UNI,1,3.60,3.60,3.60,PARADISO,2026-08
ELETRICO,RL CABO 750V 4MM AZ C4 100M,UNI,1,405.22,405.22,405.22,PARADISO,2026-08
ELETRICO,RL CABO 750V 4MM PR C4 100M,UNI,1,405.22,405.22,405.22,PARADISO,2026-08
ELETRICO,HASTE TERRA BX CA COBRE 10MIC 15X2400MM,UNI,1,50.83,50.83,50.83,ARBO,2026-08
ELETRICO,"PROJETOR LED 500W 6,5K 37500L BIVOLT PRETO AVANT",UNI,1,374.46,374.46,374.46,ARBO,2026-08
FERRAMENTAS,"DISCO CORTE AÇO 115X1,0X22,23MM",UNI,6,1.84,2.41,2.90,ARBO|CELEBRATION|PARADISO|UPTOWN,2026-07
FERRAMENTAS,CARRINHO DE MAO SUPER REFORÇADO CH14 76L RODA MACIÇA,UNI,5,586.85,586.85,597.52,ARBO|CELEBRATION|UPTOWN|VINHATICO,2026-08
FERRAMENTAS,ESMERILHADEIRA 4.1/2'' GWS850 850W 220V M14 BOSCH,UNI,5,367.29,375.94,382.53,ARBO|CELEBRATION|UPTOWN|VINHATICO,2026-07
FERRAMENTAS,ALICATE PRENSA TERMINAL BATERIA 20V CRIMPAR 12T C/ 2 BATERIAS 5AH E CARREGADOR BIVOLT E MATRIZES 16-400MM2 INGCO,UNI,5,1487.80,1487.80,1487.80,PARADISO,2026-10
FERRAMENTAS,FURADEIRA IMPACTO 3/8'' VVR 110V 500W FIV595 VONDER,UNI,4,228.77,228.77,228.77,ARBO|CELEBRATION|PARADISO|VINHATICO,2026-06
FERRAMENTAS,"MEDIDOR DISTANCIA TRENA LASER 50M 2 PILHAS GLM50-12 BOSCH - 1 UNID. 588,28",UNI,3,1083.98,1083.99,1084.31,ARBO,2026-04
FERRAMENTAS,POLICORTE SERRA RAPIDA 14'' 2050W 220V MAKITA - 1 UNID,UN,3,1820.08,1820.09,1820.63,ARBO,2026-09
FERRAMENTAS,SERRA MARMORE 1500W 220V GDC151 BOSCH - 2 UNID,UN,3,585.60,585.60,585.60,ARBO,2026-09
FERRAMENTAS,FURADEIRA IMPACTO PARAFUSADEIRA BATERIA 1/2'' 18V GSB185 KIT 23PÇS BIVOLT BOSCH - 2 UNID,UN,3,859.58,859.58,859.58,ARBO,2026-09
FERRAMENTAS,ESMERILHADEIRA BATERIA 18V 2 BATERIAS 4AH E CARREGADOR BOSCH - 1 UNID,UN,3,1227.16,1227.16,1227.16,ARBO,2026-09
FERRAMENTAS,TORQUES CID 13,UNI,3,384.97,484.90,499.90,UPTOWN|VINHATICO,2026-08
FERRAMENTAS,PALETEIRA MANUAL 3000KG MENEGOTTI,UNI,2,1550.00,1550.00,1550.00,DOWNTOWN|PARADISO,2026-08
FERRAMENTAS,FURADEIRA DE IMPACTO PERFURADOR/ROMPEDOR GBH2-26 220V 800W BOSCH - 1 UNID.,UNI,2,1010.38,1010.38,1010.39,ARBO,2026-07
FERRAMENTAS,SERRA MARMORE MAKITA 1450W 4100NH2- 220V - 1 UNID.,UNI,2,556.30,556.30,556.30,ARBO,2026-07
FERRAMENTAS,KIT SERRA COPO 15PÇS 16-76MM MASTER TRAMONTINA - 1 UNID.,UNI,2,637.40,637.40,637.40,ARBO,2026-07
FERRAMENTAS,TESOURA CORTA VERGALHAO 42'' CAPACIDADE DE CORTE ATÉ 5/8'' 16MM,UN,2,539.41,1062.65,1585.90,ARBO|UPTOWN,2026-08
FERRAMENTAS,BOMBA TRANSFERENCIA OLEO DIESEL 12V C/FILTRO 25L/MIN MAC-12 MAC LUB,UNI,1,602.91,602.91,602.91,CELEBRATION,2026-01
FERRAMENTAS,"ROÇADEIRA À GASOLINA FS120 3FACAS 250MM 30,8 1,3KW 1,8CV STIHL",UNI,1,1653.33,1653.33,1653.33,CELEBRATION,2026-01
FERRAMENTAS,"TALHA MANUAL CORRENTE DE 5,0M 3000KG VONDER",UNI,1,1123.72,1123.72,1123.72,ARBO,2026-01
FERRAMENTAS,NIVEL ALUMINIO 200CM 80'' MAGNÉTICO 3 BOLHAS,UNI,1,211.82,211.82,211.82,ARBO,2026-01
FERRAMENTAS,"ESQUADROS, TRENAS",UNI,1,440.18,440.18,440.18,ARBO,2026-01
FERRAMENTAS,"MARTELETE PERFURADOR ROMPEDOR SDS PLUS 2,9KG 800W HR2470 220V MAKITA",UNI,1,789.48,789.48,789.48,PARADISO,2026-02
FERRAMENTAS,SERRA MARMORE 4100NH2 1450W 220V MAKITA + 10 DISCOS 110MM FURO 20MMVERMELHO MAKITA,UNI,1,1258.86,1258.86,1258.86,ARBO,2026-02
FERRAMENTAS,MEDIDOR DISTANCIA TRENA LASER 50M 2 PILHAS GLM50-12 BOSCH,UNI,1,588.28,588.28,588.28,PARADISO,2026-03
FERRAMENTAS,"SERRA CIRCULAR ELET. 220V MONOF 7.1/4""-1800W 5007N MAKITA 5800RP",UNI,1,986.93,986.93,986.93,UPTOWN,2026-04
FERRAMENTAS,DISCO DESBASTE P/ LIXADEIRA 4.1/2''X1/4''X7/8'',UNI,1,7.39,7.39,7.39,CELEBRATION,2026-04
FERRAMENTAS,SERRA MARMORE 1500W 220V GDC151 BOSCH,UNI,1,585.61,585.61,585.61,ARBO,2026-04
FERRAMENTAS,"TELA FACHADEIRA POLIETILENOBRANCA 3,0 X 100M",RL,1,650.00,650.00,650.00,PARADISO,2026-04
FERRAMENTAS,SERRA CIRCULAR ELETRICA 127V 7.1/4'' 1800W 5007N MAKITA,UNI,1,986.93,986.93,986.93,VINHATICO,2026-04
FERRAMENTAS,"SERRA POLICORTE 14"" 220V 2400W GCO1424 3500RPM BOSCH",UNI,1,1991.04,1991.04,1991.04,VINHATICO,2026-04
FERRAMENTAS,FURADEIRA DE IMPACTO 1/2'' BOSCH GSB13RE 750W 220V,UNI,1,474.82,474.82,474.82,PARADISO,2026-04
FERRAMENTAS,PARAFUSO GALVANIZADO FENDA C/ BUCHA S-6 C/ 100,PCT,1,45.06,45.06,45.06,PARADISO,2026-04
FERRAMENTAS,ESMERILHADEIRA 9'' 2200W GWS2200-230 220V BOSCH VULCANO,UNI,1,902.08,902.08,902.08,VINHATICO,2026-05
FERRAMENTAS,DISCO CORTE FERRO 9 X 1/8 STANDARD BOSCH,UNI,1,11.59,11.59,11.59,VINHATICO,2026-05
FERRAMENTAS,SERRA CIRCULAR MANUAL 7.1/4'' GKS150 1500W BOSCH 110V,UNI,1,892.76,892.76,892.76,VINHATICO,2026-05
FERRAMENTAS,"MARTELETE PERFURADOROMPEDOR SDS PLUS 2,8KG 820W GBH2-24D BOSCH",UNI,1,808.05,808.05,808.05,ARBO,2026-05
FERRAMENTAS,LAVADORA 2100LB 1900W 220V MONO MOT INDUÇAO C/ RODA K5 NEW KARCHER,UNI,1,1158.00,1158.00,1158.00,VINHATICO,2026-06
FERRAMENTAS,ESMERILHADEIRA ANGULAR A BATERIA 20V 3 VELOC C/ 2 BATERIAS E CARREGADOR,UNI,1,1107.38,1107.38,1107.38,ARBO,2026-06
FERRAMENTAS,NIVEL LASER VERDE 50 METROS GCL2-50G C/TRIPE 0601066M01 BOSCH,UNI,1,3219.64,3219.64,3219.64,VINHATICO,2026-07
FERRAMENTAS,PARAFUSADEIRA FURADEIRA A BATERIA 12V BIVOLT 3/8” GSR 120-LI BOSCH,UNI,1,184.51,184.51,184.51,UPTOWN,2026-07
FERRAMENTAS,TESOURA CORTA VERGALHAO 24'' 3/8'',UNI,1,191.76,191.76,191.76,ARBO,2026-08
FERRAMENTAS,ESPATULA DE AÇO INOX C/ CABO DE MADEIRA 12CM,UNI,1,12.68,12.68,12.68,ARBO,2026-08
FERRAMENTAS,ASPIRADOR SOPRADOR PO 680W 127V MONO SAV680 VONDER,UNI,1,389.91,389.91,389.91,PARADISO,2026-08
FERRAMENTAS,POLICORTE SERRA RAPIDA 14'' 2050W 220V MAKITA,UNI,1,1343.28,1343.28,1343.28,UPTOWN,2026-08
FERRAMENTAS,"CHAPA C/ PINOS P/ VIRAR FERRO 3/4""",UNI,1,323.73,323.73,323.73,UPTOWN,2026-08
FERRAMENTAS,PONTEIRO SDS MAX 400MM VONDER,UNI,1,39.58,39.58,39.58,ARBO,2026-08
FERRAMENTAS,TALHADEIRA SDS MAX 25X400MM VONDER,UNI,1,41.08,41.08,41.08,ARBO,2026-08
FERRAMENTAS,RADIO COMUNICADORTALKABOUT 35KM AMARELO T470BR MOTOROLA,UNI,1,814.96,814.96,814.96,ARBO,2026-08
FERRAMENTAS,"ESPATULA AÇO INOX 6255 / 20 12,5CM",UNI,1,18.50,18.50,18.50,ARBO,2026-08
FERRAMENTAS,"PÉ DE CABRA LISO 1'' X1 ,5M",UNI,1,122.90,122.90,122.90,VINHATICO,2026-07
FERRAMENTAS,"PE DE CABRA LISO 3/4"" X 60CM",UNI,1,42.90,42.90,42.90,VINHATICO,2026-07
FERRAMENTAS,PEGADOR PEÇAS MAGNETICO TELESCOPIO ALUM 96CM VONDER,UNI,1,95.14,95.14,95.14,UPTOWN,2026-08
GAS,TUBO LUVA GAS 1'',M,1,13.40,13.40,13.40,MANUTENÇAO,2026-01
GAS,CAIXA PARA MEDIDOR DE GAS SOBREPOR VENT INFERIOR 500X500X200,UNI,1,580.00,580.00,580.00,PARADISO,2026-03
GESSO,FRETE (PRODUTO),UNI,204,18.00,180.00,13681.39,ARBO|CELEBRATION|DOWNTOWN|ESCRITORIO LOURDES|MANUTENÇAO|PARA,2026-08
GESSO,GESSO LENTO EM PO SC 40KG NBR13207,SC,8,24.90,24.90,26.20,ARBO|PARADISO,2026-08
GESSO,"PLACA DE GESSO CHATA ST 1,20X1,80 NBR12775",UN,7,33.50,35.10,35.90,MANUTENÇAO|PARADISO,2026-07
GESSO,PERFIL F530 C/ 3M,UN,6,9.90,10.40,10.90,ESCRITORIO LOURDES|PARADISO,2026-08
GESSO,"PLACA DE GESSO VERDE RU 1,20MX1,80M NBR 14715-1, NBR 14715-2",PC,5,47.90,47.90,50.90,ESCRITORIO LOURDES|MANUTENÇAO|PARADISO,2026-07
GESSO,MASSA DRYWALL 25KG,BD,5,53.90,53.90,56.90,ESCRITORIO LOURDES|MANUTENÇAO|PARADISO,2026-07
GESSO,FITA TELA AZUL / 90M X 48MM,RO,5,15.90,18.90,18.90,ESCRITORIO LOURDES|MANUTENÇAO|PARADISO,2026-07
GESSO,"PLACA DE GESSO BRANCA 2,00MX0,60CM NBR12775",PC,5,18.00,19.90,20.95,PARADISO,2026-06
GESSO,PARAFUSO PONTA AGULHA GN25 C/ 1000,CX,4,31.90,35.90,35.90,ARBO|PARADISO,2026-08
GESSO,PINO LISO C/ ARRUELA 23MM X 1/4'' X 28MM C/ 100,PCT,3,30.00,30.00,36.90,ARBO|PARADISO,2026-08
GESSO,CANTONEIRA L 25X30 C/ 3M,UN,3,7.90,7.90,7.90,ESCRITORIO LOURDES|PARADISO,2026-06
GESSO,BASECOAT 20KG,SC,3,57.90,61.90,61.90,PARADISO,2026-05
GESSO,MONTANTE 70X3M,PC,3,14.50,15.25,16.25,MANUTENÇAO|PARADISO,2026-07
GESSO,FINCAPINO PENTE CAL. 27 AMARELO C/100,PCT,3,41.95,42.50,42.50,ARBO|PARADISO,2026-08
GESSO,SISAL ESTOPA,KG,2,9.90,9.90,9.90,ESCRITORIO LOURDES|PARADISO,2026-06
GESSO,TABICA BRANCA C/ 3M,PC,2,11.90,11.90,11.90,PARADISO,2026-06
GESSO,GUIA 90MM X 3M PARA STEEL FRAME,UNI,2,49.90,49.90,49.90,PARADISO,2026-04
GESSO,EMENDA PERFIL F530,UN,2,1.35,1.48,1.61,PARADISO,2026-06
GESSO,GUIA 70MM X 3M,UN,2,13.90,13.90,13.90,MANUTENÇAO,2026-07
GESSO,LÃ DE ROCHA 1350X600X51MM 32KG ROCK-PAD LEV,UN,2,135.90,135.90,135.90,MANUTENÇAO,2026-07
GESSO,PARAFUSO PARA DRYWALL 45MM GN45 C/ 500,PCT,2,55.90,55.90,55.90,MANUTENÇAO,2026-07
GESSO,PRESILHA EM AÇO F530,UN,2,1.40,1.40,1.40,PARADISO,2026-06
GESSO,PINO C/ ROSCA 1/4'' 27 30X20 C/ 100 WALSYWA,PCT,2,47.90,47.90,47.90,ARBO|PARADISO,2026-08
GESSO,"PORCA GALVANIZADA 1/4""",UNI,1,0.10,0.10,0.10,PARADISO,2026-01
GESSO,PINO C/ ROSCA 30/20 TIRO INDIRETO/PISTAO C/ 100,CX,1,50.00,50.00,50.00,PARADISO,2026-01
GESSO,TELA DE FIBRA DE VIDRO 1X50M - TTR150 - WALSYWA,UN,1,311.00,311.00,311.00,PARADISO,2026-02
GESSO,CARTUCHO MAGAZINE 10 TIROS - 20 PCT,UNI,1,1095.00,1095.00,1095.00,ARBO,2026-02
GESSO,GESSO COLA 5KG,UN,1,8.50,8.50,8.50,ESCRITORIO LOURDES,2026-02
GESSO,PARAFUSO GN25 PONTA E BROCA C/ 1000,CX,1,31.90,31.90,31.90,PARADISO,2026-03
GESSO,"PLACA CIMENTICIA 1,20MX2,40MX8MM",UN,1,89.90,89.90,89.90,PARADISO,2026-03
GESSO,FITA FIBROTAPE 10CM X 46M WALSYWA,RO,1,31.10,31.10,31.10,PARADISO,2026-03
GESSO,"MEMBRANA HIDROFUGA WALWRAP 1,05X50MT BRANCA",UNI,1,379.90,379.90,379.90,PARADISO,2026-04
GESSO,MONTANTE 90MM X 3M PARA STEEL FRAME,UN,1,53.90,53.90,53.90,PARADISO,2026-04
GESSO,"PARAFUSO STEEL FRAMING S/ ALETAS PB 8X1.1/4 100 PC (4,2X32 MM)",UN,1,19.90,19.90,19.90,PARADISO,2026-04
GESSO,TELA DE FIBRA DE VIDRO WALTEX MINI 10CM X 50M,PC,1,52.90,52.90,52.90,PARADISO,2026-04
GESSO,PINO COM ROSCA 1/4'' CAL 27 WALSYWA,PCT,1,45.90,45.90,45.90,PARADISO,2026-03
GESSO,JUNÇAO H C/ 100,PCT,1,14.90,14.90,14.90,PARADISO,2026-05
GESSO,ARAME GALVANIZADO N20,KG,1,25.90,25.90,25.90,PARADISO,2026-05
GESSO,PERFIL CANT L 25X30 LISA 3 MTS ANANDA 0.50,UN,1,8.90,8.90,8.90,PARADISO,2026-08
GESSO,"PLACA DE GESSO RESISTENTE A FOGO 1,20MX1,80M 12,5MM NBR 14715-1, NBR 14715-2",UN,1,50.90,50.90,50.90,PARADISO,2026-08
GESSO,GESSO REVESTIMENTO INGESSOR 40 KG,PCT,1,26.20,26.20,26.20,PARADISO,2026-08
GESSO,ARAME GALVANIZADO BWG10,RO,1,79.50,79.50,79.50,PARADISO,2026-08
GESSO,DESEMPENADEIRA 305/00 GESSO 12X29 GALO,UNI,1,55.90,55.90,55.90,ARBO,2026-08
HIDRAULICO,TUBO DE PVC SOLDAVEL DE 25MM X 6M NBR5648,UNI,7,13.26,14.66,20.79,ARBO|PARADISO,2026-08
HIDRAULICO,ANEL DE BORRACHA ESGOTO 100MM NBR5688,UNI,4,0.50,1.73,2.04,ARBO|PARADISO,2026-07
HIDRAULICO,TUBO DE PVC SOLDAVEL DE 20MM X 6M NBR5648,UNI,4,12.01,17.23,18.88,ARBO|PARADISO,2026-08
HIDRAULICO,"LIGAÇAO FLEXIVEL INOX TRANÇADA 1/2"" X 40CM - 148 UNID.",UNI,4,3029.54,3029.54,3029.54,PARADISO,2026-07
HIDRAULICO,LIGAÇAO FLEXIVEL INOX TRANÇADA 1/2'' X 60CM - 272 UNID.,UNI,4,18.53,18.53,18.53,PARADISO,2026-07
HIDRAULICO,SIFAO SANFONADO PVC UNIVERSAL CROMADO 70CM BLUKIT - 239 UNID.,UNI,4,19.68,19.68,19.68,PARADISO,2026-07
HIDRAULICO,VALVULA LAVATORIO METAL S/ LADRAO 1603 - 18 UNID.,UNI,4,11.46,11.46,11.46,PARADISO,2026-07
HIDRAULICO,JOELHO ESGOTO 90 X 40MM NBR5688,UNI,3,1.05,1.38,1.41,PARADISO,2026-04
HIDRAULICO,JOELHO 90 C/ ANEL 40MM ESGOTO NBR5688,UNI,3,3.59,4.69,4.82,ARBO|PARADISO,2026-04
HIDRAULICO,TUBO PVC ESGOTO 100MM X 6M NBR5648,UNI,3,53.09,53.36,69.64,ARBO|PARADISO,2026-06
HIDRAULICO,ANEL DE BORRACHA ESGOTO 50MM NBR5688,UNI,3,0.30,1.07,1.08,ARBO|PARADISO,2026-06
HIDRAULICO,JOELHO ESGOTO 45 X 100MM NBR5688,UNI,3,5.69,5.71,6.32,ARBO|PARADISO,2026-07
HIDRAULICO,CUBA DE SEMIENCAIXE 400X400MM COM MESA P/ METAL T10 TERRA COR BRANCO - 46 UNID.,UNI,3,5966.60,5966.60,5966.78,PARADISO,2026-03
HIDRAULICO,"JOELHO 90 SOLDAVEL BUCHA LATAO 20MM X 1/2"" NBR5688",UNI,3,4.47,4.97,5.11,ARBO|PARADISO,2026-04
HIDRAULICO,JOELHO 90 SOLDAVEL DE 25MM NBR5688,UNI,3,0.51,0.58,0.60,PARADISO,2026-08
HIDRAULICO,PASTA LUBRIFICANTE 1000G,UNI,3,22.47,22.47,26.45,ARBO|PARADISO,2026-06
HIDRAULICO,CORPO CAIXA SIFONADA DE 150 X 150 X 50MM N5 NBR5688,UNI,3,29.64,29.65,29.99,PARADISO,2026-06
HIDRAULICO,MICTORIO SIFONADO BRANCO CELITE- NBR 15097,UNI,3,318.12,318.12,318.12,ARBO|PARADISO|UPTOWN,2026-05
HIDRAULICO,MATERIAL DIVERSOS,UNI,3,326.50,588.00,1539.70,ARBO|PARADISO,2026-03
HIDRAULICO,FITA VEDAROSCA 18MM X 50M,RL,3,7.04,7.09,8.36,ARBO|PARADISO,2026-06
HIDRAULICO,"BACIA PARA CAIXA, FABRICADA EM CERAMICA - 155 PÇS",UNI,3,36923.12,36923.13,36924.24,PARADISO,2026-05
HIDRAULICO,CAIXA DE DESCARGA SANITARIA - 155 PÇS,UNI,3,249.83,249.83,249.83,PARADISO,2026-05
HIDRAULICO,CJ DE FIXAÇAO P /SUPORTE - 155 PÇS,UNI,3,23.82,23.82,23.82,PARADISO,2026-05
HIDRAULICO,TORNEIRA DE MESA PARA LAVATORIO LIFT CROMADO - 40 PÇS,UNI,3,3252.50,3252.50,3252.60,PARADISO,2026-05
HIDRAULICO,"ACABAMENTO DOCOL BASE PARA REGISTRO 1/2'', 3/4'' E 1'' GALI CROMADO - 285 PÇS",UN,3,15000.06,15000.06,15000.52,PARADISO,2026-05
HIDRAULICO,TORNEIRA DE MESA PARA LAVATORIO LIFT CROMADO - 3 PÇS,UNI,3,815.19,815.19,815.20,PARADISO,2026-05
HIDRAULICO,TORNEIRA COZINHA MESA BICA ALTA 90 MOVEL NOVA LOGGICA CR - 39 PÇS,UNI,3,2784.83,2784.83,2784.83,PARADISO,2026-05
HIDRAULICO,TORNEIRA DE PAREDE PARA COZINHA NOVA LOGGICA CROMADO - 36 PÇS,UNI,3,2537.25,2537.25,2537.34,PARADISO,2026-06
HIDRAULICO,TORNEIRA DE PAREDE PARA COZINHA NOVA LOGGICA CROMADO - 9 PÇS,UNI,3,634.25,634.25,634.28,PARADISO,2026-06
HIDRAULICO,LUVA DE CORRER ESGOTO 150MM NBR5688 TIGRE,UNI,3,30.34,30.34,30.34,ARBO,2026-05
HIDRAULICO,LUVA DE CORRER ESGOTO 100MM NBR5688 TIGRE,UNI,3,8.69,8.69,13.26,ARBO,2026-07
HIDRAULICO,ANEL DE VEDAÇAO COM GUIA PARA BACIA HIDRAULICA,UNI,3,746.28,746.28,746.28,PARADISO,2026-05
HIDRAULICO,ACABAMENTO MONO P/ CHUVEIRO E DUCHA HIG ALTA PRESSAO 1/2'' LIFT CR - 120 PÇS,UNI,3,9269.11,9269.11,9269.38,PARADISO,2026-06
HIDRAULICO,JOELHO ESGOTO 45 X 40MM NBR5688,UNI,2,1.17,1.36,1.56,PARADISO,2026-03
HIDRAULICO,"BUJAO BR A 1/2"" NBR5688",UNI,2,1.04,1.04,1.05,PARADISO,2026-03
HIDRAULICO,CONECTOR AQUATHERM MACHO 22MM X 3/4'' TIGRE NBR15884-2,UNI,2,13.16,13.71,14.27,PARADISO,2026-04
HIDRAULICO,JUNÇAO ESGOTO SIMPLES 100MM X 50MM NBR 5688,UNI,2,11.11,11.23,11.36,ARBO|PARADISO,2026-03
HIDRAULICO,PARABOLT 3/8'' JAQUETA E CONE,UNI,2,0.98,1.01,1.04,ARBO|PARADISO,2026-02
HIDRAULICO,TUBO AQUATHERM 42MM X 3M TIGRE NBR15884-2,UNI,2,108.95,112.49,116.03,PARADISO,2026-06
HIDRAULICO,"REGISTRO DE GAVETA BRUTO 1.1/2"" NBR15705",UNI,2,89.45,92.80,96.14,MANUTENÇAO|PARADISO,2026-04
HIDRAULICO,JOELHO AQUATHERM 45 X 42MM TIGRE NBR5688,UNI,2,16.42,16.42,16.42,PARADISO,2026-03
HIDRAULICO,JOELHO AQUATHERM 90 X 42MM TIGRE NBR15884-2,UNI,2,16.46,16.46,16.47,PARADISO,2026-03
HIDRAULICO,REGISTRO ESFERA D 3/4'' PN16 MF BORBOLETA,UNI,2,41.62,42.66,43.69,PARADISO,2026-05
HIDRAULICO,ASSENTO SANITARIO UNIVERSAL BRANCO,UNI,2,20.64,24.95,29.26,ARBO|VINHATICO,2026-06
HIDRAULICO,JOELHO ESGOTO 90 X 100MM NBR5688,UNI,2,5.16,5.43,5.69,ARBO|PARADISO,2026-07
HIDRAULICO,TORNEIRA COZINHA MESA BA 90' MOVEL NOVA LOGGICA - DOCOL,UNI,2,407.33,411.95,416.57,DOWNTOWN,2026-04
HIDRAULICO,LUVA ESGOTO SIMPLES 100MM NBR5688,UNI,2,4.15,4.19,4.22,PARADISO|VINHATICO,2026-05
HIDRAULICO,SOLUÇAO PREPARADORA 1L,UNI,2,29.99,32.83,35.67,ARBO,2026-06
HIDRAULICO,JOELHO SOLDAVEL 90 X 25MM NBR5688,UNI,2,0.50,0.54,0.59,ARBO|PARADISO,2026-04
HIDRAULICO,JOELHO SOLDAVEL 45 X 20MM NBR5688,UNI,2,1.10,1.18,1.26,ARBO|PARADISO,2026-04
HIDRAULICO,"ADAPTADOR SOLDAVEL CURTO 50MM X 1.1/2"" NBR5688",UNI,2,3.01,3.01,3.01,MANUTENÇAO|PARADISO,2026-05
HIDRAULICO,ADESIVO PVC 850 GRS,UNI,2,33.89,34.17,34.45,ARBO|PARADISO,2026-06
HIDRAULICO,TUBO DE PVC SOLDÁVEL DE 50MM X 6M NBR5648,UNI,2,57.70,60.50,63.29,ARBO|PARADISO,2026-06
HIDRAULICO,JOELHO 45 SOLDAVEL DE 25MM NBR5688,UN,2,0.75,0.75,0.75,ARBO,2026-05
HIDRAULICO,REGISTRO GLOBO RANHURADO 45 X 2.1/2'' (73MM),UNI,2,79.92,97.46,115.00,ARBO|PARADISO,2026-06
HIDRAULICO,"LIGAÇAO FLEXIVEL INOX TRANÇADA 1/2"" X 40CM - 8 UNID.",UNI,2,883.12,1366.23,1849.34,PARADISO,2026-07
HIDRAULICO,LIGAÇAO FLEXIVEL INOX TRANÇADA 1/2'' X 60CM - 42 UNID.,UNI,2,18.53,18.53,18.53,PARADISO,2026-07
HIDRAULICO,SIFAO SANFONADO PVC UNIVERSAL CROMADO 70CM BLUKIT - 10 UNID.,UNI,2,19.68,19.68,19.68,PARADISO,2026-07
HIDRAULICO,VALVULA LAVATORIO METAL S/ LADRAO 1603 - 138 UNID.,UNI,2,11.46,11.46,11.46,PARADISO,2026-07
HIDRAULICO,VALVULA PIA AMERICANA METAL CR 3.1/2'' - 48 UNID.,UNI,2,17.89,17.89,17.89,PARADISO,2026-07
HIDRAULICO,REDUÇAO EXCENTRICA ESGOTO 75X50MM CB,UNI,1,3.70,3.70,3.70,PARADISO,2026-01
HIDRAULICO,JOELHO ESGOTO 45 X 50MM NBR5688,UNI,1,1.83,1.83,1.83,PARADISO,2026-01
HIDRAULICO,JOELHO ESGOTO 45X100MM,UNI,1,490.00,490.00,490.00,PARADISO,2026-01
HIDRAULICO,JUNÇAO SIMPLES PVC ESGOTO 50MM NBR5688,UNI,1,6.09,6.09,6.09,PARADISO,2026-02
HIDRAULICO,JOELHO AQUATHERM 90 X 15MM TIGRE NBR15884,UNI,1,2.28,2.28,2.28,PARADISO,2026-02
HIDRAULICO,TÊ SOLDAVEL 90 X 20MM NBR5688,UNI,1,0.76,0.76,0.76,PARADISO,2026-02
HIDRAULICO,TUBO AQUATHERM 22MM X 3M TIGRE NBR1558,UNI,1,29.58,29.58,29.58,PARADISO,2026-02
HIDRAULICO,"VALVULA RETENÇÃO HORIZONTAL 1.1/2"" NBR15705",UNI,1,205.43,205.43,205.43,PARADISO,2026-02
HIDRAULICO,CONECTOR AQUATHERM 28MM X 1'' TIGRE MACHO NBR15884-2,UNI,1,18.97,18.97,18.97,PARADISO,2026-02
HIDRAULICO,CONECTOR AQUATHERM 42MM X 1.1/2'' TIGRE MACHO NBR15884-2,UNI,1,36.42,36.42,36.42,PARADISO,2026-02
HIDRAULICO,BUCHA AQUATHERM 42MM X 28MM TIGRE NBR15884-2,UNI,1,21.92,21.92,21.92,PARADISO,2026-02
HIDRAULICO,UNIAO AQUATHERM 42MM NBR15884-2 TIGRE,UNI,1,33.65,33.65,33.65,PARADISO,2026-02
HIDRAULICO,TE AQUATHERM 90 X 42MM TIGRE NBR5688,UNI,1,31.25,31.25,31.25,PARADISO,2026-02
HIDRAULICO,TE GALVANIZADO 45 X 1.1/2'' TUPY,UNI,1,76.40,76.40,76.40,PARADISO,2026-02
HIDRAULICO,BASE MISTURADOR MONOCOMANDO P/ BANHEIRA E CHUVEIRO DOCOL 1/2'' E 3/4'' COD.545800,UNI,1,139.58,139.58,139.58,PARADISO,2026-02
HIDRAULICO,CUBA OVAL DE CERAMICA 515X300X115MM PRETA,UNI,1,436.89,436.89,436.89,DOWNTOWN,2026-01
HIDRAULICO,JOELHO 90° SERIE R DN150 CB,UNI,1,46.66,46.66,46.66,ARBO,2026-02
HIDRAULICO,LUVA SIMPLES SERIE R DN150 CB,UNI,1,23.30,23.30,23.30,ARBO,2026-02
HIDRAULICO,JUNÇAO SIMPLES ESGOTO 100 X 50MM CB,UNI,1,8.45,8.45,8.45,ARBO,2026-02
HIDRAULICO,JOELHO 45° ESGOTO SEC 40MM,UNI,1,1.17,1.17,1.17,ARBO,2026-02
HIDRAULICO,REDUÇAO ESGOTO 50MMX40MM NBR5688,UNI,1,2.44,2.44,2.44,PARADISO,2026-02
HIDRAULICO,BACIA P/ CX. ACOPLAR SAVEIRO BRANCO CELITE,UNI,1,204.01,204.01,204.01,ARBO,2026-02
HIDRAULICO,CAIXA ACOPLAR 3/6LTS ECOFLUSH BRANCO P ACE/AZA/SAV CELITE,UNI,1,204.94,204.94,204.94,ARBO,2026-02
HIDRAULICO,PERFILADO PERFURADO 38X38X6M CH22,UNI,1,76.42,76.42,76.42,ARBO,2026-02
HIDRAULICO,BARRA ROSCADA GALVANIZADA 3/8 X 3M PRF,UNI,1,24.53,24.53,24.53,ARBO,2026-02
HIDRAULICO,ANEL DE BORRACHA ESGOTO 150MM NBR5688,UNI,1,7.51,7.51,7.51,ARBO,2026-02
HIDRAULICO,LUVA AQUATHERM 42MM NBR5688 TIGRE,UNI,1,10.73,10.73,10.73,PARADISO,2026-03
HIDRAULICO,LUVA ESGOTO SIMPLES 50MM NBR5688,UNI,1,2.05,2.05,2.05,PARADISO,2026-03
HIDRAULICO,MOTOBOMBA SUBMERSÍVEL INTECH MCHINE MODELO BSD-1000 1CV 220V,UNI,1,1388.00,1388.00,1388.00,PARADISO,2026-03
HIDRAULICO,VALVULA PIA AMERICANA CR 3.1/2'' BALLI,UNI,1,19.08,19.08,19.08,DOWNTOWN,2026-02
HIDRAULICO,SIFAO SANFONADO PVC UNIVERSAL CROMADO 66CM BLUKIT,UNI,1,31.80,31.80,31.80,DOWNTOWN,2026-02
HIDRAULICO,JOELHO ESGOTO 45 X 100MM TIGRE,UNI,1,5.82,5.82,5.82,VINHATICO,2026-03
HIDRAULICO,JOELHO ESGOTO 90 X 100MM TIGRE,UNI,1,5.25,5.25,5.25,VINHATICO,2026-03
HIDRAULICO,REDUÇAO ESGOTO 150MM X 100MM TIGRE,UNI,1,20.26,20.26,20.26,VINHATICO,2026-03
HIDRAULICO,TORNEIRA 1/2'',UNI,1,3.56,3.56,3.56,ARBO,2026-03
HIDRAULICO,ANEL DE VEDAÇÃO C/GUIA P/BACIA SANITARIA,UNI,1,7.21,7.21,7.21,ARBO,2026-03
HIDRAULICO,REGISTRO ESFERA PVC SOLDAVEL A SIMPLES 20MM NBR5688 TIGRE,UNI,1,5.14,5.14,5.14,ARBO,2026-03
HIDRAULICO,JOELHO SOLDAVEL 90 X 20MM NBR5688,UNI,1,0.47,0.47,0.47,ARBO,2026-03
HIDRAULICO,JOELHO SOLDAVEL 45 X 25MM NBR5688,UNI,1,1.15,1.15,1.15,ARBO,2026-03
HIDRAULICO,LAVATORIO SUSPENSO G 425X365 FCSL BRANCO NBR 1597 CELITE,UNI,1,122.64,122.64,122.64,ARBO,2026-03
HIDRAULICO,BACIA ACOPLAR ACESSO CONFORT BRANCO S/ABERTURA NBR15097,UNI,1,457.77,457.77,457.77,ARBO,2026-03
HIDRAULICO,CAIXA P 3/6 LTS AZA/ACE/ECO/SAV BR NBR 15097,UNI,1,212.18,212.18,212.18,ARBO,2026-03
HIDRAULICO,TOR LAV ME ALAV NOVA BENEFIT CR NBR 10281,UNI,1,157.80,157.80,157.80,ARBO,2026-03
HIDRAULICO,TORNEIRA LAVATORIO NOVA LOGGICA PAREDE,UNI,1,282.00,282.00,282.00,DOWNTOWN,2026-03
HIDRAULICO,TORNEIRA COZINHA MESA LOGGICA NOVA 90 BM CR,UNI,1,499.00,499.00,499.00,DOWNTOWN,2026-03
HIDRAULICO,"PIA FIBRA, LIGAÇAO FLEX, VALVULA LAVATORIO, LAMINA SERRA, SIFAO SIMPLES",UNI,1,665.90,665.90,665.90,ARBO,2026-03
HIDRAULICO,LUVA SIMPLES ESGOTO 50MM,UNI,1,1.57,1.57,1.57,ARBO,2026-03
HIDRAULICO,JOELHO 45° SERIE R DN150 CB,UNI,1,44.00,44.00,44.00,ARBO,2026-03
HIDRAULICO,"LAVATORIO SUSPENSO, BACIA PARA CAIXA, CERAMICA, CELITE, ACESSO",UNI,1,5548.06,5548.06,5548.06,ARBO,2026-03
HIDRAULICO,"REGISTRO DE GAVETA BRUTO 2.1/2"" NBR15705",UNI,1,364.79,364.79,364.79,MANUTENÇAO,2026-04
HIDRAULICO,"ADAPTADOR SOLDAVEL CURTO 75MM X 2.1/2"" NBR5688",UNI,1,17.38,17.38,17.38,MANUTENÇAO,2026-04
HIDRAULICO,"BUCHA, CONECTOR, JOELHO, LUVA",UNI,1,944.79,944.79,944.79,PRISBEL,2026-03
HIDRAULICO,JOELHO ESGOTO 45 X 200MM NBR5688,UNI,1,72.89,72.89,72.89,VINHATICO,2026-04
HIDRAULICO,REDUÇAO ESGOTO 200 X 100MM NBR5688,UNI,1,75.27,75.27,75.27,VINHATICO,2026-04
HIDRAULICO,"LIG FLEX, SIFAO, VALV PIA, VALV TANQUE",UN,1,355.46,355.46,355.46,DOWNTOWN,2026-03
HIDRAULICO,JUNÇAO ESGOTO SIMPLES 100MM X 50MM NBR5688,UNI,1,11.07,11.07,11.07,PARADISO,2026-04
HIDRAULICO,TUBO ESGOTO 100MM X 6M NBR5648,UNI,1,69.64,69.64,69.64,PARADISO,2026-04
HIDRAULICO,ANEL DE BORRACHA ESGOTO 75MM NBR5688,UNI,1,0.44,0.44,0.44,ARBO,2026-06
HIDRAULICO,TUBO DE PVC SOLDAVEL 20MM X 6M NBR5648,UNI,1,15.83,15.83,15.83,VINHATICO,2026-04
HIDRAULICO,LUVA SIMPLES ESGOTO 50MM NBR5688,UNI,1,2.04,2.04,2.04,PARADISO,2026-04
HIDRAULICO,BIODIGESTOR 750L B. CONICA ACQUALIMP,UNI,1,1618.79,1618.79,1618.79,VINHATICO,2026-04
HIDRAULICO,ACABAMENTO RED P/ VALV ESC 80MM BR,UNI,1,111.42,111.42,111.42,DOWNTOWN,2026-03
HIDRAULICO,TAMPA CELITE P,UNI,1,169.00,169.00,169.00,DOWNTOWN,2026-03
HIDRAULICO,"TANQUE 20.000L POLIETILENO DIAMETRO 3,17M / H = 2,83M",UNI,1,13548.25,13548.25,13548.25,ARBO,2026-05
HIDRAULICO,"RALO LINEAR - PERFURADO EXTERNO 1M X 15CM INOX 304 MODELO GRID 1,5MM",UNI,1,530.51,530.51,530.51,DOWNTOWN,2026-04
HIDRAULICO,"BASE REGISTRO DE GAVETA 3/4"" NBR15705",UNI,1,21.00,21.00,21.00,ARBO,2026-05
HIDRAULICO,"BASE REGISTRO DE PRESSAO 3/4"" NBR15705",UNI,1,23.52,23.52,23.52,ARBO,2026-05
HIDRAULICO,"BASE REGISTRO DE PRESSAO 3/4"" NBR15704-1",UNI,1,23.52,23.52,23.52,ARBO,2026-05
HIDRAULICO,"ADAPTADOR SOLDAVEL CURTO 25MM X 3/4"" NBR5688",UN,1,0.46,0.46,0.46,ARBO,2026-05
HIDRAULICO,"LUVA BUCHA LATAO 25MM X 3/4"" NBR5688",UN,1,3.60,3.60,3.60,ARBO,2026-05
HIDRAULICO,JOELHO 90 SOLDAVEL BUCHA LATAO 25MM X 1/2'' NBR5688,UN,1,2.93,2.93,2.93,ARBO,2026-05
HIDRAULICO,LUVA SOLDAVEL DE 25MM NBR5688,UN,1,0.43,0.43,0.43,ARBO,2026-05
HIDRAULICO,TE SOLDAVEL 90 X 25MM NBR5688,UN,1,0.63,0.63,0.63,ARBO,2026-05
HIDRAULICO,JOELHO 90 SOLDAVEL BUCHA LATAO 25MM X 3/4'' NBR5688,UN,1,5.46,5.46,5.46,ARBO,2026-05
HIDRAULICO,JOELHO RANHURADO 2.1/2'' X 90 (73MM),UNI,1,31.40,31.40,31.40,PARADISO,2026-05
HIDRAULICO,ADESIVO CPVC 850 GRS AQUATHERM TIGRE,UNI,1,108.14,108.14,108.14,PARADISO,2026-05
HIDRAULICO,JOELHO ESGOTO 45 X 200MM,UNI,1,72.89,72.89,72.89,VINHATICO,2026-04
HIDRAULICO,REDUÇAO ESGOTO 200MM X 100MM,UNI,1,75.27,75.27,75.27,VINHATICO,2026-04
HIDRAULICO,ABRIGO P/ HIDRANTE SOBREPOR CH20 (90X60X17)CM,UN,1,227.64,227.64,227.64,PARADISO,2026-05
HIDRAULICO,LUVA AQUATHERM 15MM NBR15884-2,UN,1,1.23,1.23,1.23,PARADISO,2026-05
HIDRAULICO,LUVA AQUATHERM 28MM NBR5688 TIGRE,UN,1,3.26,3.26,3.26,PARADISO,2026-05
HIDRAULICO,PROLONGADOR BRONZE CT A 4CM 1/2 RCT,UN,1,8.83,8.83,8.83,PARADISO,2026-05
HIDRAULICO,BUCHA DE REDUÇAO SOLDAVEL CURTA DE 25 X 20MM NBR5688,UN,1,0.48,0.48,0.48,PARADISO,2026-05
HIDRAULICO,"LUVA GALVANIZADA 2.1/2""",UN,1,47.52,47.52,47.52,PARADISO,2026-05
HIDRAULICO,"COTOVELO GALVANIZADO 45 X 2.1/2"" TUPY",UN,1,73.11,73.11,73.11,PARADISO,2026-05
HIDRAULICO,"COTOVELO GALVANIZADO 90 X 2.1/2"" TUPY",UN,1,68.20,68.20,68.20,PARADISO,2026-05
HIDRAULICO,"TÊ GALVANIZADO 90 X 2.1/2"" TUPY",UN,1,82.12,82.12,82.12,PARADISO,2026-05
HIDRAULICO,MANOMETRO RETO 2.1/2'' R- 1/4'' BSP CX INOX C/GLICERINA 15 LBS X 1 KGF,UNI,1,280.00,280.00,280.00,MANUTENÇAO,2026-05
HIDRAULICO,CURVA 90 LONGA ESG 100MM CB NBR5688,UNI,1,31.38,31.38,31.38,ARBO,2026-06
HIDRAULICO,TERMINAL DE VENTILAÇAO DE 100MM NBR5688,UNI,1,18.80,18.80,18.80,PARADISO,2026-06
HIDRAULICO,TAMPA FERRO FUNDIDO ARTICULADO T- 60X40 INCENDIO,UNI,1,298.32,298.32,298.32,PARADISO,2026-06
HIDRAULICO,KIT MODULO PROLONGAMENTO TRIO,UNI,1,33.76,33.76,33.76,PARADISO,2026-06
HIDRAULICO,BACIA CONVENCIONAL SAVEIRO BRANCO CELITE - NBR 15097,UNI,1,218.04,218.04,218.04,VINHATICO,2026-06
HIDRAULICO,DUCHA 3 TEMPERATURAS 5200W 220V,UNI,1,55.80,55.80,55.80,VINHATICO,2026-06
HIDRAULICO,BRAÇO P/ CHUVEIRO ALUMINIO 40CM,UNI,1,12.69,12.69,12.69,VINHATICO,2026-06
HIDRAULICO,"TORNEIRA BOIA ELETRICA 1,5M 127/220V 25A RAYMA",UN,1,50.21,50.21,50.21,PARADISO,2026-07
HIDRAULICO,MANOMETRO ESCALA DE 0 A 100 PSI,UN,1,52.48,52.48,52.48,PARADISO,2026-07
HIDRAULICO,PRESSOSTATO REGULAGEM 3 A 58 PSI,UN,1,279.61,279.61,279.61,PARADISO,2026-07
HIDRAULICO,"UNIAO GALVANIZADA 3/4""",UN,1,30.10,30.10,30.10,PARADISO,2026-07
HIDRAULICO,"TÊ GALVANIZADO 90 X 3/4"" TUPY",UN,1,11.34,11.34,11.34,PARADISO,2026-07
HIDRAULICO,COTOVELO GALVANIZADO 90 D 3/4'' TUPY,UN,1,8.60,8.60,8.60,PARADISO,2026-07
HIDRAULICO,TUBO GALVANIZADA ABNT NBR 5580 L 3/4'' APOLO,UN,1,140.48,140.48,140.48,PARADISO,2026-07
HIDRAULICO,"VALVULA RETENÇAO HORIZONTAL 3/4""",UN,1,108.94,108.94,108.94,PARADISO,2026-07
HIDRAULICO,MOTOBOMBA SUBMERSÍVEL SCHNEIDER MODELO BCS-220 1CV TRIFÁSICO 220V MOTOR WEG IP-55 IR-3 3500 RPM IP-68 RECALQUE 2'' BOCAL,UNI,1,3699.00,3699.00,3699.00,PARADISO,2026-08
HIDRAULICO,QUADRO DE COMANDO COMPLETO P/ 2 BOMBAS DE RECALQUE TRIFÁSICA,UNI,1,1388.00,1388.00,1388.00,PARADISO,2026-08
HIDRAULICO,"CAIXA GORDURA PVC 34/50L 52,5LX29X49,5CM MALLTON",UNI,1,107.82,107.82,107.82,ARBO,2026-07
HIDRAULICO,CAIXA DE PASSAGEM PVC 44X35X41CM MALLTON,UNI,1,101.50,101.50,101.50,ARBO,2026-07
HIDRAULICO,ANEL BORRACHA ESG/SERIE R 50MM,UNI,1,0.35,0.35,0.35,ARBO,2026-08
HIDRAULICO,ADAP SOLD CT BOL/ROSC 25MMX3/4'',UNI,1,0.52,0.52,0.52,ARBO,2026-08
HIDRAULICO,JUNÇAO SIMPLES ESGOTO 75X50MM CB,UNI,1,7.22,7.22,7.22,ARBO,2026-08
HIDRAULICO,JOELHO RED 90 SOLD BC LT 25MM X 1/2'',UNI,1,3.48,3.48,3.48,ARBO,2026-08
HIDRAULICO,SIFAO SANFONADO PVC UNIVERSAL BRANCO,UNI,1,5.62,5.62,5.62,PARADISO,2026-08
HIDRAULICO,LIGAÇAO FLEXIVEL INOX TRANÇADA 1/2'' X 100CM,UNI,1,30.35,30.35,30.35,PARADISO,2026-08
HIDRAULICO,TÊ SOLDAVEL REDUÇAO 50MM X 25MM NBR5688,UNI,1,8.09,8.09,8.09,PARADISO,2026-08
HIDRAULICO,BOMBA SAPO SUBMERSA L900 EXTREME 220V SAIDA DE 1'' ANAUGER,UNI,1,668.00,668.00,668.00,CELEBRATION,2026-08
HIDRAULICO,JOELHO AQUATHERM 90 X 28MM TIGRE NBR15884-2,UNI,1,6.67,6.67,6.67,PARADISO,2026-08
HIDRAULICO,JOELHO AQUATHERM 45 X 28MM TIGRE,UNI,1,6.28,6.28,6.28,PARADISO,2026-08
HIDRAULICO,RALO LINEAR PERFURADO EXTERNO 3600 X 150MM MODELO GRID INOX 304,UNI,1,1868.40,1868.40,1868.40,PARADISO,2026-08
HIDRAULICO,RALO LINEAR PERFURADO EXTERNO 3700 X 150MM MODELO GRID INOX 304,UNI,1,1920.30,1920.30,1920.30,PARADISO,2026-08
HIDRAULICO,RALO LINEAR PERFURADO EXTERNO 20000 X 150MM MODELO GRID INOX 304,UNI,1,10380.00,10380.00,10380.00,PARADISO,2026-08
HIDRAULICO,FLEXIVEL TOMBACK,UNI,1,80.18,80.18,80.18,PARADISO,2026-07
HIDRAULICO,VALVULA SCHRADER,UNI,1,3.00,3.00,3.00,PARADISO,2026-07
HIDRAULICO,FLANGEADOR,UNI,1,270.03,270.03,270.03,PARADISO,2026-07
HIDRAULICO,CORTADOR TUBO,UNI,1,17.52,17.52,17.52,PARADISO,2026-07
IMPERMEABILIZANTES,FRETE,UNI,49,5.42,180.00,998.64,ARBO|CELEBRATION|DOWNTOWN|MANUTENÇAO|PARADISO|PRISBEL|UPTOWN,2026-08
IMPERMEABILIZANTES,FUNDO PREPARADOR EMBORRACHADO 16L INCOLOR FOSCO,UNI,16,186.11,187.99,558.33,MANUTENÇAO|PRISBEL,2026-06
IMPERMEABILIZANTES,DOWSIL 791 BEGE SACHÊ 591ML,UNI,7,88.20,88.20,88.20,PARADISO,2026-08
IMPERMEABILIZANTES,MANTA ANTI RAIZ,UNI,4,44.90,2055.95,4050.00,PARADISO,2026-06
IMPERMEABILIZANTES,SIKADUR EPOXI 1KG,UNI,3,61.59,62.10,86.90,ARBO|VINHATICO,2026-08
IMPERMEABILIZANTES,"VIAPLUS 1000 18KG NBR 11.905, NBR 9575:2010, NBR 9574:2008",UNI,3,43.37,57.80,57.80,ARBO|PARADISO,2026-06
IMPERMEABILIZANTES,DESMOLDANTE PARA FORMAS 18L,UNI,3,125.30,125.30,125.30,UPTOWN|VINHATICO,2026-08
IMPERMEABILIZANTES,"VIABIT 3,6L",UNI,2,159.00,163.00,167.00,UPTOWN,2026-02
IMPERMEABILIZANTES,DOWSIL 791 CINZA CLARO SACHÊ 591ML,UNI,2,88.20,88.20,88.20,PARADISO,2026-05
IMPERMEABILIZANTES,ESPUMA PARA PEDREIRO,UNI,2,2.42,2.46,2.50,ARBO|PARADISO,2026-04
IMPERMEABILIZANTES,BIANCO 200L,UNI,2,1995.00,1995.40,1995.80,ARBO|PARADISO,2026-07
IMPERMEABILIZANTES,"TELA POLIESTER MALHA 2X2 ROLO 50X1,00M",RL,2,275.00,279.50,284.00,ARBO|PARADISO,2026-06
IMPERMEABILIZANTES,ESPUMA EXPANSIVA SOUDAL 500ML,UNI,2,34.35,34.35,34.35,PARADISO,2026-06
IMPERMEABILIZANTES,VEDALIT 18KG,UNI,2,146.40,146.40,146.40,ARBO,2026-08
IMPERMEABILIZANTES,PÓ 2 15KG + FRETE,UNI,1,343.70,343.70,343.70,MANUTENÇAO,2026-02
IMPERMEABILIZANTES,RESICAL 200KG ADITIVO PARA ARGAMASSA DE ASSENTAMENTO E REBOCO,UNI,1,1250.00,1250.00,1250.00,ARBO,2026-02
IMPERMEABILIZANTES,VIAFLEX FITA 94CM X 10M,RL,1,209.50,209.50,209.50,UPTOWN,2026-02
IMPERMEABILIZANTES,MANTA LIQUIDA BRANCA QUARTZOLIT 18KG,UNI,1,280.00,280.00,280.00,ESCRITORIO LOURDES,2026-02
IMPERMEABILIZANTES,DOWSIL 791 GELO TUBO 300ML,UNI,1,52.95,52.95,52.95,MANUTENÇAO,2026-03
IMPERMEABILIZANTES,FITA AUTO ADESIVA VIAFLEX 090X10M VIAPOL,RL,1,209.50,209.50,209.50,UPTOWN,2026-02
IMPERMEABILIZANTES,DOWSIL 791 GELO TURBO,UNI,1,1059.00,1059.00,1059.00,MANUTENÇAO,2026-04
IMPERMEABILIZANTES,UNIPEGA ADESIVO PU 40 BRANCO 280ML,UNI,1,12.50,12.50,12.50,MANUTENÇAO,2026-04
IMPERMEABILIZANTES,UNIPEGA ADESIVO PU 40 BRANCO 280ML - 12 UNID.,UNI,1,150.00,150.00,150.00,MANUTENÇAO,2026-04
IMPERMEABILIZANTES,"TELA POLIESTER MANTEX 1,00M X 50M",RL,1,252.77,252.77,252.77,ARBO,2026-06
IMPERMEABILIZANTES,FITA AUTO ADESIVA 10CMX10M,UNI,1,30.60,30.60,30.60,PARADISO,2026-05
IMPERMEABILIZANTES,TARUCEL 15MM C/ 50M,RL,1,52.50,52.50,52.50,PARADISO,2026-05
IMPERMEABILIZANTES,ESPUMA PU 500ML/460G SOUDAL,UNI,1,34.35,34.35,34.35,PARADISO,2026-05
IMPERMEABILIZANTES,"VIAPLUS 5000 18KG NBR 11.905, NBR 9575:2010, NBR 9574:2008",CX,1,156.80,156.80,156.80,PARADISO,2026-06
IMPERMEABILIZANTES,"VIAPLUS 7000 18KG NBR 11.905, NBR 9575:2010, NBR 9574:2008",CX,1,205.30,205.30,205.30,PARADISO,2026-06
IMPERMEABILIZANTES,VEDACIT POLIESTER 4MM TIPO III,M2,1,31.40,31.40,31.40,PARADISO,2026-06
IMPERMEABILIZANTES,SELANTE DE POLIURETANO PU 40 400G BRANCO,UNI,1,15.50,15.50,15.50,PARADISO,2026-06
IMPERMEABILIZANTES,SELANTE DE POLIURETANO MONOCOMPONENTE PU 400G BRANCO,UNI,1,23.00,23.00,23.00,PARADISO,2026-07
IMPERMEABILIZANTES,SELANTE PU30 BRANCO 400G,UNI,1,23.00,23.00,23.00,PARADISO,2026-07
IMPERMEABILIZANTES,SELANTE DE POLIURETANO PU 40 400G CINZA,UNI,1,20.10,20.10,20.10,PARADISO,2026-07
IMPERMEABILIZANTES,"SIKALASTIC 612 CINZA BALDE 25,4KG SIKA",UNI,1,3153.93,3153.93,3153.93,MANUTENÇAO,2026-06
IMPERMEABILIZANTES,VEDACIT PRO TIPO LII 4MM,UNI,1,34.90,34.90,34.90,PARADISO,2026-07
IMPERMEABILIZANTES,IMPERVIA PRIMER 18L,UNI,1,110.00,110.00,110.00,PARADISO,2026-07
IMPERMEABILIZANTES,TELA POLIESTER 2X2 1X100M,RL,1,370.00,370.00,370.00,PARADISO,2026-07
IMPERMEABILIZANTES,CORPO DE APOIO TARUCEL 20MM (RL C/ 50M),RL,1,125.00,125.00,125.00,ESSENCE,2026-07
IMPERMEABILIZANTES,FITA HIDROEXPANSIVA FLEXOSEAL XP 2520 - 25X20MM C/ 5M,RL,1,275.00,275.00,275.00,ARBO,2026-08
INCENDIO,TUBO 5590 SCH 10 RANHURADO PINTADO 2.1/2'',UNI,4,375.00,380.00,386.89,ARBO|PARADISO,2026-08
INCENDIO,ACOP RIG RANHURADO 2.1/2'' (73MM),UNI,3,27.86,27.86,28.98,ARBO|PARADISO,2026-07
INCENDIO,EXTINTOR DE INCENDIO TIPO PQS ABC 6KG 4A 40BC NBR10721,UNI,3,150.00,150.00,150.00,ARBO|UPTOWN|VINHATICO,2026-08
INCENDIO,PLACA M-4 1MM X 260MM X 130MM,UNI,2,6.00,6.25,6.50,DOWNTOWN,2026-07
INCENDIO,TUBO GALVANIZADO ABNT 5580 LEVE G 2.1/2'' BSP,UN,2,467.88,479.82,491.76,PARADISO,2026-08
INCENDIO,TUBO GALVANIZADO ABNT 5580 LEVE G 2.1/2'' BSP - 35 UNID.,UNI,2,8641.32,8641.33,8641.33,VINHATICO,2026-08
INCENDIO,PLACA P/ EXTINTOR DE INCENDIO EM PVC PLACA E-5 (30X30)CM,UNI,2,9.00,9.00,9.00,ARBO|VINHATICO,2026-08
INCENDIO,PLACA POLIEST. MOD. ALIMENTACAO 1MM X 150MM X 150MM,UNI,1,22.00,22.00,22.00,MANUTENÇAO,2026-02
INCENDIO,"VERNIZ INTUMESCENTE RETARDANTE P/ MADEIRAS 2,6L CKC",GL,1,2235.00,2235.00,2235.00,MANUTENÇAO,2026-02
INCENDIO,PLACA M-8 1MM X 260MM X 130MM,UNI,1,6.50,6.50,6.50,DOWNTOWN,2026-01
INCENDIO,ADAPTADOR RANHURADO X ROSCA 2.1/2'' 73MM,UNI,1,52.17,52.17,52.17,PARADISO,2026-03
INCENDIO,"PROTEÇAO VERNIZ, PLACA POLIEST",UNI,1,2279.00,2279.00,2279.00,MANUTENÇAO,2026-03
INCENDIO,"PORTA CORTA FOGO P-90 MEDIDAS 2,12 X 0,905 - PORTA FOLHA FECHADURA E DOBRADIÇAS",UNI,1,765.00,765.00,765.00,PARADISO,2026-05
INCENDIO,FRETE (PRODUTO) - 47 PORTAS PCF,UNI,1,2993.21,2993.21,2993.21,PARADISO,2026-05
INCENDIO,BATENTE PADRAO FOLHA SIMPLES 2120X905X45 FURAÇAO DUPLA,UNI,1,158.00,158.00,158.00,PARADISO,2026-04
INCENDIO,"CONTRAMARCO P/ PCF, C/ VAO DE LUZ MINIMO 80CM, 0,905X2,120 DE ACORDO C/ A NBR11742 DA ABNT, P-90 C/ FURO DOS DOIS LADOS",UNI,1,158.00,158.00,158.00,PARADISO,2026-06
INCENDIO,MOTOBOMBA CENTRÍFUGA THEBE MODELO THSI-18 4CV RT-132MM TRIFÁSICO 220/380/440V MOTOR IPW-55 IR-3 3500 RPM IR-3,UNI,1,3309.00,3309.00,3309.00,PARADISO,2026-08
INCENDIO,QUADRO DE COMANDO PARA 1 MOTOBOMBA MANUAL/AUTO 5CV TRIFASICA 220V,UNI,1,1185.00,1185.00,1185.00,PARADISO,2026-08
INCENDIO,PORTA CORTA FOGO P90 BATENTE CONVENCIONAL 905X2120 FOLHA 890X2100 C/ DOBRADIÇAS E FECHADURA SOBREPOR S/ CHAVE,UNI,1,1109.67,1109.67,1109.67,PARADISO,2026-07
INCENDIO,BATENTE PCF P-90 905 X 2120,UNI,1,177.00,177.00,177.00,PARADISO,2026-07
INCENDIO,SUPORTE TRIPE P/ EXTINTOR 136MM VERMELHO,UNI,1,25.00,25.00,25.00,VINHATICO,2026-08
INCENDIO,PLACA E-5 (30X30) - EXTINTOR DE INCENDIO,UNI,1,9.00,9.00,9.00,UPTOWN,2026-08
INCENDIO,EXTINTOR 4A40BC 6KG,UNI,1,150.00,150.00,150.00,ARBO,2026-08
INCENDIO,PLACA E-5 1MM X 300MM X 300MM,UNI,1,9.00,9.00,9.00,ARBO,2026-08
LIMPEZA,TOALHA DE PAPEL INTERFOLHADA WHITE PREMIUM 23X21 C 1000FLS 100 CELULOSE,FD,21,16.05,36.90,38.90,ARBO|CELEBRATION|ESCRITORIO LOURDES|PARADISO|UPTOWN|VINHATIC,2026-08
LIMPEZA,PAPEL HIGIENICO 30M C/ 64 ROLOS,FD,19,71.16,74.90,74.90,ARBO|CELEBRATION|PARADISO|UPTOWN|VINHATICO,2026-08
LIMPEZA,SERVIÇOS DE LIMPEZA,UNI,17,400.00,1250.00,10681.75,DOWNTOWN|ESCRITORIO LOURDES|PARADISO|PRISMA|UPTOWN,2026-05
LIMPEZA,DETERGENTE LIQUIDO NEUTRO 5L,GL,16,22.70,27.20,27.90,ARBO|CELEBRATION|PARADISO|UPTOWN|VINHATICO,2026-08
LIMPEZA,VASSOURA PIACAVA N5,UN,14,18.50,35.00,35.90,ARBO|CELEBRATION|ESCRITORIO LOURDES|PARADISO|UPTOWN|VINHATIC,2026-07
LIMPEZA,VEJA MULTIUSO FRAGANCIAS 500ML,UN,13,5.13,5.40,5.40,ARBO|CELEBRATION|ESCRITORIO LOURDES|PARADISO|UPTOWN|VINHATIC,2026-07
LIMPEZA,FLANELA ALARANJADA,UN,13,3.71,3.71,3.90,ARBO|ESCRITORIO LOURDES|PARADISO|UPTOWN|VINHATICO,2026-08
LIMPEZA,PANO DE CHAO ALVEJADO,UN,12,7.12,7.31,7.50,ARBO|CELEBRATION|ESCRITORIO LOURDES|PARADISO|UPTOWN|VINHATIC,2026-08
LIMPEZA,SACO LIXO 100 LTS REFORCADO C/ 100,UN,11,80.66,84.90,89.90,ARBO|CELEBRATION|ESCRITORIO LOURDES|PARADISO|UPTOWN|VINHATIC,2026-07
LIMPEZA,SACO LIXO 200 LTS REFORÇADO C/ 100,FD,11,90.16,113.91,119.90,ARBO|CELEBRATION|PARADISO|UPTOWN|VINHATICO,2026-08
LIMPEZA,SABONETE LIQUIDO TALCO 5L,GL,10,30.30,31.90,31.90,ARBO|CELEBRATION|PARADISO|UPTOWN|VINHATICO,2026-07
LIMPEZA,DESINFETANTE EUCALIPTO 5L,GL,9,17.95,21.90,22.90,ARBO|CELEBRATION|PARADISO|UPTOWN,2026-08
LIMPEZA,ESPONJA DUPLA FACE,UN,9,2.00,2.50,2.50,ARBO|PARADISO|VINHATICO,2026-08
LIMPEZA,SACO LIXO 60 LTS REFORÇADO C/ 100,UN,9,33.16,33.16,44.90,ARBO|CELEBRATION|ESCRITORIO LOURDES|PARADISO|UPTOWN|VINHATIC,2026-08
LIMPEZA,RODO PVC 40CM,UN,8,14.90,17.90,17.90,ARBO|CELEBRATION|PARADISO|UPTOWN|VINHATICO,2026-07
LIMPEZA,AGUA SANITARIA 5L,GL,7,16.05,18.50,18.90,ARBO|ESCRITORIO LOURDES|PARADISO|VINHATICO,2026-07
LIMPEZA,VASSOURA PELO 40 CM,UN,6,43.60,46.65,49.90,ARBO|PARADISO,2026-07
LIMPEZA,DESINFETANTE BATUTA FLORAL 5L,GL,5,17.95,18.90,22.90,ARBO|PARADISO|VINHATICO,2026-06
LIMPEZA,DETERGENTE LAVA LOUCAS YPE 500ML,UN,5,2.80,2.95,3.35,ESCRITORIO LOURDES|VINHATICO,2026-07
LIMPEZA,PAPEL HIGIENICO COTTON FOLHA DUPLA 30CM C/ 12 ROLOS,PCT,5,17.95,18.90,24.90,ARBO|ESCRITORIO LOURDES,2026-07
LIMPEZA,DESINFETANTE OFFICER 5L,GL,4,17.95,17.95,22.90,PARADISO,2026-07
LIMPEZA,SACO LIXO 40 LTS REFORÇADO C/ 100,FD,4,28.41,29.15,29.90,ESCRITORIO LOURDES,2026-07
LIMPEZA,SUPORTE PARA PAPEL TOALHA,UNI,4,49.90,49.90,49.90,CELEBRATION|UPTOWN|VINHATICO,2026-08
LIMPEZA,SABONETEIRA DE PLASTICO DE PRESSIONAR,UNI,4,59.90,59.90,59.90,CELEBRATION|UPTOWN|VINHATICO,2026-07
LIMPEZA,SACO LIXO 30 LTS REFORÇADO C/ 100,UN,4,29.30,29.90,29.90,CELEBRATION|UPTOWN|VINHATICO,2026-08
LIMPEZA,SABONETE LIQUIDO ERVA DOCE 5L,GL,4,30.30,31.90,31.90,ESCRITORIO LOURDES|PARADISO|UPTOWN|VINHATICO,2026-08
LIMPEZA,CLORO GRANULADO 10KG,BD,3,189.91,199.90,208.91,PARADISO,2026-02
LIMPEZA,DESINFETANTE CASA E PERFUME 2L,UN,3,18.91,19.90,19.90,ESCRITORIO LOURDES,2026-07
LIMPEZA,SACO LIXO 50 LTS REFORÇADO C/ 100,FD,3,33.16,33.16,34.90,ARBO|PARADISO,2026-07
LIMPEZA,BORRIFADOR/PULVERIZADOR,UN,3,8.46,8.90,9.40,ARBO|ESCRITORIO LOURDES|VINHATICO,2026-07
LIMPEZA,ALCOOL LIQUIDO 70% 5L,GL,3,10.90,45.51,47.90,ESCRITORIO LOURDES|PARADISO,2026-08
LIMPEZA,ALCOOL LIQUIDO 70INPM 1L,UN,2,9.90,10.13,10.36,VINHATICO,2026-07
LIMPEZA,DISPENSER P/ SABONETE ALCOOL GEL C/ RESERVATORIO 800ML,UN,2,59.90,59.90,59.90,PARADISO|UPTOWN,2026-08
LIMPEZA,SPRAY ODORIZADOR DE AMBIENTES 360ML,UN,2,18.91,19.40,19.90,ESCRITORIO LOURDES,2026-05
LIMPEZA,ESPONJA DUPLA FACE LARANJA C/ 3,PCT,2,9.40,9.65,9.90,ESCRITORIO LOURDES,2026-05
LIMPEZA,"ESTRADO INDUSTRIAL PRETO 50X50X4,5CM",UNI,2,35.00,37.50,40.00,VINHATICO,2026-08
LIMPEZA,PA DE LIXO METAL,UN,2,12.90,13.90,14.90,ARBO|UPTOWN,2026-07
LIMPEZA,LIXEIRA C/ PEDAL PRETA 20L,UN,2,47.41,48.65,49.90,UPTOWN|VINHATICO,2026-07
LIMPEZA,VASSOURA PARA VASO COM SUPORTE,UN,2,14.15,14.53,14.90,ARBO|VINHATICO,2026-07
LIMPEZA,ÁGUA SANITÁRIA SEM CLORO ATIVO,UN,1,21.90,21.90,21.90,VINHATICO,2026-01
LIMPEZA,CERA PARA LAMINADO,UN,1,10.90,10.90,10.90,VINHATICO,2026-01
LIMPEZA,ESPANADOR DE PÓ,UN,1,39.90,39.90,39.90,VINHATICO,2026-01
LIMPEZA,PANO MICROFIBRA,UN,1,7.90,7.90,7.90,VINHATICO,2026-01
LIMPEZA,OXILENE 1L ATLANTICA,UN,1,62.00,62.00,62.00,DOWNTOWN,2026-02
LIMPEZA,SERVIÇO DE LIMPEZA DE PISCINA REALIZADOS,UNI,1,1400.00,1400.00,1400.00,DOWNTOWN,2026-01
LIMPEZA,DESINFETANTE CASA E PERSUME 2L - 5 UNID.,UNI,1,99.50,99.50,99.50,ESCRITORIO LOURDES,2026-02
LIMPEZA,SODA CÁUSTICA,UN,1,19.90,19.90,19.90,PARADISO,2026-02
LIMPEZA,DISPENSER POUPA COPOS NOBRE PARA AGUA,UN,1,6.90,6.90,6.90,PARADISO,2026-02
LIMPEZA,PEDRA SANITÁRIA,UNID,1,3.20,3.20,3.20,PARADISO,2026-02
LIMPEZA,AÇUCAR UNIAO SACHE C/ 400 UNID. 05GR,CX,1,35.46,35.46,35.46,VINHATICO,2026-02
LIMPEZA,ALCOOL LIQUIDO ANHANGUERA 70% 1L,UNI,1,7.87,7.87,7.87,VINHATICO,2026-02
LIMPEZA,"ALVEJANTE SEM CLORO URCA 1,5L",UNI,1,14.77,14.77,14.77,VINHATICO,2026-02
LIMPEZA,DESINFETANTE EUCALIPTO MEDBEM 5L,UNI,1,11.44,11.44,11.44,VINHATICO,2026-02
LIMPEZA,LIMPA PISOS UAU LAMINADOS 750ML,UNI,1,18.90,18.90,18.90,VINHATICO,2026-02
LIMPEZA,NEUTRALIZADOR ULTRA FRESH 400ML LAVANDA,UNI,1,12.80,12.80,12.80,VINHATICO,2026-02
LIMPEZA,PANO DE CHAO 18 BAT. ALVEJADO,UNI,1,4.67,4.67,4.67,VINHATICO,2026-02
LIMPEZA,PASTILHA ADESIVA SANITARIA DESORAL C/ 3 UNID.,UNI,1,4.73,4.73,4.73,VINHATICO,2026-02
LIMPEZA,RODO ALUMINIO 60CM,UN,1,56.91,56.91,56.91,ARBO,2026-03
LIMPEZA,SERVIÇOS DE LIIMPEZA,UNI,1,720.00,720.00,720.00,UPTOWN,2026-02
LIMPEZA,"LIMPA PISOS, ALVEJANTE, ALCOOL LIQUIDO, PATO PASTILHA",UNI,1,575.80,575.80,575.80,VINHATICO,2026-03
LIMPEZA,"PAPEL HIGIENICO, SABONETE, DESINFETANTE...",UNI,1,1144.75,1144.75,1144.75,PARADISO,2026-03
LIMPEZA,LIXEIRA PVC 13L PRETA,UNI,1,14.90,14.90,14.90,ARBO,2026-03
LIMPEZA,DESENTUPIDOR DE VASO SANITARIO,UNI,1,10.36,10.36,10.36,PARADISO,2026-04
LIMPEZA,"DETERGENTE, SACO ALVEJADO, LIMPADOR MULTIUSO,",UNI,1,390.07,390.07,390.07,DOWNTOWN,2026-03
LIMPEZA,LIMPEZA APTOS E AREA COMUM DO DOWNTOWN,UNI,1,5120.00,5120.00,5120.00,DOWNTOWN,2026-03
LIMPEZA,COPO DESCARTAVEL 200ML COPOBRAS PP CX C/ 2500,CX,1,161.41,161.41,161.41,PARADISO,2026-04
LIMPEZA,CONJUNTO COLETA SELETIVA 60 LITROS BASCULANTE COM ESTRUTURA B4,UNI,1,470.00,470.00,470.00,PARADISO,2026-02
LIMPEZA,ALCOOL LIQ 70% 500ML,UNI,1,45.51,45.51,45.51,ARBO,2026-04
LIMPEZA,PAPEL HIGIENICO COTTON FOLHA DUPLA 30CM C/ 64 ROLOS,UNI,1,139.90,139.90,139.90,VINHATICO,2026-04
LIMPEZA,CLORO LIQUIDO 5L,GL,1,27.90,27.90,27.90,UPTOWN,2026-05
LIMPEZA,REGADOR PLASTICO DE JARDIM 10L,UN,1,39.90,39.90,39.90,UPTOWN,2026-05
LIMPEZA,ACIDO MURIATICO 1L,UNI,1,12.90,12.90,12.90,DOWNTOWN,2026-04
LIMPEZA,SERVIÇOS DE LIMPEZA - 12 DIÁRIAS,UNI,1,2160.00,2160.00,2160.00,UPTOWN,2026-04
LIMPEZA,SERVIÇOS DE LIMPEZA - 2 COBERTURAS,UNI,1,1000.00,1000.00,1000.00,DOWNTOWN,2026-04
LIMPEZA,RODO ALUMINIO 80CM,UNI,1,85.41,85.41,85.41,PARADISO,2026-06
LIMPEZA,VASSOURA GARI,UNI,1,56.91,56.91,56.91,PARADISO,2026-06
LIMPEZA,PLACA SINALIZADORA DE PISO MOLHADO,UN,1,56.91,56.91,56.91,ARBO,2026-06
LIMPEZA,RODO PVC 60CM,UN,1,17.90,17.90,17.90,PARADISO,2026-07
LIMPEZA,PA DE LIXO PVC,UN,1,12.90,12.90,12.90,PARADISO,2026-07
LIMPEZA,RODO PVC 30CM,UN,1,10.36,10.36,10.36,VINHATICO,2026-07
LIMPEZA,LIMPA PEDRAS BRILHO,UNI,1,134.70,134.70,134.70,CELEBRATION,2026-06
LIMPEZA,"COPO, PAPEL HIGIENICO",UNI,1,683.53,683.53,683.53,PARADISO,2026-07
LIMPEZA,CARRINHO DE COMPRAS 140 JB,UN,1,119.90,119.90,119.90,ESCRITORIO LOURDES,2026-07
LIMPEZA,LIXEIRA C/ PEDAL 100L,UN,1,219.90,219.90,219.90,CELEBRATION,2026-07
LIMPEZA,LIXEIRA PLASTICA 15L C/PEDAL,UN,1,65.00,65.00,65.00,VINHATICO,2026-08
MADEIRAS,PONTALETE DE PINUS 7CMX7CMX3M NBR11700,UNI,25,17.10,21.90,21.90,ARBO|SANTA LUCIA|UPTOWN|VINHATICO,2026-08
MADEIRAS,"MADEIRITE PLASTIFICADO 2,20X1,10X19MM NBR1096",UNI,20,145.00,148.50,154.00,ARBO|PARADISO|UPTOWN|VINHATICO,2026-08
MADEIRAS,"TABUA DE PINUS 15CMX3MX2,5 ESPESSURA NBR11700",UNI,15,15.00,16.00,16.00,PARADISO|UPTOWN|VINHATICO,2026-08
MADEIRAS,"TABUA DE PINUS 30CMX3MX2,5 ESPESSURA NBR11700",UNI,7,39.80,42.00,42.00,ARBO|MANUTENÇAO|VINHATICO,2026-07
MADEIRAS,"TABUA DE PINUS 20CMX3MX2,5 ESPESSURA NBR11700",UNI,6,22.50,22.50,22.90,ARBO|SANTA LUCIA,2026-07
MADEIRAS,"MADEIRITE PLASTIFICADO 2,20X1,10X14MM NBR1096",UNI,5,108.00,112.00,115.00,ARBO|SANTA LUCIA,2026-07
MADEIRAS,PEÇA DE PARAJU 12CMX6CMX6M NBR11700,UNI,5,250.00,252.00,252.00,UPTOWN|VINHATICO,2026-07
MADEIRAS,PONTALETE DE PINUS 7CMX7CMX3M NBR11700 - 300 UNID.,UNI,5,20.90,20.90,20085.01,VINHATICO,2026-08
MADEIRAS,"MADEIRITE PLASTIFICADO 2,20X1,10X18MM NBR1096",UNI,4,145.00,145.00,145.00,ARBO,2026-02
MADEIRAS,"PONTALETE DE PINUS 7,5CMX7,5CMX3M NBR11700",UNI,4,22.90,26.85,30.80,ARBO|PARADISO|VINHATICO,2026-08
MADEIRAS,FRETE (PRODUTO) - 1 UNID.,UNI,4,200.00,250.00,300.00,PARADISO|VINHATICO,2026-08
MADEIRAS,BOXER MAQUINA INVERSOR TOUCH 150BV,UNI,3,200.00,200.00,633.90,ARBO,2026-02
MADEIRAS,"SARRAFO 10CMX3MX2,5 ESPESSURA NBR11700",UNI,3,10.00,10.00,11.00,PARADISO,2026-03
MADEIRAS,"MADEIRITE PLASTIFICADO 2,20X1,10X19MM NBR1096 - 500 UNID.",UNI,3,29143.33,29143.33,29143.34,ARBO,2026-07
MADEIRAS,PONTALETE DE PINUS 7CMX7CMX3M NBR11700 - 400 UNID.,UNI,3,20.90,20.90,20.90,ARBO,2026-07
MADEIRAS,"TABUA DE PINUS 30CMX3MX2,5 ESPESSURA NBR11700 - 150 UNID.",UNI,3,39.80,39.80,39.80,ARBO,2026-07
MADEIRAS,FRETE (PRODUTO) - 3 UNID.,UNI,3,200.00,200.00,200.00,ARBO,2026-07
MADEIRAS,"MADEIRITE PLASTIFICADO 2,20X1,10X19MM NBR1096 - 200 UNID.",UNI,3,12390.00,12390.00,12390.00,VINHATICO,2026-07
MADEIRAS,"TABUA DE PINUS 15CMX3MX2,5 ESPESSURA NBR11700 - 100 UNID.",UNI,3,15.00,15.00,15.00,VINHATICO,2026-07
MADEIRAS,"MADEIRITE PLASTIFICADO 2,20X1,10M 14MM",UNI,2,104.90,104.90,104.90,ARBO,2026-03
MADEIRAS,PEÇA DE PARAJU 12CMX6CMX3M NBR11700,UNI,2,55.00,90.00,125.00,ARBO|VINHATICO,2026-03
MADEIRAS,PEÇA DE PARAJU 12CMX6CMX4M NBR11700,PC,2,168.00,168.00,168.00,SANTA LUCIA,2026-07
MADEIRAS,PARAFUDO PARA TELHA,UNI,2,0.40,0.40,0.40,VINHATICO,2026-07
MADEIRAS,"PARAJU 10CM X 5CM X 3,0M AP NBR11700 - 26 UNID.",UNI,2,7395.00,7395.00,7395.00,PARADISO,2026-08
MADEIRAS,"PARAJU 6CM X 5CM C/ 4,5M AP NBR11700 - 13 UNID.",UNI,2,100.00,100.00,100.00,PARADISO,2026-08
MADEIRAS,DECK CUMARU 10CM ADORÇADO - 35 UNID.,UNI,2,298.00,298.00,298.00,PARADISO,2026-08
MADEIRAS,SARRAFO PINUS 7CM C/ 3M NBR11700 - 200 UNID.,UNI,2,7.50,7.50,7.50,VINHATICO,2026-08
MADEIRAS,"MADEIRITE PLASTIFICADO 2,20X1,10X20MM NBR1096 - 200 UNID.",UNI,2,159.00,159.00,159.00,VINHATICO,2026-08
MADEIRAS,PONTALETE DE MADEIRA PINUS C/ 3M - 30 UNID.,UNI,1,867.00,867.00,867.00,CELEBRATION,2026-02
MADEIRAS,"PONTALETES, TABUAS DE MADEIRA, PEÇAS DE MADEIRAS",UNI,1,28320.02,28320.02,28320.02,ARBO,2026-03
MADEIRAS,PONTALETE DE MADEIRA PINUS C/ 3M,UNI,1,20.90,20.90,20.90,PARADISO,2026-03
MADEIRAS,"MADEIRITE PLASTIFICADO 2,20X1,10X12MM NBR1096",UNI,1,98.00,98.00,98.00,PARADISO,2026-04
MADEIRAS,PEÇA PARAJU 30X6 C/ 4M NBR11700,UNI,1,440.00,440.00,440.00,VINHATICO,2026-04
MADEIRAS,PRANCHAO DE MADEIRA PARAJU 30CM X 6CM C/ 6M,UNI,1,780.00,780.00,780.00,VINHATICO,2026-05
MADEIRAS,"TABUA DE MADEIRA 15 C/ 3,00M",UNI,1,15.00,15.00,15.00,PARADISO,2026-06
MADEIRAS,PEÇA EUCALIPTO 6M C/ 15CM DIAM. COMUM,UNI,1,70.00,70.00,70.00,VINHATICO,2026-06
MADEIRAS,PEÇA DE EUCALIPTO 4M C/ 15CM,UNI,1,60.00,60.00,60.00,VINHATICO,2026-06
MADEIRAS,COMPLEMENTO DE NF - ALTERAÇÃO DE MEDIDAS,UNI,1,40698.36,40698.36,40698.36,PARADISO,2026-05
MADEIRAS,"MADEIRITE PLASTIFICADO 2,20X1,10X25MM NBR1096",UNI,1,250.00,250.00,250.00,DOWNTOWN,2026-07
MADEIRAS,SARRAFO PINUS 7CM C/ 3M NBR11700,UNI,1,7.50,7.50,7.50,VINHATICO,2026-07
MADEIRAS,PARAJU 13CM X 6CM X 4M AP NBR11700,UNI,1,199.00,199.00,199.00,VINHATICO,2026-07
MADEIRAS,"ALIZAR MELAMINICO BRANCO CONCREM WOOD 5CM REG 7,0CM",UNI,1,244.00,244.00,244.00,MANUTENÇAO,2026-07
MATERIAL ESCRITORIO,"TABLET SAMSUNG GALAXY TAB A11 + 5G 6GB, 128GB",UNI,4,1581.43,1581.43,1581.43,ARBO|PRISBEL|UPTOWN|VINHATICO,2026-06
MATERIAL ESCRITORIO,SMARTPHONE SAMSUNG GALAXY A17 5G 128GB PRETO,UNI,3,1172.40,1172.40,1172.40,ARBO|ESCRITORIO LOURDES|PARADISO,2026-04
MATERIAL ESCRITORIO,SCANNER CANON A4 DR-C240 45PPM 600DPI,UNI,3,1775.13,1775.13,1775.13,ARBO|PARADISO|VINHATICO,2026-04
MATERIAL ESCRITORIO,TONNER COMPATIVEL,UNI,2,236.00,236.00,236.00,PARADISO|PRISBEL,2026-04
MATERIAL ESCRITORIO,IMPRESSORA LASER PANTUM ELGIN P2500W WI-FI 110V,UNI,2,613.53,613.53,613.53,UPTOWN|VINHATICO,2026-05
MATERIAL ESCRITORIO,TONER E CARTUCHO,UNI,1,750.00,750.00,750.00,PARADISO,2026-01
MATERIAL ESCRITORIO,SAMSUNG GALAXY A06 5G 128GB PRETO,UNI,1,769.00,769.00,769.00,ESCRITORIO LOURDES,2026-01
MATERIAL ESCRITORIO,CAPA EMBORRACHADA + PELÍCULA P/ TELA CELULAR,UNI,1,34.90,34.90,34.90,ESCRITORIO LOURDES,2026-01
MATERIAL ESCRITORIO,TONER COMPATIVEL SAMSUNG D101S,UNI,1,95.00,95.00,95.00,CELEBRATION,2026-02
MATERIAL ESCRITORIO,NOBREAK ATTIV 1200VA-BI PORT LI 5908,UNI,1,932.29,932.29,932.29,ESCRITORIO LOURDES,2026-01
MATERIAL ESCRITORIO,NOBREAK ATTIV 1200 VA INTELBRAS BIVOLT COM 8 TOMADAS,UNI,1,932.29,932.29,932.29,ESCRITORIO LOURDES,2026-02
MATERIAL ESCRITORIO,SAMSUNG GALAXY A06 5G 128G PRETO,UNI,1,705.90,705.90,705.90,PARADISO,2026-02
MATERIAL ESCRITORIO,"APONTADOR, POST-IT, COLA, LAPISEIRA, MOCHILA",UNI,1,141.62,141.62,141.62,ESCRITORIO LOURDES,2026-02
MATERIAL ESCRITORIO,"PILHA AA, ENVELOPE, MARCA TEXTO, GRAMPO",UNI,1,174.88,174.88,174.88,PRISBEL,2026-03
MATERIAL ESCRITORIO,MATERIAS DE PAPELARIA,UNI,1,604.74,604.74,604.74,ARBO,2026-03
MATERIAL ESCRITORIO,TONER COMPATIVEL HP CE285A,UNI,1,55.00,55.00,55.00,DOWNTOWN,2026-03
MATERIAL ESCRITORIO,MONITOR GAME SAMSGUNG,UNI,1,589.00,589.00,589.00,PRISBEL,2026-03
MATERIAL ESCRITORIO,"MOUSE, HEADESET, EARPHONE, TECLADO",UNI,1,1223.77,1223.77,1223.77,PRISBEL,2026-03
MATERIAL ESCRITORIO,MEMORIA 16GB SODIMM,UNI,1,787.00,787.00,787.00,ESCRITORIO LOURDES,2026-03
MATERIAL ESCRITORIO,TECLADO PAD APOIO PARA TECLADO PULSO ESPUMA MACIO,UNI,1,20.00,20.00,20.00,ESCRITORIO LOURDES,2026-04
MATERIAL ESCRITORIO,SAMSUNG GALAXY A17 5G 128GB PRETO,UNI,1,1169.10,1169.10,1169.10,VINHATICO,2026-04
MATERIAL ESCRITORIO,"CABO DE FORÇA ENERGIA TIPO 8 DE 1,5M 10A",UNI,1,12.00,12.00,12.00,ESCRITORIO LOURDES,2026-04
MATERIAL ESCRITORIO,MONITOR GAMER SAMSUNG S3 24'' FHD100HZ HDMI VGA PRETO,UNI,1,599.00,599.00,599.00,ESCRITORIO LOURDES,2026-04
MATERIAL ESCRITORIO,TONER COMPATIVEL HP 283,UNI,1,55.00,55.00,55.00,ARBO,2026-05
MATERIAL ESCRITORIO,"QUADRO BRANCO 1,20X90 E 200X120",UNI,1,649.98,649.98,649.98,VINHATICO,2026-07
MATERIAL ESCRITORIO,MICROCOMPUTADOR PORTATIL DELL INSPIRON 15 3530,UNI,1,3491.37,3491.37,3491.37,PRISBEL,2026-04
MATERIAL ESCRITORIO,MOCHILA DELL 14-16 ECOLOOP CP3724,UNI,1,75.97,75.97,75.97,PRISBEL,2026-04
MATERIAL ESCRITORIO,CADERNO CD UNIV VIBE MASC TILIBRA,UNI,1,10.99,10.99,10.99,VINHATICO,2026-08
MATERIAL ESCRITORIO,MONITOR GAMER SAMSUNG 24'' FHD 100HZ HDMI VGA PRETO S3,UNI,1,527.00,527.00,527.00,PRISBEL,2026-06
MATERIAL ESCRITORIO,SUPORTE DE PAREDE TABLET UNIVERSAL AUTOMAÇAO RESIDENCIAL PRETO,UNI,1,19.30,19.30,19.30,PARADISO,2026-07
MATERIAL ESCRITORIO,PLASTIFICADORA LAMINADORA A3/A4/A5/A6 PL-320 110V 600W JST,UNI,1,425.21,425.21,425.21,VINHATICO,2026-07
PAISAGISMO,SERVIÇOS DE PAISAGISMO,UNI,3,7500.00,7683.20,8154.05,ARBO|PETRA|UPTOWN,2026-07
PAISAGISMO,MUDAS DE GRAMA ESMERALDA,M,2,11.00,16.50,22.00,DOWNTOWN,2026-02
PAISAGISMO,MINI BOUQUET FLORES SECAS,UNI,1,10800.00,10800.00,10800.00,VINHATICO,2026-03
PAISAGISMO,FLORES DIVERSAS,UNI,1,7290.00,7290.00,7290.00,VINHATICO,2026-03
PINTURA,DESPESAS IPI,UNI,10,5.71,96.93,245.86,ARBO|DOWNTOWN|PARADISO,2026-07
PINTURA,FUNDO PREPARADOR EMBORRACHADO 16L INOLOR FOSCO,UNI,6,187.99,187.99,187.99,MANUTENÇAO,2026-05
PINTURA,PRIMOR PISO VERMELHO AMOR 18L - 4 BD,BD,6,491.00,491.00,492.72,ARBO|PETRA,2026-09
PINTURA,"TINTA ESMALTE SINTETICO BRILHANTE VERDE FOLHA 3,6L NBR15079",UNI,4,118.74,118.74,118.74,PARADISO,2026-05
PINTURA,"TINTA ESMALTE SINTETICO PRETO BRILHANTE 3,6L NBR15079",GL,4,118.74,118.74,189.00,PARADISO,2026-07
PINTURA,THINNER 18L NBR15079,LT,4,489.00,489.00,489.00,PARADISO,2026-07
PINTURA,TINTA ACRILICA PISO VERDE 18L NBR15079 SUVINIL,LT,3,309.90,309.90,309.90,ARBO,2026-04
PINTURA,MASSA CORRIDA PVA 18L NBR15348 - 100 LT,LT,3,2043.18,2043.18,2105.10,PARADISO,2026-06
PINTURA,TINTA EMBORRACHADA INCOLOR FUNDO EMBORRACHADO PREPARADOR FOSCO,UNI,3,192.06,192.06,192.06,MANUTENÇAO,2026-05
PINTURA,MASSA CORRIDA PVA 18L / 25KG NBR15348 - 100LT,LT,3,2003.73,2003.74,2064.45,PARADISO,2026-08
PINTURA,TINTA ACRILICA FOSCO COMPLETO COR PENA DE PRATA 16L SUVINIL NBR15079,LT,3,579.00,579.00,579.00,PARADISO,2026-07
PINTURA,TINTA ACRÍLICA PREMIUM AZUL DEL REY FOSCO 16L NBR15079,LT,3,859.00,859.00,859.00,PARADISO,2026-07
PINTURA,TINTA ACRILICA STANDARD COR ELEFANTE FOSCO 18L NBR15079 - 8 UNID,LA,3,2323.33,2323.33,2418.46,PARADISO,2026-08
PINTURA,TINTA ACRÍLICA PREMIUM AZUL DEL REY FOSCO 16L NBR15079 - 01 UNID,LA,3,579.00,579.00,579.00,PARADISO,2026-08
PINTURA,"TINTA ESMALTE SINTETICO ACETINADO AZUL DEL REY 3,6L NBR15079 - 5 UNID",GL,3,177.59,177.59,177.59,PARADISO,2026-08
PINTURA,"TINTA ESMALTE COR ELEFANTE ACETINADO 3,2L NBR15079 - 15 UNID",GL,3,164.17,164.17,164.17,PARADISO,2026-08
PINTURA,TINTA ACRILICA PROCRAFT PISO CINZA FOSCO 18L NBR15079 - 4 UNID,LA,3,292.00,292.00,292.00,PARADISO,2026-08
PINTURA,"SUPER GALVITE 3,6L",GL,3,133.19,133.19,133.19,PARADISO,2026-08
PINTURA,TINTA SUVINIL PISO PRETO FOSCO 18L,UNI,3,377.00,394.50,418.08,UPTOWN,2026-07
PINTURA,"TINTA ESMALTE ACETINADO CINZA ELEFANTE SW9163 3,6L - 02 GL",GL,3,106.00,106.00,116.34,PARADISO,2026-06
PINTURA,TINTA SUVINIL CONSTRUÇOES ACRILICO FOSCO STANDARD EXTERIOR/INTERIOR COR BRANCO 18L NBR15079,LT,2,192.15,192.15,192.15,PARADISO,2026-02
PINTURA,TINTA SUVINIL CONSTRUÇOES ACRILICO FOSCO PREMIUM EXTERIOR/INTERIOR COR BRANCO GELO 18L NBR15079,LT,2,297.30,297.30,297.30,PARADISO,2026-02
PINTURA,"TINTA ESMALTE SINTETICO BRILHANTE AZUL DEL REY 3,6L NBR15079",UNI,2,118.74,118.74,118.74,PARADISO,2026-04
PINTURA,"TINTA ESMALTE SINTETICO CINZA MEDIO BRILHANTE 3,6L NBR15079",UNI,2,129.88,129.88,129.88,PARADISO,2026-04
PINTURA,"TINTA ESMALTE SINTETICO BRILHANTE MARROM 3,6L NBR15079 SHERWIN WILLIAMS",UNI,2,118.74,124.31,129.87,PARADISO,2026-04
PINTURA,TINTA ACRILICA PREMIUM FOSCO SW7015 CINZA TRANQUILO 16L SHERWIN WILLIAMS NBR15079,UNI,2,529.00,529.00,529.00,DOWNTOWN|MANUTENÇAO,2026-04
PINTURA,SUVIFLEX SUVINIL 18L - 13LT,LT,2,6182.22,6182.23,6182.23,PARADISO,2026-07
PINTURA,TINTA ACRILICA SUVINIL PREMIUM PISO PRETA 18L NBR15079,LT,2,309.90,309.90,309.90,PARADISO,2026-06
PINTURA,MASSA RASPADA,UN,2,630.77,630.77,630.77,PARADISO,2026-06
PINTURA,TINTA ACRILICA PISO AZUL SUVINIL 18L NBR15079,UNI,2,309.90,309.90,309.90,VINHATICO,2026-07
PINTURA,MASSA CORRIDA PVA 18L / 25KG NBR15348,UNI,2,73.00,74.06,75.11,PARADISO,2026-08
PINTURA,STOCOLOR,UNI,2,3225.63,3225.63,3225.63,OASIS SÃO PEDRO,2026-08
PINTURA,CORA B MASSA CORRIDA,UNI,2,107.78,107.78,107.78,PARADISO,2026-08
PINTURA,"SPARLACK VERNIZ C S/B CETOL DECK 3,6L",UNI,1,425.00,425.00,425.00,DOWNTOWN,2026-01
PINTURA,TINTA GELO ARTICO 243RUPER PRO INFINITY ACQUA RESIST BASE 18L - 02 LATAS,UNI,1,1419.80,1419.80,1419.80,PARADISO,2026-01
PINTURA,"TINTA ESMALTE SINTETICO BRILHANTE LARANJA 3,6L NBR15079",UNI,1,130.10,130.10,130.10,PARADISO,2026-03
PINTURA,"TINTA ESMALTE SINTETICO BRILHANTE PRETO 3,6L NBR15079",UNI,1,118.74,118.74,118.74,PARADISO,2026-03
PINTURA,"TINTA ESMALTE SINTETICO BRILHANTE AMARELO OURO 3,6L NBR15079",UNI,1,130.10,130.10,130.10,PARADISO,2026-03
PINTURA,"TINTA ESMALTE SINTETICO BRILHANTE VERMELHO 3,6L NBR15079",UNI,1,130.10,130.10,130.10,PARADISO,2026-03
PINTURA,"TINTA ESMALTE SINTETICO BRANCO BRILHANTE 3,6L NBR15079",UNI,1,110.48,110.48,110.48,PARADISO,2026-03
PINTURA,TINTA ACRILICA PROCRAFT PISO PREMIUM PRETO FOSCO 18L - NBR15079 SHERWIN WILLIANS,UNI,1,322.00,322.00,322.00,PARADISO,2026-03
PINTURA,"TINTA ESMALTE ACETINADO CINZA 3,2L NBR15079",UNI,1,186.88,186.88,186.88,ARBO,2026-02
PINTURA,"TINTA ESMALTE ACETINADO AMARELO 3,2L NBR15079",UNI,1,202.37,202.37,202.37,ARBO,2026-02
PINTURA,TOTAL POX 100 (A+B) 0681 AZUL DEL REI SHERWIN WILLIAMS,UNI,1,342.27,342.27,342.27,DOWNTOWN,2026-02
PINTURA,FUNDO PREPARADOR EMBORRACHADO 16L COR: INCOLOR,UNI,1,198.00,198.00,198.00,MANUTENÇAO,2026-02
PINTURA,ROLO ANTI GOTAS ATLAS =23 CM= ''321/10'',UNI,1,26.68,26.68,26.68,PARADISO,2026-03
PINTURA,TEXTURA RUSTICA 25KG SUVINIL,UNI,1,283.99,283.99,283.99,MANUTENÇAO,2026-03
PINTURA,TINTA PISO VERRDE 18L SUVINIL,LT,1,299.90,299.90,299.90,ARBO,2026-02
PINTURA,"TOTAL POX 100 ELEFANTE SUVINIL, TOTAL POX 100 AZUL DEL REI SHERWIN",UNI,1,6845.48,6845.48,6845.48,DOWNTOWN,2026-03
PINTURA,TINTA GELO ARTICO 243 SUPER PRO EUCATEX ACQUA RESIST 18L,LT,1,729.90,729.90,729.90,MANUTENÇAO,2026-04
PINTURA,"ROLO TEXTURAL,ROLO ESPUMA, FITA CREPE",UNI,1,95.95,95.95,95.95,MANUTENÇAO,2026-03
PINTURA,TINTA PERMACRYL MICRO BD 25KG COR: RIGA MINIMO NBR15079,BD,1,279.00,279.00,279.00,PARADISO,2026-05
PINTURA,TINTA PERMACRYL MICRO BD 25KG COR: ADELAIDE CLARO NBR15079,BD,1,279.00,279.00,279.00,PARADISO,2026-05
PINTURA,TINTA PERMACRYL MICRO BD 25KG COR: LUGANO CLARO NBR15079,BD,1,279.00,279.00,279.00,PARADISO,2026-05
PINTURA,TINTA PERMACRYL MICRO BD 25KG COR: BRANCO BRANCO NBR15079,BD,1,279.00,279.00,279.00,PARADISO,2026-05
PINTURA,THINNER USO GERAL 4016,UNI,1,436.00,436.00,436.00,DOWNTOWN,2026-02
PINTURA,TINTA ACRILICA COR BRANCO FOSCO PROCRAFT PREMIUM 18L SHERWIN WILLIAMS NBR15079,LT,1,290.00,290.00,290.00,PARADISO,2026-04
PINTURA,TINTA ACRILICA PROCRAFT PREMIUM BRANCO GELO FOSCO 18L NBR15079,LT,1,290.00,290.00,290.00,PARADISO,2026-04
PINTURA,"CORANTE, COLOR METALEX",UM,1,638.00,638.00,638.00,DOWNTOWN,2026-03
PINTURA,TEXTURA ACRILICA LISA BRANCO GELO 25KG SHERWIN WILLIAMS,LT,1,295.00,295.00,295.00,MANUTENÇAO,2026-04
PINTURA,TINTA EMBORRACHADA INCOLOR FUNDO PREPARADOR FOSCO,UNI,1,197.99,197.99,197.99,MANUTENÇAO,2026-03
PINTURA,MASSA RASPADA II BRANCO - 04 UNID.,UNI,1,2340.28,2340.28,2340.28,PARADISO,2026-03
PINTURA,CATALISADOR,UNI,1,1695.00,1695.00,1695.00,DOWNTOWN,2026-03
PINTURA,CORAL B MASSA CORRIDA,UNI,1,98.80,98.80,98.80,PARADISO,2026-04
PINTURA,NOVACOR B PISO AZUL 18L,UNI,1,444.00,444.00,444.00,UPTOWN,2026-04
PINTURA,MASSA CORRIDA 25KG,UNI,1,91.65,91.65,91.65,PARADISO,2026-04
PINTURA,"TINTA SUVINIL RENDE COBRE MUITO COR AREIA 3,6L",UNI,1,164.01,164.01,164.01,DOWNTOWN,2026-04
PINTURA,TINTA NOVACOR B PISO AZUL 18L,UNI,1,444.00,444.00,444.00,UPTOWN,2026-04
PINTURA,"TINTA ACRILICA VERMELHO SEGURANÇA 3,6L NBR15079",UN,1,119.00,119.00,119.00,VINHATICO,2026-05
PINTURA,TINTA ACRILICA SUVINIL BRANCO RENDE E COBRE MUITO -18L NBR15079,LA,1,309.90,309.90,309.90,VINHATICO,2026-05
PINTURA,"STO PRIMER SMOOTH - CORES C1 27,22KG",UNI,1,362.80,362.80,362.80,MANUTENÇAO,2026-06
PINTURA,"STOTEX FREEFORM - CORES C1 31,75 KG",UNI,1,254.26,254.26,254.26,MANUTENÇAO,2026-06
PINTURA,"STOCOAT ACRYL PLUS - CORES C2 22,67KG",UNI,1,1290.25,1290.25,1290.25,MANUTENÇAO,2026-06
PINTURA,"STO CLEAR COAT MATTE 19,27KG",UNI,1,1618.95,1618.95,1618.95,MANUTENÇAO,2026-06
PINTURA,"STO PRIMER CONDITIONER 19,05KG",UNI,1,538.15,538.15,538.15,MANUTENÇAO,2026-06
PINTURA,STO FLEXIBLE CRACK FILLER 870ML,UNI,1,154.70,154.70,154.70,MANUTENÇAO,2026-06
PINTURA,TINTA ACRILICO FOSCO INOVA SUPERLAVÁVEL SEMPRE LIMPO COR ALGODÃO EGIPCIO 18L NBR15079 - 15LT,LT,1,585.92,585.92,585.92,PARADISO,2026-06
PINTURA,TINTA ACRILICO FOSCO INOVA SUPERLAVÁVEL SEMPRE LIMPO COR ALGODÃO EGIPCIO 18L NBR15079 - 15 LT,LT,1,585.92,585.92,585.92,PARADISO,2026-07
PINTURA,CORAL DECORA EFEITO VELVET BASE 2.1L CINZA DE GRIFE NBR15079,GL,1,463.99,463.99,463.99,PARADISO,2026-05
PINTURA,STO PRIMER SMOOTH - TSW,UNI,1,276.88,276.88,276.88,MANUTENÇAO,2026-05
PINTURA,STOTEX 1.0 - TSW,UNI,1,238.70,238.70,238.70,MANUTENÇAO,2026-05
PINTURA,TEXTURA RISCADA BRANCO 25KG MAXCOL,UNI,1,83.90,83.90,83.90,ESCRITORIO LOURDES,2026-05
PINTURA,"TINTA EPÓXI AZUL DEL REY + CATALISADOR 3,6 LTS BEMA NBR15079",GL,1,347.60,347.60,347.60,PARADISO,2026-06
PINTURA,"TINTA BEMA EPOXI CINZA MEDIO + CATALIZADOR GL 3,6L NBR15079",GL,1,331.90,331.90,331.90,PARADISO,2026-06
PINTURA,SOLVENTE PARA EPOXI 18L,LA,1,631.00,631.00,631.00,PARADISO,2026-06
PINTURA,"PRIMER EPOXI + CATALIZADOR 3,6L",GL,1,277.60,277.60,277.60,PARADISO,2026-06
PINTURA,MASSA ACRILICA 18L/25KG,LT,1,186.00,186.00,186.00,PARADISO,2026-06
PINTURA,FUNDO SELADOR ACRILICO COLOR,UN,1,630.76,630.76,630.76,PARADISO,2026-05
PINTURA,TINTA METALATEX ACRILICA FOSCA PAPEL PICADO 16L - 1LT,UNI,1,611.38,611.38,611.38,PARADISO,2026-05
PINTURA,TINTA METALATEX ACRILICA FOSCA BRANCA 16L - 1LT,UNI,1,444.64,444.64,444.64,PARADISO,2026-05
PINTURA,TINTA EUCATEX ACQUA RESIST BRANCO FOSCO 18L,UNI,1,1559.64,1559.64,1559.64,MANUTENÇAO,2026-05
PINTURA,"TINTA ESMALTE SINTETICO ACETINADO BRANCO 3,6L NBR15079",GL,1,189.00,189.00,189.00,PARADISO,2026-06
PINTURA,"TINTA ESMALTE SINTETICO GRAFITE CLARO ACETINADO 3,6L NBR15079",GL,1,189.00,189.00,189.00,PARADISO,2026-06
PINTURA,TEXTURA ROLADA HIDRO BRANCO REVINIL 25KG - 02 LATAS,UNI,1,251.00,251.00,251.00,MANUTENÇAO,2026-06
PINTURA,TINTA ACRILICA STANDARD COR ELEFANTE FOSCO 18L NBR15079,LT,1,287.00,287.00,287.00,PARADISO,2026-07
PINTURA,SELADOR ACRILICO METALATEX - 18L,LT,1,138.00,138.00,138.00,PARADISO,2026-07
PINTURA,ACRIL COLOR,UNI,1,630.77,630.77,630.77,PARADISO,2026-06
PINTURA,MASSA RASPADA 1 CORES VARIADAS,UNI,1,630.77,630.77,630.77,PARADISO,2026-07
PINTURA,ACRIL COLOR CORES DIVERSAS,UNI,1,630.77,630.77,630.77,PARADISO,2026-07
PINTURA,"TINTA ESMALTE GRAFITE CLARO FOSCO 3,6L SUVINIL",GL,1,235.00,235.00,235.00,PARADISO,2026-07
PINTURA,STO PRIME LASTIC 4BD - STOTEX 1.0 33 BD,UNI,1,11656.56,11656.56,11656.56,PARADISO,2026-07
PINTURA,"TINTA ACRILICA FOSCO SW7017 CINZA DORICO 3,2L SHERWIN WILLIAMS NBR15079",GL,1,136.00,136.00,136.00,DOWNTOWN,2026-08
PINTURA,TINTA SPRAY ANODIZADO 1002 ALUCLASS NASON CONCENTRADO,UNI,1,40.00,40.00,40.00,DOWNTOWN,2026-08
PINTURA,MASSA CORRIDA 25KG SUVINIL,LT,1,79.00,79.00,79.00,PARADISO,2026-08
PINTURA,AZUL DEL REY,LA,1,859.00,859.00,859.00,PARADISO,2026-08
PINTURA,SELADOR ACRILICO,BD,1,179.00,179.00,179.00,PARADISO,2026-08
PRE MOLDADOS,"LADRILHO HIDRAULICO 10 FRISOS CONCRETO RAMPA 20X20X1,5 COR PRETO NBR9457",UNI,3,2.70,2.80,2.80,MANUTENÇAO|PARADISO,2026-05
PRE MOLDADOS,TUBO DE CONCRETO JR PB PA1 DN 600 X 2000 MM,ML,2,206.25,206.25,206.25,ARBO,2026-02
PRE MOLDADOS,"CHAPEU DE MURO RETO 25CM X 1,0M X 03CM",UNI,1,22.20,22.20,22.20,PARADISO,2026-03
PRE MOLDADOS,"CHAPEU DE MURO RETO 30CM X 1,0M X 3CM",UNI,1,33.25,33.25,33.25,PARADISO,2026-03
PRE MOLDADOS,"CHAPEU DE MURO RETO 0,25 X 0,80CM",UNI,1,14.00,14.00,14.00,MANUTENÇAO,2026-03
PRE MOLDADOS,CAIXA DE PASSAGEM 100X100X37 SEM TAMPA,UNI,1,455.00,455.00,455.00,MANUTENÇAO,2026-05
PRE MOLDADOS,PROLONGADOR PARA CAIXA DE 100X100 - 20 CM DE ALTURA,UNI,1,190.00,190.00,190.00,MANUTENÇAO,2026-05
PRE MOLDADOS,TAMPA PARA CAIXA DE 100 C/ VISITA - 110X110X10 CM,UNI,1,498.00,498.00,498.00,MANUTENÇAO,2026-05
PRE MOLDADOS,CAIXA DE PASSAGEM 60X60X17CM C/ CAIXILHO E TAMPA CEGA COMUM NBR9062,UNI,1,201.00,201.00,201.00,PARADISO,2026-05
PRE MOLDADOS,PROLONGADOR 60X60X20 P/ CAIXA DE PASSAGEM NBR9062,UNI,1,79.00,79.00,79.00,PARADISO,2026-05
PRE MOLDADOS,CAIXA SIFONADA GORDURA/ SABÃO 216 L C/ CAIXILHO E TAMPA COMUM NBR 9062,UNI,1,489.00,489.00,489.00,PARADISO,2026-05
REVESTIMENTO,"OASI PARADISO ST 60X120 NAT RET - 549,12M2",UNI,8,5934.50,5934.50,5934.51,PARADISO,2026-04
REVESTIMENTO,PORCELANATOS DIVERSOS,UNI,6,1741.29,5507.76,9274.23,PARADISO,2026-03
REVESTIMENTO,OASIS PARADISO ST 60X120 NAT RET,UNI,6,1029.88,1029.88,1032.37,PARADISO,2026-06
REVESTIMENTO,"ONYX UNIQUE 120X120 NAT RET - 901,18M2",UNI,6,16758.37,16758.37,16798.63,PARADISO,2026-07
REVESTIMENTO,"PISO, RODAPE",UNI,5,22933.90,43000.00,43000.00,PARADISO,2026-06
REVESTIMENTO,"RODAPE RIVATTI 10CM LISO 10MM BARRA 2,00M - 1482M",UNI,5,6383.80,8000.00,8000.00,PARADISO,2026-06
REVESTIMENTO,"SINTESE PLATINA ST 20X120 NAT RET - 696,15M2",UNI,5,11491.07,11491.07,11491.07,PARADISO,2026-07
REVESTIMENTO,"SINTESE PLATINA ST 20X120 NAT RET QTD BEM 585 PISO 696,15 UN",UNI,5,11491.07,11491.07,11491.07,PARADISO,2026-07
REVESTIMENTO,"SINTESE PLATINA ST 20X120 NAT RET QTD BEM 540 PISO 642,60 UM",UNI,5,10607.14,10607.14,10607.14,PARADISO,2026-07
REVESTIMENTO,"SINTESE PLATINA ST 20 X 120 NAT RET - 500,99 M2",UNI,5,8269.64,8269.64,8269.65,PARADISO,2026-07
REVESTIMENTO,"OASI PARADISO ST 60X120 NAT RET 300,30M2 / VERANO FRESCO 14,5X14,5 EXT BOLD 80,08M2 / BARBAVENTO CARIBBEAN 14,5X14,5 RELEVO EXT BOLD 95,68M2 / AMAZONIA ECLIPSE ST 20X120 EXT RET 60,69 M2",UNI,5,8600.34,8600.35,8600.35,PARADISO,2026-07
REVESTIMENTO,"POSTO 12 120X120 NAT RET - 619,92 M2",UNI,4,7175.41,7175.42,7175.42,PARADISO,2026-04
REVESTIMENTO,"ONYX UNIQUE 120X120 NAT RET - 826,56M2",UNI,4,11532.67,11532.67,11532.67,PARADISO,2026-04
REVESTIMENTO,"POSTO 12 120X120 EXT RET 120X120 NAT RET NBR13816, 13817, 13818 15463 E ISO 10545 - 51,66M2",M2,4,597.95,597.95,597.96,PARADISO,2026-04
REVESTIMENTO,"OASI PARADISO ST 60X120 NAT RET - NBR 15463 - 102,96M2",M2,4,1112.71,1112.72,1112.72,PARADISO,2026-04
REVESTIMENTO,"ONYX UNIQUE 120X120 NAT RET NBR´S 13816,13817,13818, 15463 E ISO 10545 - 175,07 / POSTO 12 120X120 NAT RET 120X120 NAT RET - 80,36M2",M2,4,3372.83,3372.83,3372.83,PARADISO,2026-04
REVESTIMENTO,"PORCELANATO 60X120 9,5MM SAMPA CINZA AC (300,96 M2) E PORCELANATO GL 60X120 9,5MM KYOTO SHELL AC",UNI,4,9517.52,9517.52,9517.53,PARADISO,2026-09
REVESTIMENTO,FORNECIMENTO DE MARMORE BRANCO SEMI EXTRA,UNI,4,10080.00,11760.00,22400.00,PARADISO,2026-09
REVESTIMENTO,MASSA MAPEI AUTONIVELANTE NOVOPLAN 20KG - 194 UNI,UNI,3,6500.00,6500.00,8340.00,PARADISO,2026-05
REVESTIMENTO,"BLOOMY FOG 120X120 NAT RET - 80,36M2",UNI,3,3481.92,3481.92,3482.96,PARADISO,2026-07
REVESTIMENTO,"KING S ROAD 6,5X23 TIJOLINHOS (6,48M2) / GOUACHE NUAGE 15,5X15,5 MATE BOLD PAREDE (20,01M2) / AETERNA AVORIO CESELLATO 45X120 MATE PAREDE (66,01M2)",UNI,3,2856.75,2856.75,2857.62,PARADISO,2026-07
REVESTIMENTO,"PP PRIME BRANCO 60X60 R - 1464,48 M2",UNI,3,15107.23,15107.23,15107.23,ARBO,2026-09
REVESTIMENTO,SERVIÇOS DE REJUNTE,UNI,2,1967.32,2668.83,3370.34,DOWNTOWN|PARADISO,2026-02
REVESTIMENTO,SERVIÇO DE PISOS E REVESTIMENTOS,UNI,2,1834.89,2379.77,2924.65,DOWNTOWN,2026-02
REVESTIMENTO,FORNECIMENTO DE BANCADAS NO GRANITO PRETO SÃO GABRIEL,M,2,420.00,470.00,520.00,DOWNTOWN,2026-02
REVESTIMENTO,"PORCELANATO GL 20X20 CAPRI AGAVE MA 20X20 - 85,40M2 / PORCELANATO GL 20X20 CAPRI AGAVE EXT 20X20 - 16,80M2",UNI,1,1956.47,1956.47,1956.47,VINHATICO,2026-01
REVESTIMENTO,"GRANITO /DIORITO PRETO SUPREME 2CM - 231,157 M2",UNI,1,7319.98,7319.98,7319.98,PARADISO,2026-01
REVESTIMENTO,"PISO LAMINADO E MATERIAIS - 7,5 M2",UNI,1,2165.00,2165.00,2165.00,MANUTENÇAO,2026-01
REVESTIMENTO,"RODAPE RIVATTI 10CM LISO BRANCO 10MM BARRA 2,00M",M,1,34.50,34.50,34.50,DOWNTOWN,2026-02
REVESTIMENTO,"RV GLACIAL SNOW 33X60 - NBR 13816,13817,13818,15463 ISO10545",M2,1,31.75,31.75,31.75,ARBO,2026-03
REVESTIMENTO,PP PRO CONCRETE AC 60X60 R - NBR 15463,M2,1,47.56,47.56,47.56,ARBO,2026-03
REVESTIMENTO,PP PROSAND GP 60X60R NBR15463,M2,1,48.99,48.99,48.99,DOWNTOWN,2026-04
REVESTIMENTO,PORCELANATO RETIFICADO 60X120 NORD CEMENT NAT,M2,1,140.90,140.90,140.90,MANUTENÇAO,2026-03
REVESTIMENTO,"FORNECIMENTO DE BANCADAS NO GRANITO PRETO SÃO GABRIEL - 12,3816 M2",UNI,1,5200.26,5200.26,5200.26,DOWNTOWN,2026-02
REVESTIMENTO,SERVIÇOS DE REVESTIMENTO,UNI,1,7580.15,7580.15,7580.15,ARBO,2026-02
REVESTIMENTO,ACABAMENTO SARRAFEADO RAMPA DE ACESSO,UNI,1,1157.06,1157.06,1157.06,ARBO,2026-02
REVESTIMENTO,"COLA SANTA LUZIA, MASSA SANTA LUZIA, PISO TARKETT",UNI,1,50922.10,50922.10,50922.10,PARADISO,2026-02
REVESTIMENTO,"FORNECIMENTO DE BANCADAS NO GRANITO PRETO SÃO GABRIEL - 26,9740 M2",UNI,1,11329.00,11329.00,11329.00,PARADISO,2026-02
REVESTIMENTO,"FORNECIMENTO DE PEÇAS EM MARMORES LAVATORIOIS, PEITORIS, FILETES",UNI,1,13541.00,13541.00,13541.00,PARADISO,2026-02
REVESTIMENTO,"PORCELANATO RETIFICADO 90X90 NORD CEMENT EXT PORTOBELLO - 4,84M2",CX,1,350.75,350.75,350.75,MANUTENÇAO,2026-03
REVESTIMENTO,"COLA SANTA LUZIA 5KG (30 UNID.), MASSA SANTA LUZIA 340GR (15 UNID.)",UNI,1,7125.00,7125.00,7125.00,PARADISO,2026-02
REVESTIMENTO,"ARGAMASSA COLANTE ACII, ACIII CINZA 20KG",UNI,1,3494.84,3494.84,3494.84,PARADISO,2026-03
REVESTIMENTO,FORNECIMENTO DE BANCADAS,UNI,1,2469.60,2469.60,2469.60,DOWNTOWN,2026-02
REVESTIMENTO,"PORCELANATO PRO CONCRETE AC 60X60 - 30,24 M2",UNI,1,1981.00,1981.00,1981.00,ARBO,2026-03
REVESTIMENTO,AETERNA AVORIO ST 120X120 NAT RET,M2,1,109.90,109.90,109.90,PARADISO,2026-03
REVESTIMENTO,AETERNA AVORIO ST 120X120 EXT RET,M2,1,109.90,109.90,109.90,PARADISO,2026-03
REVESTIMENTO,SINTESE PLATINA BRUTALISTA 60X120 NAT RET,M2,1,49.90,49.90,49.90,PARADISO,2026-03
REVESTIMENTO,SINTESE PLATINA ST 20X120 NAT RET,M2,1,82.00,82.00,82.00,PARADISO,2026-03
REVESTIMENTO,"REVESTIMENTO EM ACM - 15,765M2",UNI,1,10000.00,10000.00,10000.00,DOWNTOWN,2026-03
REVESTIMENTO,PP PRO SAND 60X60R,UNI,1,2024.53,2024.53,2024.53,DOWNTOWN,2026-03
REVESTIMENTO,MOZAIK FILETEFIL12010,UNI,1,443.60,443.60,443.60,PARADISO,2026-04
REVESTIMENTO,"SAMPA CINZA AC 60 X120 NBR 13816,13817,13818,15463 E ISO 10545",UNI,1,73.67,73.67,73.67,PARADISO,2026-06
REVESTIMENTO,"KYOTO SHELL AC 60 X 120 NBR 13816, 13817, 13818, 15463 E ISO 10545",UNI,1,78.20,78.20,78.20,PARADISO,2026-06
REVESTIMENTO,"RV GLACIAL SNOW AC 33X60 - 71,94M2",UNI,1,2756.64,2756.64,2756.64,ARBO,2026-03
REVESTIMENTO,AZULEJO ANTIGO 20X20 BRANCO - 20M2,UNI,1,10.00,10.00,10.00,PARADISO,2026-07
REVESTIMENTO,OH TAKE MOON 120X120 NAT RET,M2,1,129.90,129.90,129.90,DOWNTOWN,2026-06
REVESTIMENTO,"FORNECIMENTO DE BANCADA GRANITO PRETO SÃO GABRIEL APTO 1503 - 3,8935 M2",UNI,1,1791.00,1791.00,1791.00,MANUTENÇAO,2026-07
SEGURANÇA,LUVA NITRILON VOLK CA38800 - GG,PAR,13,7.90,8.00,8.33,ARBO|CELEBRATION|PARADISO|UPTOWN|VINHATICO,2026-08
SEGURANÇA,JUGULAR DE TECIDO UNIVERSAL,UN,10,2.50,2.70,3.50,ARBO|PARADISO|VINHATICO,2026-08
SEGURANÇA,BOTINA BICO PLASTICO ELASTICO U-SAFE 4098USES4600US PRETO BRACOL CA 48413,PAR,9,51.00,51.00,52.45,ARBO|CELEBRATION|PARADISO|VINHATICO,2026-08
SEGURANÇA,OCULOS LEOPARDO AGUIA INCOLOR DANNY CA 14990,UNI,8,3.50,3.50,3.64,ARBO|PARADISO|VINHATICO,2026-06
SEGURANÇA,"CAMISA MALHA PV MANGA LONGA CINZA, GOLA REDONDA DE VIÉS C/ SILK - 320 UNID.",UNI,8,4522.00,4522.00,5814.00,ARBO|VINHATICO,2026-07
SEGURANÇA,CALÇA BRIM PESADO 100% ALG. COS TODO ELAST. CORDAO CINZA ESCURO 3 BOLSOS 1 SILK NA PERNA REFORÇO MEIA LUA GAVIAO - 185 UNID.,UNI,8,52.00,52.00,52.00,ARBO|VINHATICO,2026-07
SEGURANÇA,"CAMISA MALHA PV MANGA LONGA CINZA, GOLA REDONDA DE VIÉS C/ SILK - 200 UNID.",UNI,8,2879.33,2879.33,3702.00,PARADISO|UPTOWN,2026-07
SEGURANÇA,CALÇA BRIM PESADO 100% ALG. COS TODO ELAST. CORDAO CINZA ESCURO 3 BOLSOS 1 SILK NA PERNA REFORÇO MEIA LUA GAVIAO - 120 UNID.,UNI,8,52.00,52.00,52.00,PARADISO|UPTOWN,2026-07
SEGURANÇA,"LUVA VAQUETA TOTAL VALCAN TAM 9,5 - P/7 CA 16474",UN,7,14.00,15.00,15.00,PARADISO|VINHATICO,2026-08
SEGURANÇA,CARNEIRA P/ CAPACETE GENESIS LIBUS,UN,6,4.80,4.80,4.80,ARBO|PARADISO|VINHATICO,2026-06
SEGURANÇA,LUVA LATEX SILVER GRIP DA360 AZUL TAM G DANNY CA40730,PAR,6,4.80,5.50,5.80,ARBO|PARADISO|UPTOWN|VINHATICO,2026-08
SEGURANÇA,CALÇA DE BRIM,UNI,6,49.99,49.99,49.99,ARBO|PARADISO|UPTOWN|VINHATICO,2026-05
SEGURANÇA,CAMISA DE MALHA MANGA LONGA,UNI,6,19.99,19.99,19.99,ARBO|PARADISO|UPTOWN|VINHATICO,2026-05
SEGURANÇA,LUVA MULTICONTATO CA30916 VOLK,PAR,5,2.50,2.60,3.00,ARBO|PARADISO,2026-08
SEGURANÇA,"TELA TAPUME 1,20 X 50M LARANJA E BRANCA",RL,5,51.12,82.00,162.90,ARBO|PARADISO,2026-07
SEGURANÇA,BOTINA DE COURO C/ BICO PLASTICO PU LIGHT CA CA48026 N40,PAR,5,51.00,51.00,51.00,ARBO|CELEBRATION|PARADISO,2026-06
SEGURANÇA,BOTINA DE COURO C/ BICO PLASTICO PU LIGHT CA48026 N42,PAR,5,51.00,51.00,51.00,ARBO|CELEBRATION|PARADISO,2026-06
SEGURANÇA,PROTETOR PLUG SILICONE 17DB CAMPER CA 49710,UN,5,1.52,1.95,1.99,ARBO|PARADISO|UPTOWN|VINHATICO,2026-07
SEGURANÇA,OCULOS LEOPARDO AGUIA FUME DANNY CA 15298,UNI,5,3.50,3.50,3.50,CELEBRATION|PARADISO|VINHATICO,2026-06
SEGURANÇA,CAMISA PERSONALIZADA,UNI,5,54.99,54.99,54.99,ARBO|CELEBRATION|PARADISO|UPTOWN|VINHATICO,2026-05
SEGURANÇA,TALABARTE Y GANCHO 55MM C/ ABS FITA YFT AT707 ATHENAS,UNI,5,147.00,159.00,159.00,ARBO|PARADISO|VINHATICO,2026-08
SEGURANÇA,CALÇA BRIM PESADO 100% ALG. COS TODO ELAST. CORDAO CINZA ESCURO 3 BOLSOS 1 SILK NA PERNA REFORÇO MEIA LUA GAVIAO,UNI,5,59.00,59.00,59.00,ARBO|CELEBRATION|PARADISO|UPTOWN|VINHATICO,2026-08
SEGURANÇA,CINTO SEG PQD ATHENAS 3 PTS PROT LOMBAR AT 7015 CA37977,UNI,4,115.00,127.00,149.00,PARADISO|VINHATICO,2026-08
SEGURANÇA,SUSPENSAO PLASTICA GENESIS 902627 LIBUS,UN,4,4.80,4.80,4.80,ARBO|UPTOWN,2026-08
SEGURANÇA,LUVA LATÉX VOLK SILVER DA- 450 EXTRA CA 16312 AZUL G,PAR,3,4.87,5.50,5.80,CELEBRATION|PARADISO,2026-06
SEGURANÇA,CREME PROTETOR G3 NUTRIEX 200G CA43802,UNI,3,6.20,6.90,6.90,ARBO|PARADISO,2026-08
SEGURANÇA,BOTINA DE COURO C/ BICO PLASTICO PU LIGHT CA CA48026 N41,PAR,3,51.00,51.00,51.00,ARBO|CELEBRATION|PARADISO,2026-04
SEGURANÇA,BOTINA DE COURO C/ BICO PLASTICO PU LIGHT CA48026 N43,PAR,3,51.00,51.00,51.00,ARBO|CELEBRATION|PARADISO,2026-04
SEGURANÇA,BOTINA DE COURO C/ BICO PLASTICO PU LIGHT CA48026 N44,PAR,3,51.00,51.00,51.00,ARBO|CELEBRATION,2026-06
SEGURANÇA,BOTINA FORTLINE AM NOBUCK PU BI PLUS PALM ST C/ BICO PLAST BCN2002LXX CA50893 N41,PAR,3,106.00,108.00,112.30,ARBO|PARADISO|VINHATICO,2026-07
SEGURANÇA,CAPACETE S/ CARNEIRA CA 36099 COR: VERMELHO LIBUS GENESIS,UN,3,6.30,6.99,6.99,ARBO|PARADISO,2026-07
SEGURANÇA,BOTINA DE COURO C/ BICO PLASTICO PU LIGHT CA48026,PAR,3,51.00,51.00,52.45,ARBO|PARADISO|VINHATICO,2026-06
SEGURANÇA,CAPACETE S/ CARNEIRA CA 36099 COR: MARROM LIBUS GENESIS,UN,3,6.30,6.30,6.99,ARBO|VINHATICO,2026-06
SEGURANÇA,BOTINA NOBUCK S/B MARLUVAS CA32816 N-39,UNI,3,183.90,207.09,207.09,ARBO|PARADISO,2026-07
SEGURANÇA,CAMISA POLO DE MALHA PIQUET C/ 3 LOGOS BORDADAS NA COR CINZA - 4 UNID.,UNI,3,252.33,252.33,252.33,VINHATICO,2026-07
SEGURANÇA,CAMISA POLO DE MALHA PIQUET MANGA LONGA C/ 3 LOGOS BORDADAS NA COR CINZA - 5 UNID.,UNI,3,66.00,66.00,66.00,VINHATICO,2026-07
SEGURANÇA,CALÇA JEANS MASCULINA C/ LOGO BORDADA BOLSO ESQUERDO - 3 UNID.,UNI,3,65.00,65.00,65.00,VINHATICO,2026-07
SEGURANÇA,CAPACETE S/ CARNEIRA CA 36099 COR: BRANCO LIBUS GENESIS,UN,3,6.30,6.90,6.99,ARBO|UPTOWN,2026-07
SEGURANÇA,CAPUZ TIPO TOUCA ARABE SEM ABA C/VELCRO BRASCAMP CA 49731 CINZA,UN,3,7.90,7.90,7.90,ARBO|CELEBRATION|VINHATICO,2026-07
SEGURANÇA,CAPACETE S/ CARNEIRA CA 36099 COR: AZUL LIBUS GENESIS,UN,3,6.90,6.99,6.99,ARBO|UPTOWN|VINHATICO,2026-07
SEGURANÇA,RESPIRADOR PFF2 S/ VALVULA CAMPER CA38942,UNI,2,0.70,0.80,0.90,ARBO|PARADISO,2026-04
SEGURANÇA,LUVA LATÉX VOLK SILVER DA- 450 EXTRA CA 16312 AMARELO -G,UNI,2,5.22,5.56,5.90,ARBO|PARADISO,2026-05
SEGURANÇA,BOTINA ELASTICO COURO BICO PLASTICO U-SAFE PRETO TAM 39 BRACOL CA48413,PAR,2,51.00,51.00,51.00,ARBO,2026-04
SEGURANÇA,BOTINA ELASTICO COURO BICO PLASTICO U-SAFE PRETO TAM 41 BRACOL CA48413,PAR,2,51.00,51.00,51.00,ARBO,2026-04
SEGURANÇA,BOTINA ELASTICO COURO BICO PLASTICO U-SAFE PRETO TAM 42 BRACOL CA48413,PAR,2,51.00,51.00,51.00,ARBO,2026-04
SEGURANÇA,BOTINA ELASTICO COURO PU BICO PLASTICO TAM 37 FORTILINE CA48026,PAR,2,51.00,51.00,51.00,ARBO,2026-04
SEGURANÇA,BOTINA ELASTICO COURO PU BICO PLASTICO TAM 40 FORTILINE CA48026,PAR,2,51.00,51.00,51.00,ARBO,2026-04
SEGURANÇA,"CAPA DE CHUVA FIT STANDARD 1,60M C/ MANGA AMARELA TAM EXG BRASCAMP CA28449",UNI,2,16.90,16.90,16.90,ARBO,2026-04
SEGURANÇA,CAPUZ TOUCA ARABE S/ ABA VELCRO CINZA BRASCAMP CA49731,UNI,2,6.90,6.90,6.90,ARBO,2026-04
SEGURANÇA,LUVA LATEX VERNIZ SILVER AZUL TAM G VOLK CA16312/45558,UNI,2,5.50,5.50,5.50,ARBO,2026-04
SEGURANÇA,LUVA VAQUETA ASA MISTA TAM G LUVEQ CA26742,UNI,2,10.00,10.00,10.00,ARBO,2026-04
SEGURANÇA,OCULOS LEOPARDO AGUIA CINZA DANNY CA 15298,UNI,2,3.50,3.50,3.50,ARBO,2026-04
SEGURANÇA,PLUG PROTETOR AUDITIVO SILICONE 17DB CAMPER CA49710,UNI,2,1.50,1.50,1.50,ARBO,2026-04
SEGURANÇA,RESPIRADOR DESC DOBRAVEL PFF2 S/ VALVULA AZUL CAMPER CA38942,UNI,2,0.85,0.85,0.85,ARBO,2026-04
SEGURANÇA,ABAFADOR CONCHA CAMPER 18DB CA33135,UN,2,16.00,17.00,18.00,PARADISO|VINHATICO,2026-04
SEGURANÇA,CAPACETE S/ CARNEIRA CA 36099 COR: VERDE LIBUS GENESIS,UN,2,6.30,6.30,6.30,PARADISO|VINHATICO,2026-05
SEGURANÇA,CAPACETE S/ CARNEIRA CA 36099 COR: AMARELO LIBUS GENESIS,UN,2,6.30,6.30,6.30,PARADISO|VINHATICO,2026-05
SEGURANÇA,BOTINA NOBUCK S/B MARLUVAS CA32816 N-34,UNI,2,178.38,181.14,183.90,ARBO,2026-05
SEGURANÇA,PROTETOR PLUG SILICONE 17DB CA49710,UN,2,1.50,1.58,1.67,PARADISO|VINHATICO,2026-05
SEGURANÇA,CAPUZ TIPO TOUCA ARABE SEM ABA C/VELCRO BRASCAMP CA 49731 AZUL,UN,2,7.25,7.58,7.90,PARADISO|VINHATICO,2026-05
SEGURANÇA,CAPACETE BRANCO C/ CARNEIRA 3M,UNI,2,52.90,53.12,53.35,ESCRITORIO LOURDES|PARADISO,2026-08
SEGURANÇA,BOTINA DE COURO C/ BICO PLASTICO PU LIGHT CA48026 N36,PAR,2,51.00,51.00,51.00,ARBO,2026-06
SEGURANÇA,BOTINA DE COURO C/ BICO PLASTICO PU LIGHT CA48026 N38,PAR,2,51.00,51.00,51.00,ARBO,2026-06
SEGURANÇA,CAPA DE CHUVA PVC C/ MANGA AMARELA CA28449 BRASOPOLIS GG,UN,2,17.43,28.96,40.50,ARBO|VINHATICO,2026-07
SEGURANÇA,BOTINA FORTLINE AM NOBUCK PU BI PLUS PALM ST C/ BICO PLAST BCN2002LXX CA50893 40,PAR,2,105.60,108.95,112.30,ARBO|VINHATICO,2026-07
SEGURANÇA,LUVA DE VAQUETA MISTA CA26742 LUVEQ,PAR,2,10.00,10.00,10.00,ARBO,2026-06
SEGURANÇA,PROTETOR DE VERGALHAO PA,UNI,2,0.65,0.68,0.71,ARBO|VINHATICO,2026-06
SEGURANÇA,BOTINA SHARK S/B ELASTICO CA 31167/47549 42,PAR,2,51.00,51.00,51.00,PARADISO|VINHATICO,2026-07
SEGURANÇA,TRAVA QUEDAS P/ CORDA 12MM ATHENAS AT 7070 C AC,UNI,2,123.00,123.00,123.00,PARADISO,2026-06
SEGURANÇA,JOELHEIRA P/ PROTEÇÃO CGO1 CARBOGRAFITE,UNI,2,74.00,74.00,74.00,PARADISO,2026-06
SEGURANÇA,CAPACETE COM CARNEIRA CAMPER CA 34414,UNI,2,13.50,13.50,13.50,PARADISO,2026-06
SEGURANÇA,JUGULAR TECIDO UNIVERSAL COD 901841 LIBUS,UN,2,2.60,2.65,2.70,ARBO|UPTOWN,2026-07
SEGURANÇA,RESPIRADOR PFF2 S/V AZUL SAYRO CA39643,UN,2,1.20,1.23,1.25,CELEBRATION|PARADISO,2026-06
SEGURANÇA,CAPACETE S/ CARNEIRA CA 36099 COR: CINZA LIBUS GENESIS,UN,2,6.99,6.99,6.99,ARBO|VINHATICO,2026-08
SEGURANÇA,CAPA DE CHUVA COM MANGA,UNI,1,322.50,322.50,322.50,PARADISO,2026-01
SEGURANÇA,ABAFADOR CONCHA SAYRO SPR 17 DB CA-19079 - SAYRO,UNI,1,18.00,18.00,18.00,PARADISO,2026-02
SEGURANÇA,BOTINA AMARRAR NOBUCK BICO PLASTICO MARROM BRACOL CA40872 N41,UNI,1,105.00,105.00,105.00,PARADISO,2026-02
SEGURANÇA,BOTINA DE COURO C/ BICO PLASTICO PU LIGHT CA48026 N46,UNI,1,54.00,54.00,54.00,PARADISO,2026-02
SEGURANÇA,BOTINA FORTLINE AM NOBUCK PU BI PLUS PALM ST C/ BICO PLAST BCN2002LXX CA50893 43,PAR,1,106.00,106.00,106.00,CELEBRATION,2026-02
SEGURANÇA,BOTINA FORTLINE AM NOBUCK PU BI PLUS PALM ST C/ BICO PLAST BCN2002LXX CA50893 39,PAR,1,106.00,106.00,106.00,CELEBRATION,2026-02
SEGURANÇA,PROTETOR SOLAR FPS 30 C/ REPELENTE 2L NUTRIEX,UN,1,179.50,179.50,179.50,CELEBRATION,2026-02
SEGURANÇA,TRAVA QUEDAS - 2,UNI,1,842.00,842.00,842.00,ARBO,2026-02
SEGURANÇA,PROTETOR SOLAR FPS 30 C/ REPELENTE DOSADOR 2L NUTRIEX,UNI,1,359.00,359.00,359.00,ARBO,2026-02
SEGURANÇA,CONE DE SINALIZAÇAO PVC LR/BR 75CM NBR15071,UNI,1,22.90,22.90,22.90,PARADISO,2026-02
SEGURANÇA,BOTINA EL.BICO PLASTICO VULCAFLEX CA43377 N°42,UNI,1,53.77,53.77,53.77,PARADISO,2026-03
SEGURANÇA,BOTINA EL.BICO PLASTICO VULCAFLEX CA43377 N°41,UNI,1,53.77,53.77,53.77,PARADISO,2026-03
SEGURANÇA,LUVA DE NITRILON VERDE IMBAT TAM 09 - G CA41737,UNI,1,7.44,7.44,7.44,PARADISO,2026-03
SEGURANÇA,BOTINA NOBUCK PRETO BRACOL CA 43938 N39,UNI,1,102.45,102.45,102.45,PARADISO,2026-03
SEGURANÇA,BOTINA DE COURO C/ BICO PLASTICO PU LIGHT CA48026 N37,PAR,1,51.00,51.00,51.00,ARBO,2026-03
SEGURANÇA,BOTINA DE COURO C/ BICO PLASTICO PU LIGHT CA48026 N39,PAR,1,51.00,51.00,51.00,ARBO,2026-03
SEGURANÇA,BOTA PVC C/F PRETA CANO ALTO 30CM INNPRO CA 36025,PAR,1,28.50,28.50,28.50,ARBO,2026-03
SEGURANÇA,MOSQUETAO OVAL 23KN VICSA VIC24300,UN,1,22.00,22.00,22.00,PARADISO,2026-04
SEGURANÇA,BOTINA NOBUCK S/B MARLUVAS CA32816 N-43,PAR,1,178.38,178.38,178.38,PARADISO,2026-04
SEGURANÇA,SAPATO COURO CA31702 N41,PAR,1,47.43,47.43,47.43,PARADISO,2026-04
SEGURANÇA,BOTA PVC PRETA CANO LONGO 35CM INNPRO CA36026,UN,1,32.00,32.00,32.00,VINHATICO,2026-04
SEGURANÇA,CAPACETE S/ CARNEIRA CA 36099 LIBUS GENESIS,UN,1,6.30,6.30,6.30,VINHATICO,2026-04
SEGURANÇA,"CAPA DE CHUVA AMARELA FIT STANDARD 1,20 MANGA BRASCAMP CA28449",UN,1,29.00,29.00,29.00,VINHATICO,2026-04
SEGURANÇA,PROTETOR SOLAR FPS 30 1L C/ REPELENTE NUTRIEX,UN,1,92.00,92.00,92.00,VINHATICO,2026-04
SEGURANÇA,COLETE BLUSAO POLIESTER C/1 BOLSO FAIXA REFLETIVA LARANJA TAM G BRASCAMP,UN,1,14.50,14.50,14.50,VINHATICO,2026-04
SEGURANÇA,KIT PROTETOR AUDITIVO CONCHA ACOPLAR 17DB LIBUS CA43350,UN,1,65.00,65.00,65.00,ARBO,2026-04
SEGURANÇA,CAPA DE CHUVA PVC C/ MANGA AMARELA CA28449 BRASOPOLIS M,UN,1,29.70,29.70,29.70,ARBO,2026-04
SEGURANÇA,CAPA DE CHUVA PVC C/ MANGA AMARELA CA28449 BRASOPOLIS G,UN,1,29.70,29.70,29.70,ARBO,2026-04
SEGURANÇA,CAPA DE CHUVA PVC C/ MANGA AMARELA CA28449 BRASOPOLIS EXG,UN,1,43.50,43.50,43.50,ARBO,2026-04
SEGURANÇA,"TRAVA QUEDAS RETRATIL FITA 2,5M ATHENAS AT 7071 RT",UNI,1,435.00,435.00,435.00,ARBO,2026-05
SEGURANÇA,LUVA DE POLIAMIDA CA30916 VOLK TAM. G,PAR,1,2.61,2.61,2.61,PARADISO,2026-05
SEGURANÇA,BOTA PVC C/F PRETA CANO ALTO 32CM PRETA WORK CA 36026,PR,1,50.06,50.06,50.06,PARADISO,2026-05
SEGURANÇA,CAPACETE C/ CARNEIRA - 20 UNID,UNI,1,196.00,196.00,196.00,UPTOWN,2026-05
SEGURANÇA,CAPACETE C/ CARNEIRA CA31469 COR: AMARELO PLASTCOR,UNI,1,13.00,13.00,13.00,VINHATICO,2026-05
SEGURANÇA,CAPACETE C/ CARNEIRA CA31469 COR: BRANCO PLASTCOR,UNI,1,13.00,13.00,13.00,VINHATICO,2026-05
SEGURANÇA,CAPACETE C/ CARNEIRA CA31469 COR: VERDE PLASTCOR,UNI,1,11.90,11.90,11.90,VINHATICO,2026-05
SEGURANÇA,CAPACETE C/ CARNEIRA CA31469 COR: MARROM PLASTCOR,UNI,1,13.00,13.00,13.00,VINHATICO,2026-05
SEGURANÇA,CAPACETE C/ CARNEIRA CA31469 COR: CINZA PLASTCOR,UNI,1,13.00,13.00,13.00,ARBO,2026-05
SEGURANÇA,CAPACETE C/ CARNEIRA CA31469 COR: AZUL ESCURO PLASTCOR,UNI,1,13.00,13.00,13.00,ARBO,2026-05
SEGURANÇA,CARNEIRA P/ CAPACETE MODELO PLASTICOR,UNI,1,6.60,6.60,6.60,ARBO,2026-05
SEGURANÇA,JUGULAR COM VELCRO PLASTCOR,UNI,1,2.50,2.50,2.50,ARBO,2026-05
SEGURANÇA,BOTINA BICO PLASTICO ELASTICO U-SAFE 4098USES4600US PRETO BRACOL CA 48413 N41,PAR,1,51.00,51.00,51.00,VINHATICO,2026-05
SEGURANÇA,JUGULAR DE TECIDO LIBUS,UN,1,2.70,2.70,2.70,VINHATICO,2026-05
SEGURANÇA,CAPACETES - 20 UNID.,UNI,1,196.00,196.00,196.00,UPTOWN,2026-05
SEGURANÇA,CORDA SEGURANÇA PAMPA ROLO 100M,RL,1,408.50,408.50,408.50,PARADISO,2026-05
SEGURANÇA,BOTINA AMARRAR NOBUCK BICO PLASTICO MARROM BRACOL CA 40872 N42,PAR,1,110.00,110.00,110.00,ARBO,2026-06
SEGURANÇA,BOTINA FORTLINE AM NOBUCK PU BI PLUS PALM ST C/ BICO PLAST BCN2002LXX CA50893 37,PAR,1,106.00,106.00,106.00,ARBO,2026-06
SEGURANÇA,LUVA DE RASPA P 7 CLUT 3 CARLOS CA40320,PAR,1,10.00,10.00,10.00,CELEBRATION,2026-06
SEGURANÇA,LUVA MULTICONTATO FLEXTATIL PRETA DANNY CA29014,PAR,1,3.00,3.00,3.00,CELEBRATION,2026-06
SEGURANÇA,LUVA VOLK COTTON PIGMENTADA 4 FIOS CA 30521,PAR,1,1.90,1.90,1.90,PARADISO,2026-06
SEGURANÇA,COLETE BLUSAO POLIESTER C/1 BOLSO FAIXA REFLETIVA LARANJA TAM GG BRASCAMP,UNI,1,14.50,14.50,14.50,VINHATICO,2026-06
SEGURANÇA,RESPIRADOR PFF2 S/V AZUL ATOMOS CA44746,UN,1,0.98,0.98,0.98,ARBO,2026-07
SEGURANÇA,BOTA PVC C/F PRETA CANO ALTO 30CM INNPRO CA 36025 N39,PAR,1,35.90,35.90,35.90,ARBO,2026-07
SEGURANÇA,BOTA PVC C/F PRETA CANO ALTO 30CM INNPRO CA 36025 N40,PAR,1,35.90,35.90,35.90,ARBO,2026-07
SEGURANÇA,BOTA PVC C/F PRETA CANO ALTO 30CM INNPRO CA 36025 N42,PAR,1,35.90,35.90,35.90,ARBO,2026-07
SEGURANÇA,BOTA PVC C/F PRETA CANO ALTO 30CM INNPRO CA 36025 N44/45,PAR,1,35.90,35.90,35.90,ARBO,2026-07
SEGURANÇA,BOTA PVC C/F PRETA CANO ALTO 28 CM INNPRO CA 36025,UN,1,35.90,35.90,35.90,UPTOWN,2026-07
SEGURANÇA,CAPACETE,UN,1,52.90,52.90,52.90,PRISBEL,2026-06
SEGURANÇA,MARLUVAS BOTINA,UN,1,213.50,213.50,213.50,PRISBEL,2026-06
SEGURANÇA,BOTINAS NOBUCK,PAR,1,207.09,207.09,207.09,PARADISO,2026-07
SEGURANÇA,BOTA PVC PRETA CANO MÉDIO S/F VULCAFLEX MARLUVAS 28CM CA42291 N33,PAR,1,35.90,35.90,35.90,ARBO,2026-07
SEGURANÇA,BOTA PVC VULCAFLEX PT S/F CL 28CM CA42291 N34,PAR,1,35.90,35.90,35.90,ARBO,2026-07
SEGURANÇA,BOTINA NOBUCK S/B MARLUVAS CA32816 N39,PAR,1,207.09,207.09,207.09,PARADISO,2026-07
SEGURANÇA,BOTINA NOBUCK 37 MARLUVAS,UNI,1,249.90,249.90,249.90,ESCRITORIO LOURDES,2026-08
SEGURANÇA,BOTINA DE COURO C/ BICO PLASTICO CA47549 N40,PAR,1,51.00,51.00,51.00,ARBO,2026-08
SEGURANÇA,FITA ZEBRADA AMARELA/PRETA 150M,UN,1,6.90,6.90,6.90,ARBO,2026-08
SEGURANÇA,CONE SINALIZADOR PLASTICO LARANJA/BRANCO 75CM,UN,1,55.00,55.00,55.00,ARBO,2026-08
SEGURANÇA,BOTINA NOBUCK N40 MARLUVAS,PAR,1,150.00,150.00,150.00,ARBO,2026-08
SEGURANÇA,BOTINA NOBUCK N42 MARLUVAS,PAR,1,150.00,150.00,150.00,ARBO,2026-08
SEGURANÇA,OCULOS LEOPARDO AGUIA FUME DANNY CA14700,UNI,1,3.45,3.45,3.45,ARBO,2026-08
SEGURANÇA,"AVENTAL RASPA C/ MANGA 1,20X0,70M TAM G VALCAN CA47851 / 32591",UNI,1,94.50,94.50,94.50,VINHATICO,2026-08
SEGURANÇA,RESPIRADOR PFF2 S/V AZUL ATOMOS CA44527,UNI,1,0.95,0.95,0.95,VINHATICO,2026-08
SEGURANÇA,LUVA VAQUETA ASA MISTA LUVEQ TAM 8-9 CA26742,PAR,1,10.00,10.00,10.00,ARBO,2026-08
SERVIÇOS,SERVIÇO COLETA CAÇAMBAS ESTACIONARIAS,UNI,82,395.00,711.42,3815.00,ARBO|DOWNTOWN|MANUTENÇAO|PARADISO|VINHATICO,2026-08
SERVIÇOS,PRESTAÇAO DE SERVIÇOS DE CONCRETAGEM,UNI,54,940.00,7753.55,156226.50,ARBO|PARADISO|VINHATICO,2026-08
SERVIÇOS,SERVIÇOS DE PEDREIRO,UNI,44,1913.95,4299.49,15131.95,PARADISO,2026-07
SERVIÇOS,PRESTAÇAO DE SERVIÇO DE CONCRETAGEM,UNI,30,940.00,10952.49,77368.50,ARBO|PARADISO|VINHATICO,2026-08
SERVIÇOS,PROJETO ESTRUTURAL,UNI,24,1370.25,4110.75,12332.25,ARBO|PARADISO|PETRA|SANTA LUCIA|UPTOWN|VINHATICO,2026-07
SERVIÇOS,SERVIÇOS PRESTADOS DE COLETAS E ENTREGAS,UNI,23,15.00,50.00,650.00,ALLEGRO|ARBO|DOWNTOWN|ESCRITORIO LOURDES|MANUTENÇAO|OASIS SÃ,2026-07
SERVIÇOS,"VIGILANCIA, SEGURANÇA OU MONITORAMENTO DE BENS",UNI,22,42.47,300.44,303.73,ARBO|PARADISO|UPTOWN|VINHATICO,2026-07
SERVIÇOS,LAUNCH PRO,UNI,21,3380.65,3392.90,10641.40,ARBO|ARBO II|PARADISO|PETRA|UPTOWN,2026-07
SERVIÇOS,PRESTAÇAO DE SERVIÇOS,UNI,20,350.00,7382.51,45916.90,ARBO|DOWNTOWN|MANUTENÇAO|PARADISO|PETRA|PRISBEL|UPTOWN|VINHA,2026-07
SERVIÇOS,SERVIÇOS DE PINTURA,UNI,17,540.00,2100.00,23347.59,DOWNTOWN|MANUTENÇAO|PARADISO|PRISBEL|UPTOWN,2026-07
SERVIÇOS,FRETE - VALEMASSA,UNI,15,25.88,379.23,901.47,ARBO|MANUTENÇAO|PARADISO,2026-07
SERVIÇOS,FRETE DIVERSOS,UNI,15,169.08,772.96,5724.74,ARBO|CELEBRATION|DOWNTOWN|MANUTENÇAO|PARADISO|SANTA CATARINA,2026-05
SERVIÇOS,EXECUÇAO DE SERVIÇOS DE ESCAVAÇOES DE ESTACAS TIPO TRADO MECANICO,UNI,14,4406.00,5760.50,12540.34,VINHATICO,2026-07
SERVIÇOS,LIMPEZA E MANUTENÇAO DE INSTALAÇOES IMOVEIS,UNI,13,1593.00,4589.00,4990.00,DOWNTOWN|VINHATICO,2026-07
SERVIÇOS,PRESTAÇAO DE SERVIÇO DE PORTARIA E SEGURANÇA,UNI,10,2500.00,7500.00,8200.00,DOWNTOWN|PARADISO|VINHATICO,2026-06
SERVIÇOS,FRETE - PBG,UNI,9,360.00,1480.88,6596.43,DOWNTOWN|PARADISO,2026-06
SERVIÇOS,SERVIÇOS DE GESSEIRO,UNI,9,1565.88,4663.78,11814.31,PARADISO,2026-06
SERVIÇOS,PRESTAÇAO DE SERVIÇO DE MAO DE OBRA,UNI,9,2585.55,4250.98,10058.85,PARADISO,2026-07
SERVIÇOS,PRESTAÇAO DE SERVIÇOS DE PINTURA,UNI,8,960.00,9886.55,34857.00,DOWNTOWN|MANUTENÇAO|PARADISO|VINHATICO,2026-07
SERVIÇOS,MONITORAMENTO ELETRONICO,UNI,8,288.38,299.71,303.73,ARBO|PARADISO|UPTOWN|VINHATICO,2026-08
SERVIÇOS,FRETE - PAULINHO,UNI,8,241.55,772.96,5845.51,ARBO|DOWNTOWN|ESCRITORIO LOURDES|MANUTENÇAO|PARADISO|VINHATI,2026-01
SERVIÇOS,SERVIÇOS PRESTADOS,UNI,7,1800.00,3500.00,39682.08,CELEBRATION|MANUTENÇAO|PARADISO|UPTOWN,2026-07
SERVIÇOS,PRESTAÇAO DE SERVIÇOS DE PORTARIA E SEGURANÇA,UNI,7,1750.00,7500.00,7500.00,PARADISO|VINHATICO,2026-07
SERVIÇOS,PRESTAÇAO DE SERVIÇO EM OBRA,UNI,7,2277.17,4243.64,6835.47,PARADISO,2026-06
SERVIÇOS,SERVIÇOS PRESTADOS DE PINTURA,UNI,7,1600.00,2805.00,6383.70,DOWNTOWN|MANUTENÇAO|PARADISO,2026-06
SERVIÇOS,MOVEIS DIVERSOS,UNI,6,10000.00,10000.00,10000.00,PARADISO,2026-06
SERVIÇOS,CKL,UNI,6,500.00,500.00,500.00,DOWNTOWN,2026-07
SERVIÇOS,"PLOTAGEM, IMPRESSAO",UNI,6,246.63,648.25,1470.95,ARBO|PARADISO|UPTOWN|VINHATICO,2026-02
SERVIÇOS,VISITA TECNICA,UNI,6,120.00,587.94,620.28,DOWNTOWN|MANUTENÇAO,2026-05
SERVIÇOS,COLETA DE CAÇAMBA DE LIXO,UNI,6,495.00,1237.50,1980.00,DOWNTOWN|PARADISO,2026-04
SERVIÇOS,CONTRATO VIGIA COM CAO DE GUARDA,UNI,5,1600.00,1600.00,2200.00,ARBO,2026-06
SERVIÇOS,SERVIÇOS HIDRAULICOS,UNI,5,3250.00,4500.00,4750.00,PARADISO,2026-06
SERVIÇOS,PRESTAÇAO DE SERVIÇOS DE MAO DE OBRA,UNI,5,3913.87,6891.89,10769.21,DOWNTOWN|PARADISO,2026-06
SERVIÇOS,ASSISTENCIA TECNICA,UNI,5,350.00,350.00,350.00,DOWNTOWN,2026-07
SERVIÇOS,PLOTAGEM COLORIDA,UNI,5,50.91,574.62,2926.96,MANUTENÇAO|PARADISO|PRISBEL|VINHATICO,2026-06
SERVIÇOS,SERVIÇOS DE REJUNTADOR,UNI,5,2418.03,5616.42,6592.98,PARADISO,2026-07
SERVIÇOS,SERVIÇOS DE MOTOBOY,UNI,5,50.00,125.00,385.00,ARBO|MANUTENÇAO|PARADISO|UPTOWN|VINHATICO,2026-05
SERVIÇOS,CONSULTORIA NA DECORAÇAO E MONTAGEM DO ESCRITORIO PRISBEL,UNI,5,2678.25,11285.73,11285.75,ESCRITORIO LOURDES|PRISBEL,2026-09
SERVIÇOS,FVS E RDO,UNI,4,604.50,672.42,679.84,ARBO|PARADISO,2026-07
SERVIÇOS,SERVIÇO DE LIMPEZA,UNI,4,1200.00,1830.00,3909.80,DOWNTOWN|MANUTENÇAO|PARADISO,2026-01
SERVIÇOS,SERVIÇO DE PEDREIRO,UNI,4,1229.81,2564.97,6415.48,ARBO|PARADISO,2026-07
SERVIÇOS,FRETES REALIZADOS NO MÊS DE JANEIRO,UNI,4,273.43,724.65,5459.03,ARBO|DOWNTOWN|PRISBEL|VINHATICO,2026-03
SERVIÇOS,SERVIÇOS PRESTADOS PARA MONTAGEM DE VASOS,UNI,4,2343.37,2637.49,9903.10,VINHATICO,2026-07
SERVIÇOS,SERVIÇOS DE ARQUITETURA,UNI,4,9484.78,10707.44,14248.50,SANTA LUCIA|VINHATICO,2026-06
SERVIÇOS,FRETE - PORMADE,UNI,4,207.11,7477.31,16599.53,PARADISO,2026-06
SERVIÇOS,MOBILIZAÇAO E DESMOBILIZAÇAO,UNI,4,80.00,100.00,100.00,VINHATICO,2026-06
SERVIÇOS,ESTRUTURA DE SERRALHERIA CONFORME ORÇAMENTO,UNI,4,780.00,9340.00,52770.00,PARADISO|UPTOWN|VINHATICO,2026-08
SERVIÇOS,SERVIÇO DE CAÇAMBAS ESTACIONARIAS,UNI,4,528.65,1635.00,6540.00,ARBO|PARADISO|VINHATICO,2026-07
SERVIÇOS,ANALISE E ACOMPANHAMENTO DE CAMPANHAS DIGITAIS,UNI,3,6284.85,6297.20,6301.10,PARADISO|PRISBEL,2026-03
SERVIÇOS,EXECUÇAO DE REVESTIMENTO ARERADO DE FACHADAS,UNI,3,13696.64,27401.36,28325.49,PARADISO,2026-06
SERVIÇOS,PRESTAÇAO DE SERVIÇO,UNI,3,1565.88,20000.00,21204.00,ARBO|PARADISO|UPTOWN,2026-07
SERVIÇOS,CONTRATO DE LOCAÇAO DE IMPRESSORA,UNI,3,304.73,331.90,340.15,ESCRITORIO LOURDES,2026-04
SERVIÇOS,PLACA ACRILICO,UNI,3,500.00,1300.00,1900.00,UPTOWN|VINHATICO,2026-03
SERVIÇOS,"FVS, RDO, RAS",UNI,3,500.00,604.50,604.50,ARBO,2026-06
SERVIÇOS,MANUTENÇAO HIM6706,UNI,3,296.67,296.67,296.67,CELEBRATION,2026-04
SERVIÇOS,MATERIAIS DIVERSOS HIM6706,UNI,3,793.67,793.67,793.67,CELEBRATION,2026-04
SERVIÇOS,PLACAS DIVERSAS,UNI,3,805.00,989.00,2854.00,CELEBRATION|DOWNTOWN|VINHATICO,2026-07
SERVIÇOS,MANUTENÇAO VEICULO HIM6706,UNI,3,1090.33,1090.33,1090.34,ESCRITORIO LOURDES,2026-04
SERVIÇOS,SERVIÇO DE IMPLANTAÇAO DE PROJETO DE PREVENÇAO E COMBATE A INCENDIO - AVCB,UNI,3,3065.32,6912.53,7898.79,MANUTENÇAO,2026-02
SERVIÇOS,TRANSPORTE DE AGUA POTAVEL ATRAVES DE CAMINHAO PIPA - 2 UNID.,UNI,3,1056.44,1056.44,1532.32,UPTOWN|VINHATICO,2026-06
SERVIÇOS,SERVIÇOS PRESTADOS DE MONTAGEM DE VASOS,UNI,3,2851.70,2851.70,6994.20,VINHATICO,2026-06
SERVIÇOS,LIBERAÇAO DE RETENÇAO,UNI,3,1923.41,1971.33,2943.68,DOWNTOWN,2026-03
SERVIÇOS,RETENÇAO TECNICA,UNI,3,420.25,5183.00,8330.77,DOWNTOWN,2026-03
SERVIÇOS,FRETE - WFIX,UNI,3,114.30,122.30,251.12,PARADISO,2026-04
SERVIÇOS,"VIGILANCIA, SEGURANÇA OU MONITORAMENTO DE BENS, PESSOAS E SEMOVENTES",UNI,3,297.36,301.18,303.73,ARBO|UPTOWN|VINHATICO,2026-04
SERVIÇOS,SISTEMA DE GESTAO DE OBRAS,UM,3,1298.00,1298.00,1490.00,PARADISO|UPTOWN|VINHATICO,2026-03
SERVIÇOS,RETIRADA DE MATERIAL,UNI,3,77550.00,323400.00,323400.00,UPTOWN|VINHATICO,2026-07
SERVIÇOS,SERVIÇOS DE TRANSPORTE,UNI,3,397.99,2000.90,5780.00,PARADISO,2026-06
SERVIÇOS,SERVIÇOS DE MANUTENÇAO CORRETIVA EM CONDOMINIO RESIDENCIAL,UNI,3,7666.67,7666.67,7666.67,MANUTENÇAO,2026-06
SERVIÇOS,EXECUÇAO DE SERVIÇOS DE ESCAVAÇOES DE ESTACAS TIPO HELICE CONTINUA,UNI,3,15000.00,15000.00,17523.00,UPTOWN,2026-05
SERVIÇOS,MANUTENÇAO VEICULO,UNI,3,284.67,284.67,284.67,VINHATICO,2026-06
SERVIÇOS,MANUTENÇAO VEICULO STRADA ENDURANCE CS FIAT PLACA RMU0A15,UNI,3,434.67,434.67,434.67,VINHATICO,2026-06
SERVIÇOS,EXECUÇAO DE PINTURA / MANUTENÇAO,UNI,3,420.00,540.00,810.00,DOWNTOWN|MANUTENÇAO,2026-05
SERVIÇOS,EXECUÇAO DE REVESTIMENTO AERADO DE FACHADAS,UNI,3,9450.00,19548.60,25296.73,PARADISO,2026-07
SERVIÇOS,SERVIÇOS PRESTADOS SERRALHERIA,UNI,3,11100.00,11100.00,11100.00,MANUTENÇAO,2026-07
SERVIÇOS,FRETE - MOHAWK,UNI,3,237.35,373.92,5330.26,PARADISO,2026-06
SERVIÇOS,FRETE - STO BRASIL,UNI,3,242.14,1186.88,3866.52,MANUTENÇAO|PARADISO,2026-07
SERVIÇOS,MAO DE OBRA REVISAO PREVENTIVA DA ESCAVADEIRA HYUNDAI 210,UNI,3,326.67,326.67,326.67,VINHATICO,2026-07
SERVIÇOS,SERVIÇOS DE REFORMA,UNI,3,1627.31,9030.61,24375.92,ARBO,2026-07
SERVIÇOS,SERVIÇO DE TRANSPORTE DE MATERIAIS,UNI,3,120.00,120.00,120.00,ARBO|PARADISO|VINHATICO,2026-06
SERVIÇOS,SARRAFEAMENTO DE LAJE,UNI,3,2042.65,2878.91,4254.01,ARBO,2026-07
SERVIÇOS,INSTALAÇAO DE PORTAS,UNI,3,2350.00,5076.00,6006.60,PARADISO,2026-06
SERVIÇOS,PRESTAÇAO DE SERVIÇOS TÉCNICOS DE MANUTENÇÃO CORRETIVA,UNI,3,2950.00,3500.00,9000.00,MANUTENÇAO|UPTOWN|VINHATICO,2026-05
SERVIÇOS,SERVIÇO INSTALAÇAO DE AR CONDICIONADO,UNI,3,26905.99,26906.00,26906.00,PARADISO,2026-08
SERVIÇOS,BROCAS E PROLONGADOR PARA PERFURATRIZ,UNI,3,2533.12,2533.12,2533.12,ARBO,2026-08
SERVIÇOS,PLOTAGENS,UNI,3,56.95,624.47,1413.00,ARBO|UPTOWN|VINHATICO,2026-06
SERVIÇOS,MOBILIZAÇAO,UNI,3,80.00,80.00,120.00,PARADISO|UPTOWN|VINHATICO,2026-07
SERVIÇOS,FATURAMENTO SISTEC ATENDIMENTO,UNI,3,1791.71,3758.39,8817.96,ARBO|UPTOWN|VINHATICO,2026-07
SERVIÇOS,"SERVIÇO DE DEMOLIÇAO, RECOMPOSIÇAO E ACABAMENTO DE PISO APTO 101",UNI,3,9666.66,9666.66,9666.68,MANUTENÇAO,2026-09
SERVIÇOS,FORNECIMENTO DE BANCADAS MARMORE E GRANITO,UNI,3,1153.70,23186.80,34000.00,MANUTENÇAO|PARADISO,2026-07
SERVIÇOS,SERVIÇO DE INSTALAÇAO DE AR CONDICIONADO,UNI,2,28009.40,28009.40,28009.40,DOWNTOWN,2026-01
SERVIÇOS,LOCAÇAO DE 200M DE GUARDA CORPO PERIFERIA - CONTRATO 217837 - 05/12 À 05/01,UNI,2,3000.00,3000.00,3000.00,ARBO,2026-01
SERVIÇOS,REALIZAÇAO DE ENSAIOS MECANICOS EM CORPO DE PROVA,UNI,2,9934.16,9975.17,10016.17,ARBO,2026-02
SERVIÇOS,INSTALAÇAO DE BANCADAS,UNI,2,3393.01,4841.05,6289.08,PARADISO,2026-01
SERVIÇOS,"FVS, RDO",UNI,2,665.01,672.42,679.84,PARADISO,2026-06
SERVIÇOS,SERVIÇO DE IMPRESSAO,UNI,2,118.75,287.38,456.00,ESCRITORIO LOURDES|UPTOWN,2026-06
SERVIÇOS,CONJUNTO FECHAMENTO,UNI,2,4317.31,4317.31,4317.31,MANUTENÇAO,2026-02
SERVIÇOS,SERVIÇO COM USO DE CAMINHAO PRANCHA,UNI,2,1250.86,1395.19,1539.52,ARBO|CELEBRATION,2026-01
SERVIÇOS,TONER COMPATIVEL SAMSUNG D204L,UNI,2,118.00,118.00,118.00,ESCRITORIO LOURDES,2026-06
SERVIÇOS,SERVIÇOS DE BOMBEIRO,UNI,2,1352.00,1502.00,1652.00,PARADISO,2026-02
SERVIÇOS,KARTER HIDRAULICO 68,UNI,2,120.00,120.00,120.00,ARBO|PRISBEL,2026-02
SERVIÇOS,MANUTENÇAO BOBCAT,UNI,2,9797.08,9797.08,9797.08,ARBO|PRISBEL,2026-01
SERVIÇOS,LOCAÇAO BOMBA PARA AGUA SUJA 2'' - CONTRATO2118 - 07/01 À 03/02,UNI,2,380.00,380.00,380.00,PARADISO,2026-03
SERVIÇOS,LOCAÇAO MARTELO ROMPEDOR 10KG - CONTRATO 482 - 09/01 À 05/02,UNI,2,350.00,350.00,350.00,PARADISO,2026-03
SERVIÇOS,LOCAÇAO MARTELO ROMPEDOR 10KG - CONTRATO 63 - 07/01 À 03/02,UNI,2,350.00,350.00,350.00,PARADISO,2026-03
SERVIÇOS,ESTRUTURA SERRALHERIA,UNI,2,1260.00,5610.00,9960.00,ARBO,2026-02
SERVIÇOS,01 SERVIÇO DE MANUTENÇAO EM BETONEIRA 600L C/ CARREGADOR,UNI,2,4000.00,4000.00,4000.00,ARBO,2026-04
SERVIÇOS,PROJETO DOS HALLS DOS APTOS E GARAGENS,UNI,2,2912.10,2912.10,2912.10,PARADISO,2026-03
SERVIÇOS,MANUTENÇAO DAS PORTAS CORTA FOGO,UNI,2,550.00,1015.00,1480.00,DOWNTOWN|MANUTENÇAO,2026-07
SERVIÇOS,ELABORAÇAO DE PROJETO DE INSTALAÇOES HIDROSANITARIAS,UNI,2,8750.00,8750.00,8750.00,ARBO,2026-03
SERVIÇOS,MANUTENÇAO EM FERRAMENTAS,UNI,2,900.00,900.00,900.00,ARBO|PARADISO,2026-04
SERVIÇOS,EXECUÇAO DE MODELAGEM EM REVIT,UNI,2,3429.65,5281.66,7133.67,UPTOWN,2026-04
SERVIÇOS,SERVIÇO DE GESSEIRO,UNI,2,1307.11,2574.67,3842.24,PARADISO,2026-03
SERVIÇOS,LOCAÇAO DE CAO DE GUARDA,UNI,2,1100.00,1100.00,1100.00,PARADISO|SANTA CATARINA,2026-02
SERVIÇOS,TRANSPORTE DE AGUA POTAVEL ATRAVES DE CAMINHAO PIPA,UNI,2,528.22,1056.44,1584.66,UPTOWN|VINHATICO,2026-03
SERVIÇOS,SERVIÇOS SERRALHERIAS,UNI,2,580.00,580.00,580.00,CELEBRATION|PARADISO,
SERVIÇOS,MANUTENCAO RECARGA EXTINTOR PQS ABC 6KG,UNI,2,57.00,61.75,66.50,ARBO|PARADISO,2026-04
SERVIÇOS,SERVIÇOS DE PROPAGANDA,UNI,2,350.00,10279.17,20208.34,DOWNTOWN|VINHATICO,2026-03
SERVIÇOS,"LOCAÇAO MANGOTE VIBRADOR, MOTOR VIBRADOR",UNI,2,350.00,350.00,350.00,ARBO,2026-03
SERVIÇOS,PROJETO DE DETALHAMENTO DO BAR DO INTERMEZZO,UNI,2,1358.84,1358.84,1358.84,PARADISO,2026-05
SERVIÇOS,ELABORAÇAO DE LAUDO TECNICO,UNI,2,2841.71,4262.57,5683.42,MANUTENÇAO,2026-03
SERVIÇOS,PLOTAGEM,UNI,2,28.32,415.14,801.95,ARBO|VINHATICO,2026-03
SERVIÇOS,PEÇAS DE ANDAIME,UN,2,45302.40,47369.20,49436.00,ARBO,2026-04
SERVIÇOS,4X MASSAGEM RELAXANTE,UN,2,400.00,400.00,400.00,ARBO|PARADISO,2026-03
SERVIÇOS,TRASNPORTE DE PISO,UM,2,4738.64,5413.83,6089.01,PARADISO,2026-03
SERVIÇOS,LOCAÇAO DE 50 METROS DE GUARDA CORPO PERIFERIA - CONTRATO 218353,UNI,2,750.00,750.00,750.00,ARBO,2026-08
SERVIÇOS,PRESTAÇAO DE SERVIÇOS DE ACABAMENTO,UN,2,504.00,527.00,550.00,DOWNTOWN|PARADISO,2026-03
SERVIÇOS,"COMPACTADOR DE SOLO PROTEÇAO FRONTAL, MOTOR GASOLINA",UN,2,150.00,550.00,950.00,ARBO|CELEBRATION,2026-04
SERVIÇOS,CONTAINER BANHEIRO,UNI,2,299.00,369.50,440.00,CELEBRATION|VINHATICO,2026-04
SERVIÇOS,FORNECIMENTO DE DADOS E INFORMAÇOES EM SISTEMA DE GESTAO,UNI,2,2802.24,2802.24,2802.24,ARBO|ESCRITORIO LOURDES,2026-03
SERVIÇOS,GESTAO DOS ASPECTOS AMBIENTAIS,UNI,2,1454.67,1598.59,1742.50,VINHATICO,2026-04
SERVIÇOS,SERVIÇO COM USO DO CAMINHAO PRANCHA,UNI,2,864.81,1201.12,1537.44,ARBO|UPTOWN,2026-05
SERVIÇOS,LAUDO DE ATERRAMENTO E PROJETO DAS INSTALAÇOES ELETRICAS COMPLEMENTAR,UNI,2,2650.00,3275.00,3900.00,ARBO|VINHATICO,2026-04
SERVIÇOS,ELABORAÇAO DE PROJETOS DE INSTALAÇOES,UNI,2,20000.00,20000.00,20000.00,ARBO,2026-05
SERVIÇOS,SOCIAL MEDIA,UNI,2,6278.35,6283.23,6288.10,PARADISO,2026-05
SERVIÇOS,IMPRESSAO PB SULFITE FORMATO A4,UNI,2,1215.95,2343.74,3471.54,ARBO|PARADISO,2026-07
SERVIÇOS,"PLASTIFICAÇÃO, PLOTAGENS",UNI,2,472.43,942.07,1411.70,ARBO|UPTOWN,2026-04
SERVIÇOS,DOT,UNI,2,2956.25,2956.25,2956.25,VINHATICO,2026-06
SERVIÇOS,TRANSPORTE DE AGUA POTAVEL ATRAVES DE CAMINHAO PIPA - 10 UNID,UNI,2,5282.20,5282.20,5282.20,VINHATICO,2026-05
SERVIÇOS,PANFLETAGEM,UNI,2,1818.59,2109.30,2400.00,UPTOWN,2026-06
SERVIÇOS,"FVS, RDO E RAS",UNI,2,604.50,604.50,604.50,ARBO,2026-07
SERVIÇOS,LOCAÇAO DE ESPAÇO PUBLICITÁRIO,UNI,2,5400.00,14700.00,24000.00,VINHATICO,2026-05
SERVIÇOS,PRESTAÇAO DE SERVIÇO RETIRADA DE MATERIAL,UNI,2,154800.00,207400.00,260000.00,VINHATICO,2026-06
SERVIÇOS,SERVIÇO REALIZADO P/ MANUTENÇAO,UNI,2,8535.00,10222.50,11910.00,MANUTENÇAO,2026-05
SERVIÇOS,MANUTENÇAO ESCAVADEIRA HYUNDAI R220,UNI,2,892.00,1227.34,1562.67,VINHATICO,2026-04
SERVIÇOS,SERVIÇO DE MANUTENÇAO CORRETIVA EM PISCINA,UNI,2,7000.00,7250.00,7500.00,MANUTENÇAO,2026-06
SERVIÇOS,MONITORAMENTO DE FUMAÇA PRETA VEICULAR,UNI,2,968.31,968.31,968.31,VINHATICO,2026-05
SERVIÇOS,PLOTAGEM COLORIDA HACHURA,UNI,2,389.23,1425.24,2461.25,ARBO|UPTOWN,2026-05
SERVIÇOS,ESPAÇADOR CENTOPEIA - CT 30,UNI,2,1.07,1.07,1.07,ARBO|VINHATICO,2026-07
SERVIÇOS,TREINAMENTO DE NR12 E DE RECICLAGEM PARA OPERAÇAO DE MAQUINAS,UNI,2,1200.00,1250.00,1300.00,CELEBRATION|VINHATICO,2026-05
SERVIÇOS,SERVIÇO DE VIGIA,UNI,2,516.96,3258.48,6000.00,ARBO|PARADISO,2026-07
SERVIÇOS,APLICAÇAO DE MANTA ASFALTICA,UNI,2,2800.00,3650.00,4500.00,MANUTENÇAO,2026-05
SERVIÇOS,"ALVENARIA, REBOCO INTERNO, BANCADA, SOCULO",UNI,2,4683.04,4683.04,4683.04,PARADISO,2026-05
SERVIÇOS,PRESTAÇAO DE SERVIÇOS RETIRADA DE MATERIAL,UNI,2,7600.00,134650.00,261700.00,UPTOWN|VINHATICO,2026-05
SERVIÇOS,"LOCAÇAO MANGOTE VIBRADOR COSTAL 35MM 3,5M - CONTRATO 2443 - 18/05 À 24/05",UNI,2,90.00,90.00,90.00,VINHATICO,2026-06
SERVIÇOS,LOCAÇAO MOTOR ACIONADOR COSTAL ELETRICO - CONTRATO 2443 - 18/05 À 24/05,UNI,2,120.00,120.00,120.00,VINHATICO,2026-06
SERVIÇOS,BOMBEAMENTO DE CONCRETO EM ESTACA HELICE CONTINUA,UNI,2,5867.40,8067.68,10267.95,UPTOWN,2026-06
SERVIÇOS,REPARO DE PINTURA AREA COMUM,UNI,2,960.00,1020.00,1080.00,MANUTENÇAO,2026-06
SERVIÇOS,COMPLEMENTO DO LAUDO DO SPDA,UNI,2,468.00,711.75,955.50,DOWNTOWN,2026-06
SERVIÇOS,"VIGILANCIA, SEGURANÇAO OU MONITORAMENTO DE BENS",UNI,2,297.36,298.53,299.71,PARADISO|VINHATICO,2026-07
SERVIÇOS,TREINAMENTO DE NR-35,UNI,2,650.00,685.00,720.00,PRISMA|VINHATICO,2026-07
SERVIÇOS,PAREDE REVESTIMENTO,UNI,2,8798.39,8798.39,8798.39,PARADISO,2026-06
SERVIÇOS,PLAY MIRIM 2 MODULOS,UNI,2,8814.00,10283.00,11752.00,DOWNTOWN|MANUTENÇAO,2026-07
SERVIÇOS,MANUTENÇAO DOS REDUTORES,UNI,2,7800.00,7800.00,7800.00,PARADISO,2026-06
SERVIÇOS,"MAO DE OBRA, DESLOCAMENTO ESCAVADEIRA HYUNDAI 210 LC",UNI,2,425.00,425.00,425.00,VINHATICO,2026-07
SERVIÇOS,CARACTERIZAÇAO RUIDO AMBIENTAL,UNI,2,721.66,721.66,721.66,VINHATICO,2026-07
SERVIÇOS,TRANSPORTE DE AGUA POTAVEL ATRVES DE CAMINHAO PIPA,UNI,2,550.00,2387.88,4225.76,PARADISO|VINHATICO,2026-07
SERVIÇOS,PERFIL P FILETE SOLEIRA PISO E PAREDE INOX 304 ESCOVADO 90CM,UNI,2,49.46,49.46,49.46,PARADISO,2026-07
SERVIÇOS,PROJETO DE DETALHAMENTO DE INTERIORES,UNI,2,9996.14,10007.51,10018.88,PETRA,2026-07
SERVIÇOS,PRODUÇAO DE MATERIAL DE APRESENTAÇAO DE EMPREENDIMENTO,UNI,2,25074.50,25923.25,26772.00,SANTA CATARINA|SANTA LUCIA,2026-07
SERVIÇOS,CORREÇÃO TRINCA NO OLHAL DO CILINDRO DE INCLINAÇAO DA ESCAVADEIRA HYUNDAI,UNI,1,1100.00,1100.00,1100.00,MANUTENÇAO,2026-01
SERVIÇOS,"LOCAÇAO DE 02 DX, 01 VIGA I DE 3M - CONTRATO 214349 - 03/12 À 03/01",UNI,1,50.00,50.00,50.00,DOWNTOWN,2026-01
SERVIÇOS,"LOCAÇAO DE 02 DX, 01 VIGA I DE 3M - CONTRATO 214348 - 03/12 À 03/01",UNI,1,50.00,50.00,50.00,DOWNTOWN,2026-01
SERVIÇOS,LOCAÇAO DE 10ML DE GUARDA CORPO DE PERIFERIA - CONTRATO 211828 - 04/12 À 04/01,UNI,1,105.59,105.59,105.59,PARADISO,2026-01
SERVIÇOS,TOTEM EM AÇO INOX,UNI,1,1827.55,1827.55,1827.55,DOWNTOWN,2026-02
SERVIÇOS,LOCAÇAO PERFURATRIZ DE COLUNA DD200 - CONTRATO 3105 - 04/12 À 31/12,UNI,1,2900.00,2900.00,2900.00,PARADISO,2026-01
SERVIÇOS,CESTA DE NATAL,UNI,1,125.90,125.90,125.90,ARBO,2026-01
SERVIÇOS,LOCAÇAO DE TORRES - CONTRATO 217934 - 10/12 À 10/01,UNI,1,8430.00,8430.00,8430.00,ARBO,2026-01
SERVIÇOS,LOCAÇAO DE BENS MOVEIS - CONTRATO MG000411/24 - 10/12 À 08/01,UNI,1,503.29,503.29,503.29,PARADISO,2026-01
SERVIÇOS,ALMOFADAS E MACA PARA CONDOMINIO,UNI,1,3750.00,3750.00,3750.00,DOWNTOWN,2026-01
SERVIÇOS,TOLDO CONSTRUIDO EM BOX,UNI,1,14650.00,14650.00,14650.00,DOWNTOWN,2026-01
SERVIÇOS,APRESENTAÇÃO DE SAXOFONE,UNI,1,1300.00,1300.00,1300.00,DOWNTOWN,2026-01
SERVIÇOS,MANOBRISTA,UNI,1,1021.55,1021.55,1021.55,DOWNTOWN,2026-01
SERVIÇOS,IMPRESSAO DIGITAL EM CORES,UNI,1,600.00,600.00,600.00,DOWNTOWN,2026-01
SERVIÇOS,SONORIZAÇAO E DJ PARA EVENTO,UNI,1,1935.00,1935.00,1935.00,DOWNTOWN,2026-01
SERVIÇOS,LOCAÇAO DE 6M DE GUARDA CORPO DE PERIFERIA - CONTRATO 212440 - 13/12 À 13/01,UNI,1,90.00,90.00,90.00,PARADISO,2026-01
SERVIÇOS,LOCAÇAO MARTELO ROMPEDOR 10KG - CONTRATO 6780 - 12/12 À 08/01,UNI,1,350.00,350.00,350.00,PARADISO,2026-01
SERVIÇOS,LOCAÇAO BOMBA PARA ÁGUA SUJA 2'' - CONTRATO 2118 - 10/12 À 06/01,UNI,1,380.00,380.00,380.00,MANUTENÇAO,2026-01
SERVIÇOS,LOCAÇAO CONTAINER BANHEIRO E 1002 - CONTRATO CT-1742 - 18/12 À 16/01,UNI,1,440.00,440.00,440.00,VINHATICO,2026-01
SERVIÇOS,LOCAÇAO CONTAINER ALMOXARIFADO - CONTRATO CT-1524 - 09/12 À 07/01,UNI,1,290.00,290.00,290.00,VINHATICO,2026-01
SERVIÇOS,LOCAÇÃO ESMERILHADEIRA 7'' - CONTRATO CW0182151 - 03/12 À 01/01,UNI,1,150.00,150.00,150.00,ARBO,2026-01
SERVIÇOS,LOCAÇÃO VIBRADOR ALTA FREQUENCIA BOSCH - CONTRATO CW0182296 - 04/12 À 02/01,UNI,1,350.00,350.00,350.00,ARBO,2026-01
SERVIÇOS,LOCAÇAO DE 01 BALANCIM MANUAL DE 6M C/ TORRE / VIGA - CONTRATO 216621 - 18/12 À 18/01,UNI,1,1000.00,1000.00,1000.00,MANUTENÇAO,2026-01
SERVIÇOS,LOCAÇAO DE ANDAIME - CONTRATO 6772- 14/12 À 13/01,UNI,1,299.00,299.00,299.00,PARADISO,2026-01
SERVIÇOS,LOCAÇAO MARTELO DEMOLIDOR TE-700 HILT - CONTRATO CW0185539 - 10/12 À 08/01,UNI,1,735.00,735.00,735.00,ARBO,2026-01
SERVIÇOS,LOCAÇAO TRANSFORMADOR 110/220V - CONTRATO 7360 - 17/12 À 22/12,UNI,1,60.00,60.00,60.00,MANUTENÇAO,2026-01
SERVIÇOS,"LOCAÇAO DE 51 APARALIXOS 2,50 COM GARRA - CONTRATO 212166 - 25/12 À 25/01",UNI,1,805.26,805.26,805.26,PARADISO,2026-01
SERVIÇOS,LOCAÇAO DE TORRE COMPLETA - CONTRATO 218158 - 26/12 À 26/01,UNI,1,5099.50,5099.50,5099.50,ARBO,2026-01
SERVIÇOS,LOCAÇAO DE SAPATAS AJ 1M - CONTRATO 216144 - 21/12 À 21/01,UNI,1,120.00,120.00,120.00,MANUTENÇAO,2026-01
SERVIÇOS,LOCAÇAO DE 50M DE GUARDA PERIFERIA - CONTRATO 218353 - 12/12 À 12/01,UNI,1,1150.00,1150.00,1150.00,ARBO,2026-01
SERVIÇOS,"LOCAÇAO DE 80 TORRE, 80 DX, 160 SAPATAS, 160 FORCADO DUPLO - CONTRATO 217884 - 30/12 À 30/01",UNI,1,4000.00,4000.00,4000.00,ARBO,2026-01
SERVIÇOS,LOCAÇAO DE FORMA ATEX - CONTRATO 1405225 - 01/12 À 31/12,UNI,1,18166.00,18166.00,18166.00,ARBO,2026-01
SERVIÇOS,LOCAÇAO DE PLATAFORMA SUPER ELEVAÇAO MANUAL - CONTRATO 17278 - 22/11 À 21/12,UNI,1,9697.73,9697.73,9697.73,PARADISO,2026-01
SERVIÇOS,PRODUÇAO DE FILME DE APRESENTAÇAO,UNI,1,34803.60,34803.60,34803.60,VINHATICO,2026-01
SERVIÇOS,CONTRATAÇÃO DE MÃO DE OBRA PRA FESTA,UNI,1,6497.50,6497.50,6497.50,DOWNTOWN,2026-01
SERVIÇOS,ILUMINAÇAO EVENTO,UNI,1,4657.53,4657.53,4657.53,DOWNTOWN,2026-01
SERVIÇOS,SERVIÇOS DE COQUETELEIRA,UNI,1,3249.50,3249.50,3249.50,DOWNTOWN,2026-01
SERVIÇOS,"ARRANJOS, MESAS",UNI,1,8730.00,8730.00,8730.00,DOWNTOWN,2026-01
SERVIÇOS,TRANSPORTE DE ÁGUA POTÁVEL ATRAVÉS DE CAMINHAO PIPA - 4 UNID.,UNI,1,2112.88,2112.88,2112.88,ARBO,2026-01
SERVIÇOS,LOCAÇAO DE 200M DE GUARDA CORPO PERIFERIA - CONTRATO 217837 - 05/01 À 05/02,UNI,1,3000.00,3000.00,3000.00,ARBO,2026-02
SERVIÇOS,"LOCAÇAO DE 02DX, 01 VIGA I DE 3M - CONTRATO 214349 - 03/01 À 03/02",UNI,1,50.00,50.00,50.00,DOWNTOWN,2026-02
SERVIÇOS,"LOCAÇAO DE 02DX, 01 VIGA I DE 3M - CONTRATO 214348 - 03/01 À 03/02",UNI,1,50.00,50.00,50.00,DOWNTOWN,2026-02
SERVIÇOS,LOCAÇAO DE 05 SUPORTE DE PERIFERIA - CONTRATO 211828 - 04/01 À 04/02,UNI,1,105.59,105.59,105.59,PARADISO,2026-02
SERVIÇOS,LOCAÇAO VIBRADOR ALTA FREQUENCIA MARCA BOSCH E MANGOTE 35MM - CONTRATO CW0181679 - 24/12 À 22/01,UNI,1,350.00,350.00,350.00,ARBO,2026-01
SERVIÇOS,02 DIARIAS DE MINI RETROESCAVADEIRA - 09/01 E 12/01,UNI,1,3400.00,3400.00,3400.00,ARBO,2026-01
SERVIÇOS,LOCAÇAO TRANSFORMADOR 110/220V - CONTRATO 11593 - 14/12 À 11/12,UNI,1,120.00,120.00,120.00,PARADISO,2026-01
SERVIÇOS,SERVIÇO DE MANTENÇAO EM ELEVADOR,UNI,1,1638.11,1638.11,1638.11,DOWNTOWN,2026-01
SERVIÇOS,LOCAÇAO DE TORRES - CONTRATO 217934 - 10/01 À 10/02,UNI,1,8430.00,8430.00,8430.00,ARBO,2026-02
SERVIÇOS,SERVIÇO DE INSTALAÇAO DE ALARME INCENDIO,UNI,1,7132.03,7132.03,7132.03,PARADISO,2026-01
SERVIÇOS,FULL PARTNER,UNI,1,19910.41,19910.41,19910.41,VINHATICO,2026-01
SERVIÇOS,REFORMA DE DUAS CHAISES DA PISCINA,UNI,1,776.00,776.00,776.00,DOWNTOWN,2026-01
SERVIÇOS,SERVIÇO DE REVESTIMENTO DE FORMICA DE ALTO LUXO,UNI,1,8741.25,8741.25,8741.25,DOWNTOWN,2026-01
SERVIÇOS,SERVIÇO DE BUFFET,UNI,1,2771.46,2771.46,2771.46,DOWNTOWN,2026-01
SERVIÇOS,LOCAÇAO DE MATERIAIS E VASILHAMES,UNI,1,5455.02,5455.02,5455.02,DOWNTOWN,2026-01
SERVIÇOS,COMIDAS DIVERSAS,UNI,1,18917.38,18917.38,18917.38,DOWNTOWN,2026-01
SERVIÇOS,SERVIÇO DE INSTALAÇAO DE PEÇA DE AR CONDICIONADO,UNI,1,872.85,872.85,872.85,DOWNTOWN,2026-01
SERVIÇOS,LOCAÇAO DE 01 DIARIA DE MINI RETROESCAVADEIRA E TRANSPORTE,UNI,1,2400.00,2400.00,2400.00,ARBO,2026-01
SERVIÇOS,LOCAÇAO ESCORAS - CONTRATO 6769 - 13/12 À 12/01,UNI,1,2922.00,2922.00,2922.00,ARBO,2026-01
SERVIÇOS,SIMULAÇAO COMPUTACIONAL TERMICA E LUMINICA,UNI,1,4500.00,4500.00,4500.00,ARBO,2026-01
SERVIÇOS,PROJETO BARREIRO,UNI,1,7901.77,7901.77,7901.77,ARBO,2026-01
SERVIÇOS,PRESTAÇAO SERVIÇO DE PORTARIA E SEGURANÇA,UNI,1,5800.00,5800.00,5800.00,ARBO,2026-01
SERVIÇOS,IMAGENS GRAFICAS,UNI,1,57931.03,57931.03,57931.03,ARBO,2026-01
SERVIÇOS,LOCAÇAO DO MURO DE DIVISA E LOCAÇAO DAS ESTACAS,UNI,1,5800.00,5800.00,5800.00,CELEBRATION,2026-01
SERVIÇOS,DIARIAS DE OPERADOR DE ESCAVADEIRA,UNI,1,2430.00,2430.00,2430.00,CELEBRATION,2026-01
SERVIÇOS,CONTAINER ALMOXARIFADO,UNI,1,290.00,290.00,290.00,VINHATICO,2026-02
SERVIÇOS,LOCAÇAO DE CAO DE GUARDA - 01/12 À 01/01,UNI,1,1100.00,1100.00,1100.00,SANTA CATARINA,2026-01
SERVIÇOS,MATERIAL DOS KITS DE ACABAMENTO DOS APTOS,UNI,1,17654.00,17654.00,17654.00,UPTOWN,2026-01
SERVIÇOS,"ADESIVOS, PLACAS DE ACRILICO",UNI,1,4300.00,4300.00,4300.00,VINHATICO,2026-01
SERVIÇOS,"ESCULTURAS, LIVROS, MINIVASO",UNI,1,40000.00,40000.00,40000.00,VINHATICO,2026-01
SERVIÇOS,FECHAMENTO DE VIDRO P/ VARANDA APTO 1004 / 2,UNI,1,5617.50,5617.50,5617.50,MANUTENÇAO,2026-01
SERVIÇOS,ELABORAÇÃO PROJETO ARQUITETONICO,UNI,1,31748.76,31748.76,31748.76,TANCREDO NEVES,2026-01
SERVIÇOS,ORGANIZAÇÃO DO EVENTO,UNI,1,2616.03,2616.03,2616.03,ESCRITORIO LOURDES,2026-01
SERVIÇOS,SERVIÇOS DE SINALIZAÇAO VISUAL,UNI,1,220.55,220.55,220.55,ARBO,2026-01
SERVIÇOS,LOCAÇAO MARTELO ROMPEDOR 10KG - CONTRATO 9540 - 29/12 À 27/01,UNI,1,350.00,350.00,350.00,DOWNTOWN,2026-01
SERVIÇOS,LOCAÇAO DE 50M DE GUARDA PERIFERIA - CONTRATO 218353 - 12/01 À 12/02,UNI,1,750.00,750.00,750.00,ARBO,2026-02
SERVIÇOS,LOCAÇAO DE 06ML DE GUARDA CORPO PERIFERIA - CONTRATO 212440 - 13/01 À 13/02,UNI,1,90.00,90.00,90.00,PARADISO,2026-02
SERVIÇOS,PROJETO DETALHAMENTO PILOTIS DE LAZER,UNI,1,15408.04,15408.04,15408.04,VINHATICO,2026-01
SERVIÇOS,LOCAÇAO DE BENS MOVEIS - CONTRATO MG000411/24 - 09/01 À 07/02,UNI,1,503.29,503.29,503.29,PARADISO,2026-02
SERVIÇOS,LOCAÇAO ESMERILHADEIRA ANGULAR 7'' - CONTRATO CW0182151 - 02/01 À 31/01,UNI,1,150.00,150.00,150.00,ARBO,2026-02
SERVIÇOS,LOCAÇAO DE 01 BALANCIM MANUAL DE 6M C/ TORRE E VIGA - CONTRATO 216621 - 18/01 À 18/02,UNI,1,1000.00,1000.00,1000.00,MANUTENÇAO,2026-02
SERVIÇOS,LOCAÇAO PERFURATRIZ DE COLUNA DD 200 - CONTRATO 3105 - 01/01 À 28/01,UNI,1,2900.00,2900.00,2900.00,PARADISO,2026-02
SERVIÇOS,LOCAÇAO DE ESCORA METALICA - CONTRATO 6769 - 13/01 À 12/02,UNI,1,2922.00,2922.00,2922.00,ARBO,2026-02
SERVIÇOS,CONDUTOR PARA DAMPER DE VENTILAÇAO 870X540X830,UNI,1,1780.00,1780.00,1780.00,DOWNTOWN,2026-01
SERVIÇOS,SERVIÇOS DE MANUTENÇAO,UNI,1,1638.11,1638.11,1638.11,DOWNTOWN,2026-02
SERVIÇOS,LOCAÇAO VIBRADOR ALTA FREQUENCIA MARCA BOSCH E MANGOTE 35MM - CONTRATO CW0182296 - 03/01 À 01/02,UNI,1,350.00,350.00,350.00,ARBO,2026-02
SERVIÇOS,LOCAÇAO ELEMENTO VERTICAL - CONTRATO 6772 - 14/01 À 13/02,UNI,1,299.00,299.00,299.00,PARADISO,2026-02
SERVIÇOS,LAJE 3º NIVEL PARTE 2 E 3,UNI,1,3568.40,3568.40,3568.40,ARBO,2026-01
SERVIÇOS,LOCAÇAO POLITRIZ ARTEC,UNI,1,4144.00,4144.00,4144.00,ARBO,2026-01
SERVIÇOS,LOCAÇAO CONTAINER BANHEIRO E 1002 - CONTRATO CT-1742 - 17/01 À 15/02,UNI,1,440.00,440.00,440.00,VINHATICO,2026-02
SERVIÇOS,LOCAÇAO PLATAFORMA SUPER ELEVAÇAO MANUAL - CONTRATO 17278 - 22/12 À 21/01,UNI,1,10734.06,10734.06,10734.06,PARADISO,2026-02
SERVIÇOS,"BOMBA MBH42 2,0CV 2P 220V",UNI,1,1000.00,1000.00,1000.00,DOWNTOWN,2026-01
SERVIÇOS,INFRAESTRUTURA HIDRAULICA,UNI,1,4018.87,4018.87,4018.87,DOWNTOWN,2026-01
SERVIÇOS,MANUTENÇÃO ELEVADOR,UNI,1,1900.00,1900.00,1900.00,PARADISO,2026-01
SERVIÇOS,DIARIAS DE MINI RETROESCAVADEIRA (19/01 À 23/01),UNI,1,8500.00,8500.00,8500.00,ARBO,2026-01
SERVIÇOS,SERVIÇOS DE VIGIA DIURNO E NOTURNO,UNI,1,11200.00,11200.00,11200.00,CELEBRATION,2026-01
SERVIÇOS,LOCAÇAO DE VMS - CONTRATO 218565 - 09/01 À 09/02,UNI,1,1190.00,1190.00,1190.00,ARBO,2026-02
SERVIÇOS,LOCAÇAO DE SAPATAS AJ 1M - CONTRATO 216144 - 21/01 À 21/02,UNI,1,120.00,120.00,120.00,MANUTENÇAO,2026-02
SERVIÇOS,SERVIÇO DE TERRAPLANAGEM,UNI,1,2100.00,2100.00,2100.00,ARBO,2026-01
SERVIÇOS,SERVIÇO DE GESTÃO DOS ASPECTOS AMBIENTAIS,UNI,1,1472.50,1472.50,1472.50,VINHATICO,2026-01
SERVIÇOS,SERVIÇOS DE ARQUITETURA E PAISAGISMO,UNI,1,5500.00,5500.00,5500.00,PARADISO,2026-02
SERVIÇOS,SERVIÇO PRESTADO DE IÇAMENTO,UNI,1,4069.80,4069.80,4069.80,PARADISO,2026-02
SERVIÇOS,LOCAÇAO DE MINICARREGADEIRA C/ OPERADOR E COMBUSTIVEL E GARFO PALLET,UNI,1,2000.00,2000.00,2000.00,PARADISO,2026-02
SERVIÇOS,LOCAÇAO DE 12M CONDUTOR ENTULHO- CONTRATO 218664 - 15/01 À 15/02,UNI,1,730.00,730.00,730.00,PARADISO,2026-02
SERVIÇOS,"LOCAÇAO DE 17 APARALIXOS 2,50 COM GARRA - CONTRATO 212166 - 25/01 À 25/02",UNI,1,268.42,268.42,268.42,PARADISO,2026-02
SERVIÇOS,LOCAÇAO DE TORRE COMPLETA - CONTRATO 218158 - 26/01 À 26/02,UNI,1,5099.50,5099.50,5099.50,ARBO,2026-02
SERVIÇOS,02 TRANSPORTES DE AGUA DE CAMINHAO PIPA,UNI,1,1534.08,1534.08,1534.08,VINHATICO,2026-02
SERVIÇOS,TRANSPORTE DE TERRA,UNI,1,1200.00,1200.00,1200.00,CELEBRATION,2026-01
SERVIÇOS,SERVIÇOS DE OPERADOR DE ESCAVADEIRA,UNI,1,2700.00,2700.00,2700.00,CELEBRATION,2026-01
SERVIÇOS,SERVIÇO DE MANUTENÇAO EM BETONEIRA,UNI,1,460.00,460.00,460.00,ARBO,2026-02
SERVIÇOS,MANUTENÇAO IMPRESSORA LASER HP M127,UNI,1,435.00,435.00,435.00,CELEBRATION,2026-01
SERVIÇOS,MANUTENÇAO IMPRESSORA LASER SAMSUNG 2165,UNI,1,395.00,395.00,395.00,PARADISO,2026-01
SERVIÇOS,LOCAÇAO MARTELO ROMPEDOR 5KG - CONTRATO 482 - 26/01 À 22/02,UNI,1,330.00,330.00,330.00,PARADISO,2026-02
SERVIÇOS,LOCAÇAO PERFURATRIZ DE COLUNA DD 200 - CONTRATO 3105 - 29/01 À 25/02,UNI,1,2900.00,2900.00,2900.00,PARADISO,2026-02
SERVIÇOS,LOCAÇAO PERFURATRIZ DE COLUNA DD 200 - CONTRATO 9 - 07/01 À 03/02,UNI,1,2900.00,2900.00,2900.00,PARADISO,2026-02
SERVIÇOS,LOCAÇAO DE 04 DIARIA DE MINI RETROESCAVADEIRA E TRANSPORTE,UNI,1,6800.00,6800.00,6800.00,ARBO,2026-01
SERVIÇOS,FORNECIMENTO E INSTALAÇAO DE SAPATAS P/ FIXAÇAO EM CH 1/8,UNI,1,9960.00,9960.00,9960.00,ARBO,2026-02
SERVIÇOS,LOCAÇAO MARTELO DEMOLIDOR TE700 HILTI - CONTRATO CW185539 - 09/01 A 07/02,UNI,1,735.00,735.00,735.00,ARBO,2026-02
SERVIÇOS,MANUTENÇÃO IMPRESSORA LAZER HP M127,UNI,1,435.00,435.00,435.00,CELEBRATION,2026-02
SERVIÇOS,OPERADOR DE ESCAVADEIRA,UNI,1,2700.00,2700.00,2700.00,CELEBRATION,2026-01
SERVIÇOS,LOCAÇAO COMPACTADOR DE SOLO - CONTRATO CW188207 - 19/01 À 17/02,UNI,1,500.00,500.00,500.00,ARBO,2026-02
SERVIÇOS,FABRICAÇÃO E INSTALAÇAO DE SUPORTE DE TETO EM PERFIL 100X50 E 200X75,UNI,1,1840.00,1840.00,1840.00,PARADISO,2026-02
SERVIÇOS,"KIT QR CODE, QR CARD",UNI,1,1485.00,1485.00,1485.00,PARADISO,2026-02
SERVIÇOS,REVISOES 04 E 05 DA NBR 12721,UNI,1,2420.77,2420.77,2420.77,VINHATICO,2026-02
SERVIÇOS,DOCUMENTAÇAO REFERENTE AO PROJETO DE ESCORAMENTO,UNI,1,5200.00,5200.00,5200.00,ARBO,2026-02
SERVIÇOS,"LOCAÇAO DE 80 TORRE, 80 DX, 160 SAPATAS, 160 FORCADO DUPLO - CONTRATO 217884 - 30/01 À 28/02",UNI,1,4000.00,4000.00,4000.00,ARBO,2026-02
SERVIÇOS,FONTE,UNI,1,270.00,270.00,270.00,ARBO,2026-02
SERVIÇOS,"LOCAÇAO DE 22M DE TORRE DE 1,00 X 1,00, 04 SAPATAS, 10 PISOS - CONTRATO 218977 - 28/01 À 28/02",UNI,1,930.00,930.00,930.00,PARADISO,2026-02
SERVIÇOS,LETREIRO LUMINOSO,UNI,1,3200.00,3200.00,3200.00,DOWNTOWN,2026-02
SERVIÇOS,LOCAÇAO DE ESTACAS DE TERRAPLANAGEM RUAS 5 E 1,UNI,1,2900.00,2900.00,2900.00,CELEBRATION,2026-02
SERVIÇOS,LOCAÇAO BANHEIRO QUIMICO SIMPLES - CONTRATO 1491 - 30/01 À 14/02,UNI,1,850.00,850.00,850.00,UPTOWN,2026-02
SERVIÇOS,CONSERTO EM 05 SOLEIRAS DE JANELAS,UNI,1,1800.00,1800.00,1800.00,MANUTENÇAO,2026-02
SERVIÇOS,REFERENTE A PLANFETAGENS EM OUTUBRO,UNI,1,1360.66,1360.66,1360.66,UPTOWN,2026-02
SERVIÇOS,TROCA DE MANGUEIRA E ÓLEO HIDRAULICO DO MOTOR DA BOBCAT,UNI,1,530.00,530.00,530.00,ESCRITORIO LOURDES,2026-02
SERVIÇOS,DULUB HIDRAULICO 68 BD 20L,UNI,1,836.00,836.00,836.00,ARBO,2026-02
SERVIÇOS,MANUTENÇAO APTO 106,UNI,1,1900.00,1900.00,1900.00,MANUTENÇAO,2026-02
SERVIÇOS,PROJETO DE INSTALAÇAO DE IRRIGAÇAO,UNI,1,1083.00,1083.00,1083.00,UPTOWN,2026-02
SERVIÇOS,SERVIÇOS DE LIMPEZA E INSTALAÇOES DE IMOVEIS,UNI,1,3290.00,3290.00,3290.00,VINHATICO,2026-02
SERVIÇOS,ALTERAÇAO DE MODELO DE SOFA,UNI,1,2500.00,2500.00,2500.00,VINHATICO,2026-02
SERVIÇOS,"ACRILICO ESPELHADO PRATA DE 2,0MM CORTE",M2,1,440.00,440.00,440.00,VINHATICO,2026-02
SERVIÇOS,"LOCAÇAO DE GRADE DE ISOLAMENTO 2,00 X 1,20M - 12/02 À 23/02",UNI,1,990.00,990.00,990.00,PARADISO,2026-02
SERVIÇOS,LOCAÇAO ENCERADEIRA E LAVADORA - 29/01 À 06/02,UNI,1,522.00,522.00,522.00,DOWNTOWN,2026-02
SERVIÇOS,"MANUTENÇAO DE PORTAS, REMOÇAO E INSTALAÇAO",UNI,1,2000.00,2000.00,2000.00,VINHATICO,2026-02
SERVIÇOS,SERVIÇOS DE PINTURA - APTO 101/102,UNI,1,540.00,540.00,540.00,MANUTENÇAO,2026-02
SERVIÇOS,SERVIÇOS DE PINTURA - CASA E GARAGEM,UNI,1,540.00,540.00,540.00,MANUTENÇAO,2026-02
SERVIÇOS,SERVIÇOS DE PINTURA - APTO 104 BL 01,UNI,1,1080.00,1080.00,1080.00,MANUTENÇAO,2026-02
SERVIÇOS,"SERVIÇOS DE PINTURA - APTO 406, 506 E 606",UNI,1,810.00,810.00,810.00,MANUTENÇAO,2026-02
SERVIÇOS,LOCAÇAO DE BEM MOVEIS - CONTRATO MG 18/26 - 16/01 À 14/02,UNI,1,2986.49,2986.49,2986.49,ARBO,2026-02
SERVIÇOS,PRESTAÇAO DE SERVIÇOS DE MONTAGENS E DESMONTAGENS,UNI,1,3899.35,3899.35,3899.35,PARADISO,2026-02
SERVIÇOS,FRETE - SM INDUTRIA,UNI,1,400.00,400.00,400.00,DOWNTOWN,2026-02
SERVIÇOS,SERVIÇO DE MANUTENÇAO DE FERRAMENTA ELETRICA,UNI,1,774.00,774.00,774.00,PARADISO,2026-02
SERVIÇOS,TROCA DE LED C/ LENTE DIFUSORA,UNI,1,2861.50,2861.50,2861.50,VINHATICO,2026-02
SERVIÇOS,TREINAMENTO NR12,UNI,1,1400.00,1400.00,1400.00,ARBO,2026-02
SERVIÇOS,PROJETO DE ESCORAMENTO E REESCORAMENTO DA OBRA,UNI,1,5200.00,5200.00,5200.00,ARBO,2026-02
SERVIÇOS,PLACAS PVC E INSTALAÇAO,UNI,1,2289.00,2289.00,2289.00,DOWNTOWN,2026-02
SERVIÇOS,SERVIÇO ADICIONAL DE INSTALAÇAO NA REDE DE GAS,UNI,1,462.96,462.96,462.96,DOWNTOWN,2026-02
SERVIÇOS,"CORTE COM SERRA CLIPPER , DEMOLIÇAO, RTIRADA DE ENTULHO",UNI,1,11420.03,11420.03,11420.03,DOWNTOWN,2026-02
SERVIÇOS,LOCAÇAO DE 200M DE GUARDA CORPO DE PERIFERIA - CONTRATO 217837 - 05/02 À 05/03,UNI,1,3000.00,3000.00,3000.00,ARBO,2026-03
SERVIÇOS,SERVIÇOS PRESTADOS DE REFORMA E ALVENARIA,UNI,1,8786.68,8786.68,8786.68,ARBO,2026-02
SERVIÇOS,APLICAÇAO DE PELICULA 100% PRETO EM 3 PONTAS,UNI,1,817.00,817.00,817.00,DOWNTOWN,2026-01
SERVIÇOS,CILINDRO RECUPERAR ROSCA,UNI,1,980.00,980.00,980.00,PRISBEL,2026-02
SERVIÇOS,PLANTA MEMORIAL DESCRITIVO E ART DA AREA REMANESCENTE DOS LOTES PRIMITIVOS,UNI,1,2901.60,2901.60,2901.60,OURO PRETO,2026-02
SERVIÇOS,INSTALAÇAO E CONSERTO DE PISO LAMINADO E VINILICO,UNI,1,2791.10,2791.10,2791.10,DOWNTOWN,2026-02
SERVIÇOS,INSTALAÇAO DE ESPELHO DE BRONZE COM RECORTE,UNI,1,1318.00,1318.00,1318.00,DOWNTOWN,2026-02
SERVIÇOS,LOCAÇAO ENCERADEIRA E LAVADORA,UNI,1,232.00,232.00,232.00,DOWNTOWN,2026-02
SERVIÇOS,LOCAÇAO DE VMS - CONTRATO 218565 - 09/02 À 09/03,UNI,1,840.00,840.00,840.00,ARBO,2026-03
SERVIÇOS,10000 FLYERS,UNI,1,3342.15,3342.15,3342.15,VINHATICO,2026-03
SERVIÇOS,LOCAÇAO MARTELO 10KG - CONTRATO 9540 - 28/01 À 26/02,UNI,1,350.00,350.00,350.00,DOWNTOWN,2026-02
SERVIÇOS,LOCAÇAO CONTAINER ALMOXARIFADO - CONTRATO CT-1524 - 07/02 A 08/03,UNI,1,290.00,290.00,290.00,VINHATICO,2026-03
SERVIÇOS,"01 MONTAGEM, ART, PROJETO, TESTES",UNI,1,1800.00,1800.00,1800.00,MANUTENÇAO,2026-02
SERVIÇOS,INSTALAÇAO DE EQUIPAMENTOS DE SEGURANÇA DO TRABALHO,UNI,1,11317.92,11317.92,11317.92,PARADISO,2026-02
SERVIÇOS,ADESIVO,UNI,1,500.00,500.00,500.00,VINHATICO,2026-02
SERVIÇOS,MAQUETE - CARRINHOS,UNI,1,391.70,391.70,391.70,VINHATICO,2026-01
SERVIÇOS,TROCA DO PAR DE BANCOS DA STRADA,UNI,1,650.00,650.00,650.00,CELEBRATION,2026-01
SERVIÇOS,SERVIÇOS DE APLICAÇÃO DE MANTA,UNI,1,32297.88,32297.88,32297.88,PARADISO,2026-02
SERVIÇOS,INSTALAÇAO DE CERCA ELETRICA,UNI,1,832.00,832.00,832.00,PARADISO,2026-02
SERVIÇOS,LOCAÇAO BANHEIRO QUIMICO SIMPLES - CONTRATO 1491 - 14/02 À 01/03,UNI,1,850.00,850.00,850.00,UPTOWN,2026-03
SERVIÇOS,LOCAÇAO DE 06ML DE GUARDA CORPO DE PERIFERIA - CONTRATO 212440 - 13/02 À 13/03,UNI,1,90.00,90.00,90.00,PARADISO,2026-03
SERVIÇOS,LOCAÇAO DE 50M DE GUARDA CORPO PERIFERIA - CONTRATO 218353 - 12/02 À 12/03,UNI,1,750.00,750.00,750.00,ARBO,2026-03
SERVIÇOS,LOCAÇAO DE TORRES - CONTRATO 217934 - 10/02 À 10/03,UNI,1,8430.00,8430.00,8430.00,ARBO,2026-03
SERVIÇOS,SERVIÇO GESSEIRO,UNI,1,465.45,465.45,465.45,ESCRITORIO LOURDES,2026-02
SERVIÇOS,LOUNCH - PRO,UNI,1,3390.80,3390.80,3390.80,ARBO,2026-02
SERVIÇOS,TRANSPORTE DE AGUA POTAVEL ATRAVES DE CAMINHAO PIPA - 7 UNID.,UNI,1,3697.54,3697.54,3697.54,ARBO,2026-03
SERVIÇOS,LOAÇAO POLITRIZ FINITI FP6 - 05/02 A 12/02,UNI,1,1344.64,1344.64,1344.64,ARBO,2026-02
SERVIÇOS,CALCULO DE EDIFICIO COMERCIAL,UNI,1,4202.10,4202.10,4202.10,PETRA,2026-02
SERVIÇOS,FVS/ RDO/ RAS,UNI,1,604.50,604.50,604.50,ARBO,2026-03
SERVIÇOS,FVS/ RDO/,UNI,1,665.01,665.01,665.01,PARADISO,2026-03
SERVIÇOS,INDENIZAÇAO CONTRATO 411/24,UNI,1,9047.56,9047.56,9047.56,PARADISO,2026-03
SERVIÇOS,PROPAGANDA E PUBLICIDADE,UNI,1,6600.00,6600.00,6600.00,VINHATICO,2026-03
SERVIÇOS,LOCAÇAO DE 12M CONDUTOR ENTULHO- CONTRATO 218664,UNI,1,480.00,480.00,480.00,PARADISO,2026-03
SERVIÇOS,MONTAGEM DO BALANCIN MANUAL RELATORIO 028484,UNI,1,420.00,420.00,420.00,MANUTENÇAO,2026-03
SERVIÇOS,LOCAÇAO ELEMENTO VERTICAL - CONTRATO 6772 - 14/02 À 15/03,UNI,1,299.00,299.00,299.00,PARADISO,2026-03
SERVIÇOS,LOCAÇAO MANGOTE VIBRADOR 35MM+ MOTOR VIBRADOR - CONTRATO CW181679 - 23/01 À 21/02,UNI,1,350.00,350.00,350.00,ARBO,2026-03
SERVIÇOS,LOCAÇAO ESMERILHADEIRA ANGULAR 7'' - CONTRATO CW0182151 - 01/02 À 02/03,UNI,1,150.00,150.00,150.00,ARBO,2026-03
SERVIÇOS,LOCAÇAO DE ESCORA METALICA - CONTRATO 6769 - 13/02 À 14/03,UNI,1,2922.00,2922.00,2922.00,ARBO,2026-03
SERVIÇOS,SERVIÇO DE PORTARIA E SEGURANÇA,UNI,1,2500.00,2500.00,2500.00,PARADISO,2026-02
SERVIÇOS,SERVIÇOS DE ENGENHARIA,UNI,1,2831.85,2831.85,2831.85,PARADISO,2026-02
SERVIÇOS,LOCAÇAO PLATAFORMA SUPER DE ELEVAÇAO - CONTRATO 17278 - 22/01 À 21/02,UNI,1,11307.40,11307.40,11307.40,PARADISO,2026-03
SERVIÇOS,LOCAÇAO DE 01 BALANCIN MANUAL DE 6M C/ TORRE E VIGA - CONTRATO 216621 - 18/02 À 18/03,UNI,1,1000.00,1000.00,1000.00,MANUTENÇAO,2026-03
SERVIÇOS,EXECUÇAO DE SERVIÇOS DE ESCAVAÇOES DE ESTACAS TIPO HELICE,UNI,1,30355.20,30355.20,30355.20,UPTOWN,2026-03
SERVIÇOS,LIMPEZA E MANUTENÇAO,UNI,1,3896.00,3896.00,3896.00,VINHATICO,2026-03
SERVIÇOS,TRANSPORTE (VALEMASSA),UNI,1,455.16,455.16,455.16,PARADISO,2026-03
SERVIÇOS,HIGIENIZAÇAO E IMPERMEABILIZAÇAO DE SOFA CURVO,UNI,1,390.00,390.00,390.00,DOWNTOWN,2026-02
SERVIÇOS,LOCAÇAO MANGOTE VIBRADOR 35MM+ MOTOR VIBRADOR - CONTRATO CW182296 - 02/02 À 03/03,UNI,1,350.00,350.00,350.00,ARBO,2026-03
SERVIÇOS,LOCAÇAO MINI RETRO 8 DIARIAS E TRANSPORTE - 13/02 À 24/02,UNI,1,14300.00,14300.00,14300.00,ARBO,2026-03
SERVIÇOS,PRESTAÇAO DE SERVIÇO EM OBRA - PISO E REVESTIMENTO,UNI,1,6378.62,6378.62,6378.62,PARADISO,2026-02
SERVIÇOS,PRESTAÇAO DE SERVIÇO DE ALVENARIA,UNI,1,5117.90,5117.90,5117.90,PARADISO,2026-02
SERVIÇOS,PRESTAÇAO DE SERVIÇO DE MÃO DE OBRA,UNI,1,1897.26,1897.26,1897.26,PARADISO,2026-02
SERVIÇOS,PRESTAÇAO DE SERVIÇOS DE MÃO DE OBRA,UNI,1,7601.72,7601.72,7601.72,PARADISO,2026-02
SERVIÇOS,FRETES REALIZAÇOES NO MÊS DE JANEIRO,UNI,1,2318.88,2318.88,2318.88,PARADISO,2026-03
SERVIÇOS,SERVIÇO GESTAO DOS ASPECTOS AMBIENTAIS DA FASE ATUAL DA OBRA DO EMPREENDIMENTO,UNI,1,1472.50,1472.50,1472.50,VINHATICO,2026-02
SERVIÇOS,LOCAÇAO MARTELO DEMOLIDOR TE700 HILTI - CONTRATO CW185539 - 08/02 A 09/03,UNI,1,735.00,735.00,735.00,ARBO,2026-03
SERVIÇOS,PROJETO DE DETALHAMENTO DA ÁRA COMUM,UNI,1,8978.98,8978.98,8978.98,UPTOWN,2026-03
SERVIÇOS,FRETE - TOTAL REVESTIMENTOS,UNI,1,990.00,990.00,990.00,DOWNTOWN,2026-03
SERVIÇOS,"MDF DURATEX BRANCO 6MM, 15MM, 18MM",UNI,1,7200.00,7200.00,7200.00,DOWNTOWN,2026-03
SERVIÇOS,"COMPACTOR DE SOLO, MOTOR DE COMPACTOR",UNI,1,1000.00,1000.00,1000.00,ARBO,2026-03
SERVIÇOS,SERVIÇOS DE MANUTENÇAO DE FERRAMENTAS ELETRICIAS,UNI,1,695.00,695.00,695.00,PARADISO,2026-03
SERVIÇOS,"SERVIÇO, COLETA, LIXO, CAÇAMBA",UNI,1,990.00,990.00,990.00,PARADISO,2026-03
SERVIÇOS,LOCAÇAO DE 22 MTS DE TORRE -,UNI,1,680.00,680.00,680.00,PARADISO,2026-03
SERVIÇOS,KIT QR CODE + QR CARD,UNI,1,1485.00,1485.00,1485.00,PARADISO,2026-03
SERVIÇOS,"INSTALAÇAO DE LIMITE INFERIOR, CONTRATO MANUTENÇAO",UNI,1,2000.00,2000.00,2000.00,PARADISO,2026-02
SERVIÇOS,LOCAÇAO DE 17 APARALIXOS,UNI,1,268.42,268.42,268.42,PARADISO,2026-03
SERVIÇOS,TREINAMENTO NR-35,UNI,1,1820.00,1820.00,1820.00,ARBO,2026-02
SERVIÇOS,LOCAÇAO DE 120 MTS DE GUARDA CORPO PERIFERIA,UNI,1,2250.00,2250.00,2250.00,ARBO,2026-03
SERVIÇOS,LOCAÇAO DE TIRANTES E VMS- CONTRATO 218947,UNI,1,1550.00,1550.00,1550.00,ARBO,2026-02
SERVIÇOS,LOCAÇAO DE TORRE COMPLETA - CONTRATO 218158,UNI,1,5099.50,5099.50,5099.50,ARBO,2026-03
SERVIÇOS,SERVIÇOS TRANSPORTE DE MOTOBOY,UNI,1,2500.00,2500.00,2500.00,PARADISO,2026-02
SERVIÇOS,"SERVIÇOS, DESLOCAMENTO, COREREÇAO DE VAZAMENTO NAS MANGUEIRAS HIDRAULICO",UNI,1,960.00,960.00,960.00,UPTOWN,2026-03
SERVIÇOS,SERVIÇOS REALIZAÇAO DE ENSAIOS MECANICOS EM CORPO DE PROVA CILINDRO DE CONCRETO,UNI,1,2720.90,2720.90,2720.90,ARBO,2026-03
SERVIÇOS,"SERVIÇOS E LOC, MARTELO ROMPEDOR, PERFURATRIZ, TALHA CORRENTE",UNI,1,4910.00,4910.00,4910.00,PARADISO,2026-02
SERVIÇOS,LOCAÇAO DE 80 TORRE,UNI,1,4000.00,4000.00,4000.00,ARBO,2026-03
SERVIÇOS,ETIQUETA EM ALUMINIO ANODIZADO 5X2CM - PLACA DE PATRIMONIO,UNI,1,2.40,2.40,2.40,PRISBEL,2026-02
SERVIÇOS,HONORARIO SINDICA,UNI,1,2441.50,2441.50,2441.50,DOWNTOWN,2026-03
SERVIÇOS,PRESTAÇAO DE SERVIÇOS DSE PORTARIA E SEGURANÇA,UNI,1,8000.00,8000.00,8000.00,VINHATICO,2026-03
SERVIÇOS,LOCAÇAO DE 10ML DE GUARDA CORPO DE PERIFERIA,UNI,1,105.59,105.59,105.59,PARADISO,2026-03
SERVIÇOS,INSTALAÇAO E RETIRADA DE UMA TOMADA STECK,UNI,1,371.86,371.86,371.86,MANUTENÇAO,2026-03
SERVIÇOS,SERVIÇO DE MAO DE OBRA ESCAVADEIRA,UNI,1,1350.00,1350.00,1350.00,CELEBRATION,2026-02
SERVIÇOS,RETIRADA DOS PLASTICOS E LIMPEZA DAS PORTAS DOS ELEVADORES,UNI,1,1560.00,1560.00,1560.00,DOWNTOWN,2026-03
SERVIÇOS,ELABORAÇAO DE TRABALHOS GRAFICOS,UNI,1,6500.00,6500.00,6500.00,UPTOWN,2026-03
SERVIÇOS,FOLHETOS,UNI,1,2600.00,2600.00,2600.00,VINHATICO,2026-04
SERVIÇOS,PRESTAÇAO DE SERVIÇOS - DOCUMENTAÇAO LIBERAÇAO DE MINI GRUA E BETONEIRA,UNI,1,2950.00,2950.00,2950.00,ARBO,2026-03
SERVIÇOS,TREINAMENTO NR-12,UNI,1,1400.00,1400.00,1400.00,ARBO,2026-03
SERVIÇOS,SERVIÇO DE MANUTENÇAO DE FERRAMENTAS ELETRICAS,UNI,1,690.00,690.00,690.00,PARADISO,2026-03
SERVIÇOS,TREINAMENTO DE 38 COLABORADORES,UNI,1,3800.00,3800.00,3800.00,PARADISO,2026-03
SERVIÇOS,PROJETO DE INSTALAÇAO DA MINI GRUA,UNI,1,800.00,800.00,800.00,PARADISO,2026-03
SERVIÇOS,SERVIÇO DE LOCAÇAO DE EQUIPAMENTOS,UNI,1,550.00,550.00,550.00,VINHATICO,2026-03
SERVIÇOS,SERVIÇOS DE MARCENARIA,UNI,1,9400.00,9400.00,9400.00,DOWNTOWN,2026-03
SERVIÇOS,SERVIÇOS DE LOCAÇAO DE AINDAMEIS ESCORAMENOTS E FORMA,UNI,1,8684.70,8684.70,8684.70,ARBO,2026-03
SERVIÇOS,"FORMA ATEX 370X740X400, FORMA ATEX 400X725X250 PLUS",UNI,1,12628.00,12628.00,12628.00,ARBO,2026-03
SERVIÇOS,FVS/RDO,UNI,1,665.01,665.01,665.01,PARADISO,2026-03
SERVIÇOS,ESQUADRIAS,UNI,1,1254.12,1254.12,1254.12,PARADISO,2026-03
SERVIÇOS,FVS/RDO/RAS,UNI,1,604.50,604.50,604.50,ARBO,2026-03
SERVIÇOS,LOCAÇAO DE 200 METROS DE GUARDA CORPO PERIFERIA - CONTRATO 217837,UNI,1,3000.00,3000.00,3000.00,ARBO,2026-04
SERVIÇOS,LOCAÇAO DE 05 SUPORTE PERIFERIA - CONTRATO 211828,UNI,1,105.59,105.59,105.59,PARADISO,2026-04
SERVIÇOS,FRETE PRODUTO,UN,1,180.00,180.00,180.00,PARADISO,2026-02
SERVIÇOS,LOCAÇAO BOMBA P/ AGUA SUJA 2'' - CONTRATO 2118 - 04/03 À 31/03,UNI,1,380.00,380.00,380.00,PARADISO,2026-03
SERVIÇOS,LOCAÇAO MARTELO ROMPEDOR 10KG - CONTRATO 6780 - 06/03 À 02/04,UNI,1,350.00,350.00,350.00,PARADISO,2026-03
SERVIÇOS,LOCAÇAO MARTELO ROMPEDOR 10KG - CONTRATO 63 - 04/03 À 31/03,UNI,1,350.00,350.00,350.00,PARADISO,2026-03
SERVIÇOS,LOCAÇAO PERFURATRIZ DE COLUNA DD200 - CONTRATO 9 - 04/03 À 31/03,UNI,1,2900.00,2900.00,2900.00,PARADISO,2026-03
SERVIÇOS,LOCAÇAO CÃO DE GUARDA,UNI,1,1100.00,1100.00,1100.00,SANTA CATARINA,2026-03
SERVIÇOS,PRESTAÇAO DE SERVIÇOS DE LIMPEZA,UNI,1,4960.00,4960.00,4960.00,DOWNTOWN,2026-03
SERVIÇOS,PRESTAÇAO DE SERVIÇOS DE GESSEIRO,UNI,1,1800.00,1800.00,1800.00,DOWNTOWN,2026-03
SERVIÇOS,01 A1,UNI,1,80.00,80.00,80.00,ARBO,2026-03
SERVIÇOS,TROCA DE FITA LED QUEIMADO DA FACHADA COM METRAGEM DE 22 METROS,UN,1,12600.00,12600.00,12600.00,VINHATICO,2026-03
SERVIÇOS,FORNECIMENTO E PLANTIO DE 18 ARVORES,UN,1,8100.00,8100.00,8100.00,UPTOWN,2026-03
SERVIÇOS,"LIMPEZAZ DO TELHADO, TROCA DE TELHAS DANIFICADAS, REPARO DA CALHA",UN,1,3400.00,3400.00,3400.00,UPTOWN,2026-03
SERVIÇOS,PRESTAÇAO DE SERVIÇO DE CONCRE,UN,1,1880.00,1880.00,1880.00,PARADISO,2026-03
SERVIÇOS,"TROCA DE GRADE DIANTEIRA ORIGINAL, REVISAR CHICOTE E RASTREAR INJEÇAO ELETRONICA",UN,1,990.00,990.00,990.00,CELEBRATION,2026-03
SERVIÇOS,SERVIÇOS DE APRESENTAÇAO ARTISTICA,UN,1,2100.00,2100.00,2100.00,VINHATICO,2026-03
SERVIÇOS,LANÇAMENTO OASIS,UN,1,32466.92,32466.92,32466.92,VINHATICO,2026-03
SERVIÇOS,PROJETO DE TECNOLOGIA,UN,1,3705.00,3705.00,3705.00,VINHATICO,2026-03
SERVIÇOS,ASSISTENCIA TECNICA - PROJETO EXECUTIVO,UN,1,3705.00,3705.00,3705.00,VINHATICO,2026-05
SERVIÇOS,"SERVIÇOS PRESTADOS BUFFET, EVENTO CORPORATIVO 07/03",UNI,1,7350.00,7350.00,7350.00,VINHATICO,2026-03
SERVIÇOS,SERVIÇOS PINTURA PÓS AVCB,UNI,1,270.00,270.00,270.00,MANUTENÇAO,2026-03
SERVIÇOS,SERVIÇOS PINTURA APTO 102 BL 06,UNI,1,1350.00,1350.00,1350.00,MANUTENÇAO,2026-03
SERVIÇOS,SERVIÇOS PINTURA DOS APTOS 406/506,UNI,1,810.00,810.00,810.00,MANUTENÇAO,2026-03
SERVIÇOS,SERVIÇO DE SONDAGEM A PERCUSSÃO,UNI,1,33941.60,33941.60,33941.60,ARBO,2026-03
SERVIÇOS,LOCAÇAO SERRA CIRCULAR 7'' MAKITA - CONTRATO 7271 - 02/03 À 04/03,UNI,1,210.00,210.00,210.00,PARADISO,2026-03
SERVIÇOS,LOCAÇAO RANHURADORA 1 A 12 ROTHENBERGER - CONTRATO 7483 - 19/02 À 18/03,UNI,1,2946.77,2946.77,2946.77,PARADISO,2026-04
SERVIÇOS,LOCAÇAO DE TORRE COMPLETA - CONTRATO 217934 - 10/03 À 10/04,UNI,1,8430.00,8430.00,8430.00,ARBO,2026-04
SERVIÇOS,LOCAÇAO DE VMS - CONTRATO 218565 - 09/03 À 09/04,UNI,1,840.00,840.00,840.00,ARBO,2026-04
SERVIÇOS,LOCAÇAO SE 120M DE GUARDA CORPO PERIFERIA - CONTRATO 218930 - 10/03 À 10/04,UNI,1,1800.00,1800.00,1800.00,ARBO,2026-04
SERVIÇOS,CAMISETA ALGODAO 30.1 FIOS,UNI,1,75.00,75.00,75.00,VINHATICO,2026-03
SERVIÇOS,PRODUÇAO DE FILME DE APRESENTAÇAO DE EMPREENDIMENTO,UNI,1,34803.60,34803.60,34803.60,VINHATICO,2026-03
SERVIÇOS,PRESTAÇAO DE SERVIÇOS DE 01 MONTAGEM E 01 DESMONTAGEM DE CADEIRINHA,UNI,1,900.00,900.00,900.00,DOWNTOWN,2026-03
SERVIÇOS,LOCAÇAO CONTAINER ALMOXARIFADO - CONTRATO CT-1524 - 09/03 A 07/04,UNI,1,290.00,290.00,290.00,VINHATICO,2026-04
SERVIÇOS,LOCAÇAO ESMERILHADEIRA ANGULAR 7'' - CONTRATO CT-CW182151 - 03/03 À 01/04,UNI,1,150.00,150.00,150.00,ARBO,2026-03
SERVIÇOS,LOCAÇAO MANGOTE VIBRADOR 35MM - CONTRATO CT-CW182296 - 04/03 À 02/04,UNI,1,150.00,150.00,150.00,ARBO,2026-04
SERVIÇOS,LOCAÇAO MOTOR VIBRADOR ALTA FREQUENCIA BOSCH - CONTRATO CT-CW182296 - 04/03 À 02/04,UNI,1,200.00,200.00,200.00,ARBO,2026-04
SERVIÇOS,TREINAMENTO NR-10 RECICLAGEM,UNI,1,2539.70,2539.70,2539.70,PARADISO,2026-03
SERVIÇOS,TRANSPORTE,UNI,1,256.05,256.05,256.05,PARADISO,2026-04
SERVIÇOS,"MANUTENÇAO, COMPRA DE MATERIAL DO SERVIÇO QUE FOI REALIZADO, JANELA DE ALUMINIO INSTALADA",UNI,1,5700.00,5700.00,5700.00,PRISBEL,2026-03
SERVIÇOS,16X MASSAGEM RELAXANTE,UNI,1,1600.00,1600.00,1600.00,PRISBEL,2026-03
SERVIÇOS,"FINALIZAÇAO MDO JARDIM, REPOSIÇAO DE TERRA, REPLANTIO DE GRAMA, RETIRADA DE RESTANDE",UNI,1,3800.00,3800.00,3800.00,MANUTENÇAO,2026-03
SERVIÇOS,CONTROLE REMOTO C4-SR260,UNI,1,4290.00,4290.00,4290.00,VINHATICO,2026-03
SERVIÇOS,"LOCAÇAO DE PAGINAS TIRADAS, TAXA FIXA 1",UNI,1,285.81,285.81,285.81,PRISBEL,2026-03
SERVIÇOS,FECHAMENTO DE PAREDE EM PERFIL 75X40 PARA RECEBIMENTO DE PLACAS CIMENTICIAS,UNI,1,15600.00,15600.00,15600.00,PARADISO,2026-03
SERVIÇOS,ESTRUTURAS PARA LAJE EM VIGAS DE PERFIL W,UNI,1,18229.00,18229.00,18229.00,PARADISO,2026-03
SERVIÇOS,MEDIÇAO DE PINTURA REALIZADA NOS APARTAMENTO,UNI,1,8801.35,8801.35,8801.35,PARADISO,2026-03
SERVIÇOS,QUEBRA EVENTOS 07/03,UNI,1,115.00,115.00,115.00,VINHATICO,2026-03
SERVIÇOS,LOCAÇAO DE 8 ORGANIZADORES DE FILA CONFORME CONTRATO N10628,UNI,1,440.00,440.00,440.00,VINHATICO,2026-03
SERVIÇOS,LOCAÇAO DE CONDUTOR CONTRATO 218664,UNI,1,480.00,480.00,480.00,PARADISO,2026-04
SERVIÇOS,LOCAÇAO DE 06ML DE GUARDA CORPO DE PERIFERIA - CONTRATO 212440,UNI,1,90.00,90.00,90.00,PARADISO,2026-04
SERVIÇOS,SERVIÇO CONFORME MEDIÇAO,UNI,1,22096.02,22096.02,22096.02,ARBO,2026-03
SERVIÇOS,SERVIÇOS DE ALVENARIA E REFORMA,UNI,1,6552.02,6552.02,6552.02,ARBO,2026-03
SERVIÇOS,LOCAÇAO DE TIRANTES E VMS - CONTRATO 218947,UNI,1,1100.00,1100.00,1100.00,ARBO,2026-04
SERVIÇOS,PACOTE 300 LITROS,UNI,1,169.85,169.85,169.85,ARBO,2026-03
SERVIÇOS,PUFF PERA CHEIO DE CONFORTO RELAXANTE,UNI,1,242.40,242.40,242.40,ARBO,2026-03
SERVIÇOS,PINOS CADEIRIINHA 100 UM,UNI,1,989.85,989.85,989.85,PARADISO,2026-03
SERVIÇOS,FIRENZE AÇO INOX,UNI,1,1179.78,1179.78,1179.78,PARADISO,2026-03
SERVIÇOS,TRANSPORTE DE ÁGUA POTÁVEL ATRAVÉS DE CAMINHAO PIPA - 5 UNID.,UNI,1,2750.00,2750.00,2750.00,ARBO,2026-03
SERVIÇOS,LOCAÇAO DE EQUIPAMENTOS MINI CARREGADEIRA,UNI,1,11200.00,11200.00,11200.00,PARADISO,2026-03
SERVIÇOS,"SERVIÇOS DE REVESTIMENTOS, SOLEIRA, ALVENARIA",UN,1,5867.98,5867.98,5867.98,PARADISO,2026-03
SERVIÇOS,"PRESTAÇAO DE SERVIÇOS DE REVESTIMENTO, SOLEIRA, ALVENARIA",UN,1,5867.98,5867.98,5867.98,PARADISO,2026-03
SERVIÇOS,PERFURATRIZ DE COLUNA,UN,1,2900.00,2900.00,2900.00,ARBO,2026-03
SERVIÇOS,SERVIÇO DE ROÇADA,UN,1,7628.00,7628.00,7628.00,SANTA LUCIA,2026-03
SERVIÇOS,INSTALAÇAO DE TORRES DE INOX 20,UN,1,2100.00,2100.00,2100.00,DOWNTOWN,2026-03
SERVIÇOS,SERVIÇO DE COLETA DE CAÇAMBA,UN,1,495.00,495.00,495.00,ARBO,2026-04
SERVIÇOS,REPARO ELETRICO SPLINT ELGIN,UN,1,300.00,300.00,300.00,PRISBEL,2026-03
SERVIÇOS,SERVIÇOS ARQUITETONICOS,UNI,1,25578.00,25578.00,25578.00,PETRA,2026-03
SERVIÇOS,VINHO,UNI,1,3263.20,3263.20,3263.20,VINHATICO,2026-03
SERVIÇOS,"EMPADADA FRANGO, PAO DE QUEIJO, COXINHA SIMPLES, PAS CARNE MINI",UNI,1,1549.00,1549.00,1549.00,VINHATICO,2026-03
SERVIÇOS,PRESTAÇAO DE SERVIÇO DE FORRO DRY WALL DO APTO,UNI,1,3233.03,3233.03,3233.03,PARADISO,2026-03
SERVIÇOS,"TRATAMENTO DE INFILTRAÇAO TAND, LIGAMENTO DE ENERGIA",UNI,1,5200.00,5200.00,5200.00,PARADISO,2026-03
SERVIÇOS,SPOT PR 4W RED PISO 30 G 3927S IGH!,UNI,1,1366.80,1366.80,1366.80,VINHATICO,2026-03
SERVIÇOS,FRETE - PROJELMEC,UNI,1,850.00,850.00,850.00,PARADISO,2026-04
SERVIÇOS,TRANSPORTE DE AGUA POTAVEL,UNI,1,800.00,800.00,800.00,ARBO,2026-04
SERVIÇOS,MONTAGENS E DESMONTAGENS DE TORRE,UNI,1,5481.56,5481.56,5481.56,PARADISO,2026-03
SERVIÇOS,SERVIÇOS DE ESCAVAÇOES DE ESTACAS TIPO TRADO MECANICO,UNI,1,6057.60,6057.60,6057.60,VINHATICO,2026-03
SERVIÇOS,REVISAO GERAL IMPRESSORA SAMSUNG 2070,UNI,1,588.00,588.00,588.00,PARADISO,2026-03
SERVIÇOS,SERVIÇO DE MANUTENÇAO EM 02 SERRA CIRCULAR MAKITA 5007N,UNI,1,600.00,600.00,600.00,ARBO,2026-04
SERVIÇOS,MANUTENÇÃO PREVENTIVA,UNI,1,587.15,587.15,587.15,ARBO,2026-04
SERVIÇOS,PRESTAÇAO DE SERVIÇO DE MANTA,UNI,1,3006.69,3006.69,3006.69,PRISBEL,2026-03
SERVIÇOS,LOCAÇAO DE BENS MOVEIS - CONTRATO 411/24 (26) - 12/03 À 10/04,UNI,1,679.40,679.40,679.40,PARADISO,2026-04
SERVIÇOS,LOCAÇAO DE 01 BALANCIM MANUAL DE 6M C/ TORRE E VIGA - CONTRATO 216621 - 18/03 À 18/04,UNI,1,1000.00,1000.00,1000.00,MANUTENÇAO,2026-04
SERVIÇOS,PRESTAÇAO DE SERVIÇOS DE MARKETING DIGITAL - MIDIA INSTAGRAM,UNI,1,15000.00,15000.00,15000.00,VINHATICO,2026-03
SERVIÇOS,"LOCAÇAO ESCORA METALICA 3,10M - CONTRATO 6769 - 15/03 À 13/04",UNI,1,2922.00,2922.00,2922.00,ARBO,2026-04
SERVIÇOS,AUDITOROIA REMOTA,UNI,1,1100.00,1100.00,1100.00,ARBO,2026-03
SERVIÇOS,INSTALAÇAO DE ELEVADORES,UNI,1,2707.50,2707.50,2707.50,PARADISO,2026-03
SERVIÇOS,PRESTAÇAO DE SERVIÇO ELABORAÇAO DE PROJETOS DE INSTTALAÇOES,UNI,1,20000.00,20000.00,20000.00,PETRA,2026-03
SERVIÇOS,LOCAÇAO ANDAIMES - CONTRATO 6772 - 16/03 A 14/04,UNI,1,299.00,299.00,299.00,PARADISO,2026-03
SERVIÇOS,PRESTAÇAO DE SERVIÇOS DIARIA PARA ESTUCAMENTO DE LAJES,UNI,1,501.20,501.20,501.20,DOWNTOWN,2026-03
SERVIÇOS,SERVIÇOS DE FORRO E GESSO,UNI,1,6893.57,6893.57,6893.57,PARADISO,2026-03
SERVIÇOS,TREINAMENTO DE N35 REALIZADO PARA 38 COLABORADORES,UNI,1,4560.00,4560.00,4560.00,PARADISO,2026-03
SERVIÇOS,PROJETO DETALHAMENTO DE INTERIORES,UNI,1,10029.21,10029.21,10029.21,PETRA,2026-04
SERVIÇOS,PROJETO DETALHAMENTO AREA COMUM,UNI,1,8978.05,8978.05,8978.05,UPTOWN,2026-04
SERVIÇOS,LIBERAÇAO DE RETENÇAO TECNICA NA RUA CURITIBA,UNI,1,1735.40,1735.40,1735.40,DOWNTOWN,2026-03
SERVIÇOS,SERVIÇOS DE REVESTIMENTOS,UNI,1,989.76,989.76,989.76,PARADISO,2026-03
SERVIÇOS,SERVIÇOS DE INSTALAÇOES ELETRICAS,UNI,1,5750.00,5750.00,5750.00,PARADISO,2026-03
SERVIÇOS,SERVIÇO DE HIGIENIZAÇÃO DE EPI'S,UNI,1,715.00,715.00,715.00,ARBO,2026-04
SERVIÇOS,LOCAÇAO DE COMPACTADOR DE SOLO PROTEÇAO FRONTAL,UNI,1,950.00,950.00,950.00,CELEBRATION,2026-04
SERVIÇOS,LOCAÇAO DE COMPACTADOR DE SOLO PERIODO 19/03 AO 15/04,UNI,1,950.00,950.00,950.00,CELEBRATION,2026-04
SERVIÇOS,CONTAINER ALMOXARIFE,UNI,1,400.00,400.00,400.00,CELEBRATION,2026-04
SERVIÇOS,CONSULTORIA E PROJEOT DE ISOLAMENTO SONORO E CONDICIONAMENOT ACUSTICO,UNI,1,4327.22,4327.22,4327.22,UPTOWN,2026-04
SERVIÇOS,LOCAÇAO DE FORMAS ATEX CONTRATO 202500077,UNI,1,14065.84,14065.84,14065.84,ARBO,2026-03
SERVIÇOS,"LOCAÇAO DE 17 APARALIXOS 2,50 COM GARRA - CONTRATO 212166 - PERIODO DE 25/03 A 25/04",UNI,1,268.42,268.42,268.42,PARADISO,2026-04
SERVIÇOS,SERVIÇOS DE ELABORAÇAO PREVENÇAO COMBATE INCENDIO PANICO,UNI,1,14616.00,14616.00,14616.00,VINHATICO,2026-04
SERVIÇOS,ESTRUTURA DE SERRALHERIA CONFORME ORÇAMENTO - 4 ESCADAS,UNI,1,3760.00,3760.00,3760.00,ARBO,2026-04
SERVIÇOS,SERVIÇOS DE MANUTENÇAO E REPARO DE FACHADAS NO CITTA BOLGNA,UNI,1,11680.00,11680.00,11680.00,MANUTENÇAO,2026-04
SERVIÇOS,SERVIÇOS DE JARDINAGEM,UNI,1,8131.50,8131.50,8131.50,SANTA LUCIA,2026-04
SERVIÇOS,LOCAÇAO MOTOSERRA INDUSTRIAL A GASOLINA 2 TEMPOS STHIL - CONTRATO 27022 - 09/03 À 26/03,UNI,1,1550.00,1550.00,1550.00,VINHATICO,2026-04
SERVIÇOS,SERVIÇOS DE AVALIAÇAO,UNI,1,1000.00,1000.00,1000.00,VINHATICO,2026-03
SERVIÇOS,SERVIÇO DE MANUTENÇAO VEICULAR,UNI,1,4200.00,4200.00,4200.00,MANUTENÇAO,2026-04
SERVIÇOS,LOCAÇAO DE CACHORRO,UNI,1,2200.00,2200.00,2200.00,PRISBEL,2026-03
SERVIÇOS,MANUTENÇAO CORRETIVA DE FACHADA,UNI,1,6954.50,6954.50,6954.50,MANUTENÇAO,2026-04
SERVIÇOS,LOCAÇAO MANGOTE VIBRADOR 35MM - CONTRATO CW181679 - 24/03 À 22/04,UNI,1,150.00,150.00,150.00,ARBO,2026-04
SERVIÇOS,LOCAÇAO MOTOR VIBRADOR ALTA FREQUENCIA - CONTRATO CW181679 - 24/03 À 22/04,UNI,1,200.00,200.00,200.00,ARBO,2026-04
SERVIÇOS,SERVIÇOS DE RJUNTADOR,UNI,1,5860.56,5860.56,5860.56,DOWNTOWN,2026-03
SERVIÇOS,LOCAÇAO DE FORMAS ATEX - CONTRATO 202500077 - 01/03 À 31/03,UNI,1,13981.00,13981.00,13981.00,ARBO,2026-04
SERVIÇOS,07 MONTAGENS E 02 DESMONTAGENS,UNI,1,3086.62,3086.62,3086.62,PARADISO,2026-04
SERVIÇOS,"MATERIAL, ESXECUÇÃO COMPLETA DO SERVIÇO E FRETE",UNI,1,8300.00,8300.00,8300.00,MANUTENÇAO,2026-04
SERVIÇOS,PRODUÇAO DE 02 WIND BANNERS,UNI,1,672.91,672.91,672.91,VINHATICO,2026-04
SERVIÇOS,BEBEDOURO INDUSTRIAL - LIMPEZA DE SISTEMA,UNI,1,380.00,380.00,380.00,CELEBRATION,2026-04
SERVIÇOS,SERVIÇOS GESSEIRO,UNI,1,3842.24,3842.24,3842.24,PARADISO,2026-04
SERVIÇOS,LOCAÇAO COMPACTADOR DE SOLO - CONTRATO CW188207 - 20/03 À 18/04,UNI,1,500.00,500.00,500.00,ARBO,2026-04
SERVIÇOS,LOCAÇAO MOTOR DE COMPACTADORELETRICO - CONTRATO 188207 - 20/03 À 18/04,UNI,1,500.00,500.00,500.00,ARBO,2026-04
SERVIÇOS,LOCAÇAO ESMERILHADEIRA 7'' - CONTRATO 1430 - 20/03 À 23/03,UNI,1,130.00,130.00,130.00,PARADISO,2026-04
SERVIÇOS,LOCAÇAO MARTELO ROMPEDOR 5KG - CONTRATO 482 - 23/03 À 19/04,UNI,1,330.00,330.00,330.00,PARADISO,2026-04
SERVIÇOS,LOCAÇAO PERFURATRIZ DE COLUNA DD200 - CONTRATO 3105 - 26/03 Á 22/04,UNI,1,2900.00,2900.00,2900.00,PARADISO,2026-04
SERVIÇOS,MOBILIZAÇÃO E DESMOBILIZAÇAO,UNI,1,80.00,80.00,80.00,PARADISO,2026-04
SERVIÇOS,TREINAMENTO DE NR-12 PARA 12 COLABORADORES,UNI,1,1440.00,1440.00,1440.00,ARBO,2026-04
SERVIÇOS,LOCAÇAO DE 80 TORRE - CONTRATO 217884 - 30/03 À 30/04,UNI,1,4000.00,4000.00,4000.00,ARBO,2026-04
SERVIÇOS,SERVIÇO DE MANUTENÇAO EM FERRAMENTA ELETRICA,UNI,1,350.00,350.00,350.00,PARADISO,2026-04
SERVIÇOS,SERVIÇO HIGIENIZAÇAO DE 04 APARELHOS DE AR CONDICIONADO E REPARO ELETRICO,UNI,1,1330.00,1330.00,1330.00,ESCRITORIO LOURDES,2026-04
SERVIÇOS,PROJETO DE GAS CANALIZADO E COMBATE A INCENDIO,UNI,1,2612.50,2612.50,2612.50,UPTOWN,2026-04
SERVIÇOS,SERVIÇOS PRESTADOS EM VARIOS LOCAIS,UNI,1,2800.00,2800.00,2800.00,UPTOWN,2026-04
SERVIÇOS,LOCAÇAO DE TORRE COMPLETA - CONTRATO 218158 - 26/03 À 26/04,UNI,1,5099.50,5099.50,5099.50,ARBO,2026-04
SERVIÇOS,LOCAÇAO CONTAINER ALMOXARIFADO (1) - CONTRATO CT-3367 - 24/03 A 22/04,UNI,1,380.00,380.00,380.00,CELEBRATION,2026-04
SERVIÇOS,LOCAÇAO CONTAINER BANHEIRO (302) - CONTRATO CT-3367 - 24/03 A 22/04,UNI,1,280.00,280.00,280.00,CELEBRATION,2026-04
SERVIÇOS,SERVIÇO DE VISITA TECNICA PARA REVISAO EM MINIGRUA,UNI,1,190.00,190.00,190.00,ARBO,2026-04
SERVIÇOS,INDUSTRIALIZAÇÃO NBR7480,UNI,1,6932.80,6932.80,6932.80,ARBO,2026-03
SERVIÇOS,LOCAÇAO CADEIRINHA - CONTRATO 17639 - 05/03 À 18/03,UNI,1,589.33,589.33,589.33,DOWNTOWN,2026-05
SERVIÇOS,DESENVOLVIMENTO DE APP PERSONALIZADO PARA INTERAÇAO NA SALA DE IMERSAO,UNI,1,6000.00,6000.00,6000.00,VINHATICO,2026-04
SERVIÇOS,SUPRESSAO DE 01 MUNGUBA DE GRANDE PORTE E REMOÇAO DE TODO RESIDUO,UNI,1,14507.00,14507.00,14507.00,UPTOWN,2026-04
SERVIÇOS,"MANUTENÇAO APTOS 301/2, 801/2, 1304/1, 904/1 E 902/2",UNI,1,1350.00,1350.00,1350.00,MANUTENÇAO,2026-04
SERVIÇOS,PRESTAÇAO DE SERVIÇOS - APTO 101/607/104/106,UNI,1,1080.00,1080.00,1080.00,MANUTENÇAO,2026-04
SERVIÇOS,PRESTAÇAO DE SERVIÇOS - APTO 401/402/301 BL06,UNI,1,1350.00,1350.00,1350.00,MANUTENÇAO,2026-04
SERVIÇOS,MAO DE OBRA APLICAÇAO DE ECOGRANITO - 24M2,UNI,1,720.00,720.00,720.00,PARADISO,2026-04
SERVIÇOS,PROJETO VENTILAÇAO MECANICA,UNI,1,1680.00,1680.00,1680.00,ARBO,2026-04
SERVIÇOS,LOCAÇAO DE 200M DE GUARDA CORPO PERIFERIA - CONTRATO 217837 - 05/04 À 05/05,UNI,1,3000.00,3000.00,3000.00,ARBO,2026-05
SERVIÇOS,LOCAÇAO DE 05 SUPORTE DE PERIFERIA - CONTRATO 211828 - 04/04 À 04/05,UNI,1,105.59,105.59,105.59,PARADISO,2026-05
SERVIÇOS,SERVIÇOS DE MANUTENÇAO CORRETIVA EM STAND DE VENDAS,UNI,1,4000.00,4000.00,4000.00,VINHATICO,2026-04
SERVIÇOS,LAUDO COMPLEMENTAR DE ATERRAMENTO,UNI,1,880.00,880.00,880.00,PARADISO,2026-04
SERVIÇOS,MARCAÇAO DE OBRA,UNI,1,1430.00,1430.00,1430.00,VINHATICO,2026-04
SERVIÇOS,LOCAÇAO ESMERILHADEIRA 7'' - CONTRATO 1575 - 31/03 À 27/04,UNI,1,130.00,130.00,130.00,PARADISO,2026-04
SERVIÇOS,LOCAÇAO MARTELO ROMPEDOR 10KG - CONTRATO 6780 - 03/04 À 30/04,UNI,1,350.00,350.00,350.00,PARADISO,2026-04
SERVIÇOS,LOCAÇAO MARTELO ROMPEDOR 10KG - CONTRATO 63 - 01/04 À 28/04,UNI,1,350.00,350.00,350.00,ARBO,2026-04
SERVIÇOS,LOCAÇAO PERFURATRIZ DE COLUNA DD200 - CONTRATO 9 - 01/04 À 28/04,UNI,1,2900.00,2900.00,2900.00,PARADISO,2026-04
SERVIÇOS,PARECER TECNICO DE ENGENHARIA,UM,1,1469.85,1469.85,1469.85,MANUTENÇAO,2026-04
SERVIÇOS,SERVIÇO DE INSTALAÇAO DE EQUIPAMENTO DE COMBATE A INCENDIO E PANICO,UNI,1,4571.33,4571.33,4571.33,MANUTENÇAO,2026-04
SERVIÇOS,300 LITROS FLOCOS PARA ENCHIMENTO PUFF ARTESANATO,UNI,1,164.75,164.75,164.75,ARBO,2026-04
SERVIÇOS,AVARIA NO EQUIPAMENTO OM1410 PAT VAF. 151,UNI,1,120.00,120.00,120.00,ARBO,2026-04
SERVIÇOS,LOCAÇAO MANGOTE VIBRADOR 35MM - CONTRATO CW182296 - 03/04 À 02/05,UNI,1,150.00,150.00,150.00,ARBO,2026-05
SERVIÇOS,LOCAÇAO MOTOR VIBRADOR ALTA FREQUENCIA - CONTRATO CW182296 - 03/04 À 02/05,UNI,1,200.00,200.00,200.00,ARBO,2026-05
SERVIÇOS,LOCAÇAO DE 120M DE GUARDA CORPO PERIFERIA - CONTRATO 218930 - 10/04 À 10/05,UNI,1,1800.00,1800.00,1800.00,ARBO,2026-05
SERVIÇOS,LOCAÇAO DE VMS - CONTRATO 218565 - 09/04 À 09/05,UNI,1,840.00,840.00,840.00,ARBO,2026-05
SERVIÇOS,LOCAÇAO DE 30M DE CONDUTOR DE ENTULHO - CONTRATO 219793 - 02/04 À 02/05,UNI,1,1800.00,1800.00,1800.00,ARBO,2026-05
SERVIÇOS,LOCAÇAO DE TORRES - CONTRATO 217934 - 10/04 À 10/05,UNI,1,4490.00,4490.00,4490.00,ARBO,2026-05
SERVIÇOS,MANUTENÇAO DE PORTAS CORTA FOGO,UNI,1,1980.00,1980.00,1980.00,MANUTENÇAO,2026-04
SERVIÇOS,REFERENTE ORÇAMENTO HYUNDAI CRETA - APTO 1001,UNI,1,3220.00,3220.00,3220.00,MANUTENÇAO,2026-04
SERVIÇOS,"LOCAÇAO ANDAIME TUBULAR, PLATAFORMA ELETRICA - CONTRATO 17597 - 03/03 À 02/04",UNI,1,3066.00,3066.00,3066.00,MANUTENÇAO,2026-05
SERVIÇOS,MANUTENÇAO CORRETIVA,UNI,1,950.00,950.00,950.00,DOWNTOWN,2026-04
SERVIÇOS,LOCAÇAO DE BENS MOVEIS - CONTRATO 18 - 17/03 À 15/04,UNI,1,9398.94,9398.94,9398.94,ARBO,2026-04
SERVIÇOS,AGUA 20L - 24 UNID,UNI,1,408.00,408.00,408.00,ARBO,2026-04
SERVIÇOS,SERVIÇOS DE MANUTENÇÃO DE BOMBAS,UNI,1,6102.22,6102.22,6102.22,MANUTENÇAO,2026-04
SERVIÇOS,SERVIÇOS DE INSTALAÇAO DE EQUIPAMENTO DE COMBATE A INCENDIO E PANICO,UNI,1,3942.72,3942.72,3942.72,MANUTENÇAO,2026-04
SERVIÇOS,INSTALAÇAO DE JOYSTICK E CONTRATO DE MANUTENÇAO,UNI,1,2113.75,2113.75,2113.75,PARADISO,2026-04
SERVIÇOS,PROJETOS DE INSTALAÇOES HIDROSSANITARIAS,UNI,1,27873.45,27873.45,27873.45,VINHATICO,2026-04
SERVIÇOS,SERVIÇO DE RETIRADA DE FABRICA,UNI,1,500.00,500.00,500.00,PARADISO,2026-04
SERVIÇOS,LOCAÇAO MINI RETRO 13 DIARIAS 30/03 A 15/04 E TRANSPORTE,UNI,1,21600.00,21600.00,21600.00,ARBO,2026-04
SERVIÇOS,LOCAÇAO ESMERILHADEIRA 7'' - CONTRATO CW182151 - 02/04 À 09/04,UNI,1,120.00,120.00,120.00,ARBO,2026-04
SERVIÇOS,LOCAÇAO MINI GRUA 500KG - CONTRATO 1645 - 08/04 À 05/05,UNI,1,1100.00,1100.00,1100.00,ARBO,2026-05
SERVIÇOS,LOCAÇAO PAINEL DE COMANDO NR-12 - CONTRATO 1645 - 08/04 À 05/05,UNI,1,120.00,120.00,120.00,ARBO,2026-05
SERVIÇOS,LOCAÇAO PERFURATRIZ DE COLUNA DD200 - CONTRATO 1339 - 14/04 À 11/05,UNI,1,2900.00,2900.00,2900.00,ARBO,2026-05
SERVIÇOS,LOCAÇAO SERRA CLIPPER 350MM MANUAL ELETRICA - CONTRATO 1859 - 15/04 À 12/05,UNI,1,700.00,700.00,700.00,MANUTENÇAO,2026-05
SERVIÇOS,"LOCAÇAO RANHURADORA ELÉTRICA DE TUBO 1"" A 12"" 220V - CONTRATO 7483 - 19/03 À 18/04",UNI,1,2946.77,2946.77,2946.77,PARADISO,2026-05
SERVIÇOS,SERVIÇOS DE TRANSPORTES DE MATERIAIS,UNI,1,440.00,440.00,440.00,PARADISO,2026-04
SERVIÇOS,LIMPEZA DE FOSSA,UNI,1,1250.00,1250.00,1250.00,ARBO,2026-04
SERVIÇOS,TRANSPORTE DE AGUA POTAVEL ATRAVES DE CAMINHAO PIPA - 02 UNID,UNI,1,1056.44,1056.44,1056.44,PARADISO,2026-04
SERVIÇOS,TRANSPORTE DE AGUA POTAVEL ATRAVES DE CAMINHAO PIPA - 12 UNID,UNI,1,6338.64,6338.64,6338.64,ARBO,2026-04
SERVIÇOS,LOCAÇAO DE CONDUTOR - CONTRATO 218664 - 15/04 À 15/05,UNI,1,480.00,480.00,480.00,PARADISO,2026-05
SERVIÇOS,LOCAÇAO DE 06 ML DE GUARDA CORPO DE PERIFERIA - CONTRATO 212440 - 14/04 À 14/05,UNI,1,90.00,90.00,90.00,PARADISO,2026-05
SERVIÇOS,LOCAÇAO MARTELO DEMOLIDOR TE700 HILTI - CONTRATO CW185539 - 09/04 À 08/05,UNI,1,735.00,735.00,735.00,ARBO,2026-05
SERVIÇOS,SERVIÇO EXECUTADO EM PLASTIFICADORA MOD. P280 FAB. 0028,UNI,1,219.45,219.45,219.45,PARADISO,2026-04
SERVIÇOS,LOCAÇAO MARTELO DEMOLIDOR TE2000 - CONTRATO CS3087 - 10/04 À 16/04,UNI,1,900.00,900.00,900.00,ARBO,2026-04
SERVIÇOS,PORTAO DE GARAGEM COM ROLDANAS,UNI,1,780.00,780.00,780.00,ARBO,2026-04
SERVIÇOS,PRESTAÇAO DE SERVIÇO DE DESTOCA,UNI,1,2259.50,2259.50,2259.50,UPTOWN,2026-04
SERVIÇOS,"COLETA, ENTREGA, CALIBRAÇAO INCLINOMETRO DIGITAL",UNI,1,229.00,229.00,229.00,ESCRITORIO LOURDES,2026-04
SERVIÇOS,ESTRUTURA PARA TELHAS EM PERFIL ENRIJECIDO 75X40,UNI,1,14380.00,14380.00,14380.00,DOWNTOWN,2026-05
SERVIÇOS,LOCAÇAO PLATAFORMA SUPER ELEVAÇAO MANUAL - CONTRATO 17278 - 22/03 À 06/04,UNI,1,18127.08,18127.08,18127.08,PARADISO,2026-05
SERVIÇOS,LOCAÇAO ESCORAS METALICAS - CONTRATO 6769 - 14/04 À 13/05,UNI,1,2922.00,2922.00,2922.00,ARBO,2026-05
SERVIÇOS,LOCAÇAO ANDAIMES - CONTRATO 6772 - 15/04 À 14/05,UNI,1,299.00,299.00,299.00,PARADISO,2026-05
SERVIÇOS,LOCAÇAO DE 53 ESTACAS NO CHAO E NA TABEIRA PARA OBRA,UNI,1,3800.00,3800.00,3800.00,UPTOWN,2026-04
SERVIÇOS,LOCAÇAO DE 50M DE GUARDA CORPO PERIFERIA - CONTRATO 218353 - 12/04 À 12/05,UNI,1,750.00,750.00,750.00,ARBO,2026-05
SERVIÇOS,LOCAÇAO DE TIRANTES E VMS - CONTRATO 218947 - 11/04 À 11/05,UNI,1,1100.00,1100.00,1100.00,ARBO,2026-05
SERVIÇOS,01 REQUERIMENTO DE LICENÇA DE OBJETO,UNI,1,1224.09,1224.09,1224.09,SANTA LUCIA,2026-04
SERVIÇOS,LOCAÇAO DE EQUIPAMENTOS - CONTRATO216621 CONFORME RELATÓRIO 473318,UNI,1,499.00,499.00,499.00,MANUTENÇAO,2026-05
SERVIÇOS,LOCAÇAO PONTEIRO SDS MAX 18X400MM - CONTRATO 2013 - 23/04 À 20/05,UNI,1,40.00,40.00,40.00,VINHATICO,2026-05
SERVIÇOS,LOCAÇAO TALHADEIRA SDS MAX 18X400X25MM - CONTRATO 2013 - 23/04 À 20/05,UNI,1,40.00,40.00,40.00,VINHATICO,2026-05
SERVIÇOS,LOCAÇAO MARTELO ROMPEDOR 10KG - CONTRATO 2013 - 23/04 À 20/05,UNI,1,380.00,380.00,380.00,VINHATICO,2026-05
SERVIÇOS,LOCAÇAO CONTAINER ALMOXARIFADO (4) - CONTRATO CT-1524 - 08/04 A 07/05,UNI,1,290.00,290.00,290.00,VINHATICO,2026-05
SERVIÇOS,PRESTAÇAO DE SERVIÇOS DE INSTALAÇAO ELETRICAS,UNI,1,5750.00,5750.00,5750.00,ARBO,2026-04
SERVIÇOS,TAXA DE ADESAO,UNI,1,339.33,339.33,339.33,ARBO,2026-04
SERVIÇOS,APLICAÇAO DE CONCRETO COM ADENSAMENTO MECANICO,UNI,1,2289.25,2289.25,2289.25,CELEBRATION,2026-04
SERVIÇOS,FRETE - DM2 METALURGICA,UNI,1,183.22,183.22,183.22,PARADISO,2026-04
SERVIÇOS,MANUTENÇAO DE FERRAMENTAS ELETRICAS,UNI,1,900.00,900.00,900.00,PARADISO,2026-04
SERVIÇOS,PRESTAÇAO DE SERVIÇOS DE MARKETING DIGITAL,UNI,1,12000.00,12000.00,12000.00,VINHATICO,2026-04
SERVIÇOS,"LOCAÇAO DE 17 APARALIXOS 2,50 C/ GARRA - CONTRATO 212166 - 25/04 À 25/05",UNI,1,268.42,268.42,268.42,PARADISO,2026-05
SERVIÇOS,SERVIÇOS DE IMPRESSAO,UNI,1,228.00,228.00,228.00,UPTOWN,2026-04
SERVIÇOS,CONFECÇOES DE RESINAS PARA CARIMBO,UNI,1,70.00,70.00,70.00,ESCRITORIO LOURDES,2026-04
SERVIÇOS,"SERVIÇO DE LIMPEZA FACHADA, VEDAÇAO , PINTURA",UNI,1,3800.00,3800.00,3800.00,MANUTENÇAO,2026-05
SERVIÇOS,SERVIÇOS DE LIMPEZA - 12 DIÁRIAS STAND,UNI,1,2160.00,2160.00,2160.00,PARADISO,2026-04
SERVIÇOS,"LOCAÇAO ANDAIME TUBULAR, PLATAFORMA ELETRICA - CONTRATO 17597 - 03/04 À 02/05",UNI,1,3066.00,3066.00,3066.00,MANUTENÇAO,2026-06
SERVIÇOS,SERVIÇO DE INSTALAÇAO DE ALARME DE INCÊNDIO,UNI,1,19320.00,19320.00,19320.00,PARADISO,2026-05
SERVIÇOS,MANUTENÇAO EM FERRAMENTA ELETRICA,UNI,1,848.00,848.00,848.00,PARADISO,2026-05
SERVIÇOS,LOCAÇAO MARTELO ROMPEDOR 18KG - CONTRATO 2077 - 28/04 À 25/05,UNI,1,630.00,630.00,630.00,VINHATICO,2026-05
SERVIÇOS,TRANSPORTE DE AGUA CAMINHAO PIPA 12.000L - 02 UNID.,UNI,1,1531.36,1531.36,1531.36,VINHATICO,2026-04
SERVIÇOS,KIT QR CODE,UNI,1,1485.00,1485.00,1485.00,PARADISO,2026-04
SERVIÇOS,"LOCAÇAO DE 22M DE TORRE DE 1X1, 4 SAPATAS, 10 PISOS - CONTRATO 218977 - 28/03 À 28/04",UNI,1,680.00,680.00,680.00,PARADISO,2026-04
SERVIÇOS,LAUDO DE ATERRAMENTO E PROJETO DAS INSTALAÇOES ELETRICAS,UNI,1,2100.00,2100.00,2100.00,UPTOWN,2026-05
SERVIÇOS,CORRIMAO EM TUBO 1.1/2'',UNI,1,38000.00,38000.00,38000.00,PARADISO,2026-05
SERVIÇOS,"LOCAÇAO DE 22M DE TORRE DE 1X1, 4 SAPATAS, 10 PISOS - CONTRATO 218977 - 28/04 À 28/05",UNI,1,680.00,680.00,680.00,PARADISO,2026-05
SERVIÇOS,LOCAÇAO BOMBA PARA AGUA SUJA 2'' - CONTRATO 2118 - 01/04 À 28/04,UNI,1,380.00,380.00,380.00,PARADISO,2026-05
SERVIÇOS,LOCAÇAO ESMERILHADEIRA 7'' - CONTRATO 1575 - 28/04 À 25/05,UNI,1,130.00,130.00,130.00,PARADISO,2026-05
SERVIÇOS,LOCAÇAO MARTELO ROMPEDOR 05KG - CONTRATO 482 - 20/04 À 17/05,UNI,1,330.00,330.00,330.00,PARADISO,2026-05
SERVIÇOS,LOCAÇAO MARTELO ROMPEDOR 10KG - CONTRATO 63 - 29/04 À 26/05,UNI,1,350.00,350.00,350.00,PARADISO,2026-05
SERVIÇOS,LOCAÇAO PERFURATRIZ DE COLUNA DD200 - CONTRATO 9 - 29/04 À 26/05,UNI,1,2900.00,2900.00,2900.00,PARADISO,2026-05
SERVIÇOS,LOCAÇAO SERRA CIRCULAR PARA MADEIRA 7'' - CONTRATO 2045 - 24/04 À 21/05,UNI,1,130.00,130.00,130.00,PARADISO,2026-05
SERVIÇOS,LOCAÇAO COMPACTADOR DE SOLO 4T GASOLINA - CONTRATO 2098 - 29/04 À 05/05,UNI,1,570.00,570.00,570.00,ARBO,2026-05
SERVIÇOS,LOCAÇAO DE TORRE COMPLETA - CONTRATO 218158 - 26/04 À 26/05,UNI,1,4202.88,4202.88,4202.88,ARBO,2026-05
SERVIÇOS,CONSULTORIA PARA ATENUAÇAO DE RUIDO E VIBRAÇAO,UNI,1,1755.72,1755.72,1755.72,MANUTENÇAO,2026-05
SERVIÇOS,PROJETOS DE INSTALAÇOES ELETRICAS,UNI,1,16480.06,16480.06,16480.06,SANTA LUCIA,2026-05
SERVIÇOS,LOCAÇAO DE BENS MOVEIS - CONTRATO 411/24 - 11/04 À 10/05,UNI,1,2843.72,2843.72,2843.72,PARADISO,2026-05
SERVIÇOS,LOCAÇAO DE FORMAS ATEX - CONTRATO 202500077 - 01/04 À 30/04,UNI,1,11152.40,11152.40,11152.40,ARBO,2026-05
SERVIÇOS,LOCAÇAO DE CAÇAMBA 5M3,UNI,1,450.00,450.00,450.00,MANUTENÇAO,2026-05
SERVIÇOS,LOCAÇAO BOMBA PARA AGUA SUJA 2'' - CONTRATO 2118 - 29/04 À 26/05,UNI,1,380.00,380.00,380.00,PARADISO,2026-05
SERVIÇOS,LOCAÇAO MARTELO ROMPEDOR 10KG - CONTRATO 6780 - 01/05 À 28/05,UNI,1,350.00,350.00,350.00,PARADISO,2026-05
SERVIÇOS,"LOCAÇAO DE 80 TORRE, 80 DX, 160 SAPATAS, 160 FORCADO DUPLO - CONTRATO 217884 - 30/04 À 30/05",UNI,1,4000.00,4000.00,4000.00,ARBO,2026-05
SERVIÇOS,SERVIÇO DE MANUTENÇAO E BIOFILIA,UNI,1,4943.09,4943.09,4943.09,VINHATICO,2026-04
SERVIÇOS,LOCAÇAO BETONEIRA S/ CARREGADOR 400L COMBUSTAO - CS003936 - 30/04 À 27/05,UNI,1,650.00,650.00,650.00,CELEBRATION,2026-05
SERVIÇOS,CONSULTORIA TECNICA A GESTAO QUALIDADE,UNI,1,6320.36,6320.36,6320.36,PARADISO,2026-05
SERVIÇOS,"BOMBONA 200L, DESCONTAMINADA, INTEIRA",UNI,1,210.00,210.00,210.00,ARBO,2026-06
SERVIÇOS,"PLOTAGEM COLORIDA , IMPRESSAO",UNI,1,421.96,421.96,421.96,VINHATICO,2026-05
SERVIÇOS,INSTALAÇAO DE INCENDIO,UNI,1,5922.91,5922.91,5922.91,MANUTENÇAO,2026-05
SERVIÇOS,SERVIÇO DE MANUTENÇAO EXTERNA EM BETONEIRA 600L,UNI,1,470.00,470.00,470.00,ARBO,2026-05
SERVIÇOS,"CONTAINER ALMOXARIFADO 3,00 X 1,50 X 2,00M (1)",UNI,1,380.00,380.00,380.00,CELEBRATION,2026-05
SERVIÇOS,"CONTAINER BANHEIRO 1,00 X 0,90 X 2,40M (302)",UNI,1,280.00,280.00,280.00,CELEBRATION,2026-05
SERVIÇOS,TREINAMENTO DE RECICLAGEM PARA OPERAÇAO DE MAQUINAS,UNI,1,200.00,200.00,200.00,UPTOWN,2026-05
SERVIÇOS,SERVIÇOS PRESTADOS DE MONTAGEM E DESMONTAGEM DE ILUMINAÇAO,UNI,1,7200.00,7200.00,7200.00,CELEBRATION,2026-05
SERVIÇOS,"TREINAMENTO NR-12, OPERAÇAO DE CREMALHEIRA, NR-35",UNI,1,500.00,500.00,500.00,PARADISO,2026-05
SERVIÇOS,CONTROLE TECNOLOGICO DA QUALIDADE,UNI,1,2915.25,2915.25,2915.25,PARADISO,2026-05
SERVIÇOS,"LOCAÇAO MANGOTE VIBRADOR COSTAL 35MM 3,5M - CONTRATO 2182 - 04/05 À 05/05",UNI,1,30.00,30.00,30.00,VINHATICO,2026-05
SERVIÇOS,LOCAÇAO MOTOR ACIONADOR COSTAL ELETRICO - CONTRATO 2182 - 04/05 À 05/05,UNI,1,40.00,40.00,40.00,VINHATICO,2026-05
SERVIÇOS,LOCAÇAO DE 30M DE CONDUTOR DE ENTULHO - CONTRATO 219793 - 02/05 À 02/06,UNI,1,1350.00,1350.00,1350.00,ARBO,2026-06
SERVIÇOS,LOCAÇAO DE 05 SUPORTE DO GUARDA CORPO DE PERIFERIA - CONTRATO 211828 - 04/05 À 04/06,UNI,1,105.59,105.59,105.59,PARADISO,2026-06
SERVIÇOS,LOCAÇAO DE 200M DE GUARDA CORPO PERIFERIA - CONTRATO 217837 - 05/05 À 05/06,UNI,1,2000.00,2000.00,2000.00,ARBO,2026-06
SERVIÇOS,LOCAÇAO DE 70 TUBO EMENDA - CONTRATO 218267 - 05/05 À 05/06,UNI,1,1000.00,1000.00,1000.00,ARBO,2026-06
SERVIÇOS,BOMBEAMENTO DE CONCRETO PARA ESTACA HELICE CONTINUA,UNI,1,5700.00,5700.00,5700.00,UPTOWN,2026-05
SERVIÇOS,SERVIÇO DE MANUTENÇAO,UNI,1,4200.00,4200.00,4200.00,MANUTENÇAO,2026-05
SERVIÇOS,SERVIÇOS PRESTADOS NA OBRA,UNI,1,13664.08,13664.08,13664.08,DOWNTOWN,2026-05
SERVIÇOS,LOCAÇAO BOMBA SUBMERSIVEL 3/4'' SAPO - CONTRATO 2253 - 07/05 À 03/06,UNI,1,220.00,220.00,220.00,ARBO,2026-06
SERVIÇOS,LOCAÇAO COMPACTADOR DE SOLO 4T GASOLINA - CONTRATO 2098 - 06/05 À 02/06,UNI,1,950.00,950.00,950.00,ARBO,2026-06
SERVIÇOS,LOCAÇAO MINI GRUA 500KG - CONTRATO 1645 - 06/05 À 02/06,UNI,1,1100.00,1100.00,1100.00,ARBO,2026-06
SERVIÇOS,LOCAÇAO PAINEL DE COMANDO NR-12 - CONTRATO 1645 - 06/05 À 02/06,UNI,1,120.00,120.00,120.00,ARBO,2026-06
SERVIÇOS,EXECUÇAO DE SERVIÇOS DE PINTURA / MANUTENÇAO,UNI,1,1230.00,1230.00,1230.00,MANUTENÇAO,2026-05
SERVIÇOS,ELABORAÇAO DE PROJETO EXECUTIVO DE GAS,UNI,1,1450.25,1450.25,1450.25,UPTOWN,2026-05
SERVIÇOS,MONTAGEM E DESMONTAGEM DE CADEIRINHA PARA MANUTENÇAO,UNI,1,2278.88,2278.88,2278.88,MANUTENÇAO,2026-05
SERVIÇOS,SERVIÇOS COM USO DE CAMINHAO PRANCHA,UNI,1,1153.08,1153.08,1153.08,VINHATICO,2026-05
SERVIÇOS,LOCAÇAO E ESCAVADEIRA,UNI,1,45000.00,45000.00,45000.00,VINHATICO,2026-05
SERVIÇOS,LOCAÇAO DE IMPRESSORA,UNI,1,330.63,330.63,330.63,ESCRITORIO LOURDES,2026-05
SERVIÇOS,PRESTAÇAO DE SERVIÇOS DE MARCENARIA,UNI,1,90000.00,90000.00,90000.00,PARADISO,2026-05
SERVIÇOS,LOCAÇAO DE BENS MOVEIS - CONTRATO 18/26 - 16/04 À 15/05,UNI,1,9267.29,9267.29,9267.29,ARBO,2026-05
SERVIÇOS,LOCAÇAO DE EQUIPAMENTOS ALARME - CONTRATO 168853 - 10/04 À 30/04,UNI,1,101.42,101.42,101.42,ARBO,2026-05
SERVIÇOS,CONTRATO VIGIA COM CAO DE GUARDA - 12/04 À 12/05,UNI,1,2200.00,2200.00,2200.00,ARBO,2026-05
SERVIÇOS,CONSULTORIA HYGGE,UNI,1,5600.00,5600.00,5600.00,UPTOWN,2026-05
SERVIÇOS,LOCAÇAO PERFURATRIZ DE COLUNA DD200 - CONTRATO 1339 - 12/05 À 08/06,UNI,1,2900.00,2900.00,2900.00,ARBO,2026-06
SERVIÇOS,LOCAÇAO MANGOTE VIBRADOR 35MM - CONTRATO 1218 - 21/04 À 18/05,UNI,1,150.00,150.00,150.00,ARBO,2026-05
SERVIÇOS,MOTOR VIBRADOR ALTA FREQUENCIA - CONTRATO 1218 - 21/04 À 18/05,UNI,1,200.00,200.00,200.00,ARBO,2026-05
SERVIÇOS,LOCAÇAO TORRES - CONTRATO 217934 - 10/05 À 10/06,UNI,1,4490.00,4490.00,4490.00,ARBO,2026-06
SERVIÇOS,LOCAÇAO DE 120M DE GUARDA CORPO PERIFERIA - CONTRATO 218930 - 10/05 À 10/06,UNI,1,1800.00,1800.00,1800.00,ARBO,2026-06
SERVIÇOS,LOCAÇAO DE VMS - CONTRATO 218565 - 09/05 À 09/06,UNI,1,840.00,840.00,840.00,ARBO,2026-06
SERVIÇOS,LOCAÇAO COMPACTADOR DE SOLO PROTEÇAO FRONTAL - CONTRATO 1758 - 08/04 À 05/05,UNI,1,950.00,950.00,950.00,CELEBRATION,2026-05
SERVIÇOS,LOCAÇAO COMPACTADOR DE SOLO - CONTRATO 2123 - 16/04 À 13/05,UNI,1,950.00,950.00,950.00,CELEBRATION,2026-05
SERVIÇOS,LOCAÇAO DE TIRANTES E VMS - CONTRATO 218947 - 11/05 À 11/06,UNI,1,1100.00,1100.00,1100.00,ARBO,2026-06
SERVIÇOS,LOCAÇAO DE 50M DE GUARDA CORPO PERIFERIA - CONTRATO 218353 - 12/05 À 12/06,UNI,1,750.00,750.00,750.00,ARBO,2026-06
SERVIÇOS,LOCAÇAO DE EQUIPAMENTOS - CONTRATO 7483 - 19/04 À 18/05,UNI,1,2946.77,2946.77,2946.77,PARADISO,2026-06
SERVIÇOS,SERVIÇO DE MANUTENÇAOEM GERADOR DE ENERGIA BRANCO,UNI,1,345.00,345.00,345.00,CELEBRATION,2026-05
SERVIÇOS,16 FAIXAS DE 90 REAIS CADA,UNI,1,1440.00,1440.00,1440.00,VINHATICO,2026-05
SERVIÇOS,PUBLICIDADE E PROPAGANDA,UNI,1,1200.00,1200.00,1200.00,UPTOWN,2026-05
SERVIÇOS,PRESTAÇAO DE SERVIÇOS DE INSTALAÇAO ELETRICA,UNI,1,6000.00,6000.00,6000.00,ARBO,2026-05
SERVIÇOS,SERVIÇOS PRESTADOS DE MONTAGEM E DESMONTAGEM,UNI,1,2621.67,2621.67,2621.67,PARADISO,2026-05
SERVIÇOS,REPAROS FACHADA APTO 1002,UNI,1,2212.00,2212.00,2212.00,MANUTENÇAO,2026-05
SERVIÇOS,PRESTAÇAO DE SERVIÇOS DE FORRO DRYWALL,UNI,1,8536.58,8536.58,8536.58,PARADISO,2026-05
SERVIÇOS,LOCAÇAO SERRA CLIPPER 350MM MANUAL ELETRICA - CONTRATO 1859 - 13/05 À 09/06,UNI,1,700.00,700.00,700.00,MANUTENÇAO,2026-06
SERVIÇOS,"LOCAÇAO MANGOTE VIBRADOR 35MM 3,5M - CONTRATO 2374 - 14/05 À 15/05",UNI,1,30.00,30.00,30.00,VINHATICO,2026-06
SERVIÇOS,LOCAÇAO MOTOR ACIONADOR COSTAL ELETRICO - CONTRATO 2374 - 14/05 À 15/05,UNI,1,40.00,40.00,40.00,VINHATICO,2026-06
SERVIÇOS,ELABORAÇAO DE LAUDO TECNICO DE ENGENHARIA,UNI,1,3331.66,3331.66,3331.66,MANUTENÇAO,2026-05
SERVIÇOS,SERVIÇOS DE VISITA TECNICA,UNI,1,85.00,85.00,85.00,ESCRITORIO LOURDES,2026-05
SERVIÇOS,RODAPÉ 10CM LISO COR BRANCO,M,1,77.40,77.40,77.40,DOWNTOWN,2026-06
SERVIÇOS,ELABORAÇAO DO PROJETO DE IRRIGAÇAO,UNI,1,750.00,750.00,750.00,ARBO,2026-05
SERVIÇOS,CONTROLE REMOTO DE ALARME 4 TECLAS PPU,UNI,1,100.00,100.00,100.00,ARBO,2026-05
SERVIÇOS,PROJETO DE PREVENÇAO E COMBATE A INCENDIO,UNI,1,6090.00,6090.00,6090.00,ARBO,2026-05
SERVIÇOS,LOCAÇAO ESCORAS - CONTRATO 6769 - 14/05 À 12/06,UNI,1,2922.00,2922.00,2922.00,ARBO,2026-06
SERVIÇOS,LOCAÇAO ANDAIMES - CONTRATO 6772 - 15/05 À 13/06,UNI,1,299.00,299.00,299.00,PARADISO,2026-06
SERVIÇOS,PRESTAÇAO DE SERVIÇO POLITRIZ,UNI,1,4949.98,4949.98,4949.98,ARBO,2026-05
SERVIÇOS,PRESTAÇAO DE SERVIÇOS DE ASSISTENCIA TECNICA EM PROCESSO JUDICIAL,UNI,1,10719.75,10719.75,10719.75,MANUTENÇAO,2026-05
SERVIÇOS,SERVOÇOS PRESTADOS PINTURA,UNI,1,28320.26,28320.26,28320.26,PARADISO,2026-05
SERVIÇOS,"INSTALAÇAO DE BOTAO DE EMERGENCIA, CHAVE PAINEL E CONTRATO MANUTENÇAO",UNI,1,2261.00,2261.00,2261.00,PARADISO,2026-05
SERVIÇOS,INSTALAÇAO DE PISO VINILICO,UNI,1,7353.05,7353.05,7353.05,PARADISO,2026-05
SERVIÇOS,LOCAÇAO DE EQUIPAMENTOS ALARME - CONTRATO 168853 - 01/05 À 31/05,UNI,1,144.89,144.89,144.89,ARBO,2026-06
SERVIÇOS,TRANSPORTE DE AGUA POTAVEL ATRAVES DE CAMINHAO PIPA - 13 UNID,UNI,1,6866.86,6866.86,6866.86,ARBO,2026-06
SERVIÇOS,LOCAÇAO BOMBA SUBMERSIVEL 3/4'' SAPO - CONTRATO 2391 - 14/05 À 27/05,UNI,1,165.00,165.00,165.00,VINHATICO,2026-06
SERVIÇOS,LOCAÇAO MARTELO ROMPEDOR 10KG - CONTRATO 2013 - 21/05 À 17/06,UNI,1,380.00,380.00,380.00,VINHATICO,2026-06
SERVIÇOS,LOCAÇAO PONTEIRO SDS MAX 18X400MM - CONTRATO 2013 - 21/05 À 17/06,UNI,1,40.00,40.00,40.00,VINHATICO,2026-06
SERVIÇOS,LOCAÇAO TALHADEIRA SDS MAX 18X400X25MM - CONTRATO 2013 - 21/05 À 17/06,UNI,1,40.00,40.00,40.00,VINHATICO,2026-06
SERVIÇOS,LOCAÇAO AR CONDICIONADO,UNI,1,351.00,351.00,351.00,VINHATICO,2026-06
SERVIÇOS,LOCAÇAO CONTAINERS ESCRITORIO 01WC,UNI,1,830.00,830.00,830.00,VINHATICO,2026-06
SERVIÇOS,LOCAÇAO CONTAINER SANITARIO 04 WC E 03 CH,UNI,1,560.00,560.00,560.00,VINHATICO,2026-06
SERVIÇOS,ADESVO EM IMPRESSAO DIGITAL,UNI,1,410.00,410.00,410.00,PARADISO,2026-05
SERVIÇOS,LOCAÇAO DE EQUIPAMENTOS - CONTRATO 7483 - 19/05 À 21/05,UNI,1,294.68,294.68,294.68,PARADISO,2026-06
SERVIÇOS,TREINAMENTO DE NR12 PARA OPERAÇAO DE MAQUINAS,UNI,1,1500.00,1500.00,1500.00,ARBO,2026-06
SERVIÇOS,TREINAMENTO DE NR35 TRABALHO,UNI,1,960.00,960.00,960.00,ARBO,2026-06
SERVIÇOS,DOCUMENTAÇAO REFERENTE AOS PROJETOS DE PROJEÇAO PERIFERICA,UNI,1,4100.00,4100.00,4100.00,UPTOWN,2026-06
SERVIÇOS,ELABORAÇAO DE LAUDO GEOTECNICO E LEVANTAMENTO PRELIMINAR,UNI,1,7000.00,7000.00,7000.00,PETRA,2026-06
SERVIÇOS,PRESTAÇAO DE SERVIÇOS - ELABORAÇAO DE PROJETOS DE INSTALAÇOES,UNI,1,20000.00,20000.00,20000.00,PETRA,2026-06
SERVIÇOS,PRESTAÇAO DE SERVIÇOS DE PISO,UNI,1,31954.80,31954.80,31954.80,PARADISO,2026-05
SERVIÇOS,LOCAÇAO PLATAFORMA ELETRICA - CONTRATP 17597 - 03/05 À 02/06,UNI,1,3066.00,3066.00,3066.00,MANUTENÇAO,2026-07
SERVIÇOS,LOCAÇAO MODULO HABITACIONAL METALICO GALVANIZADO ESCRITORIO 01 WC - CONTRATO 934/26 - 26/03 À 26/04,UNI,1,2460.00,2460.00,2460.00,VINHATICO,2026-05
SERVIÇOS,LOCAÇAO DE BENS MOVEIS - CONTRATO 411/24 - 11/05 À 09/06,UNI,1,2246.83,2246.83,2246.83,PARADISO,2026-06
SERVIÇOS,MANUTENÇAO CORRETIVA DA FACHADA,UNI,1,18022.00,18022.00,18022.00,MANUTENÇAO,2026-06
SERVIÇOS,REPARO DE PINTURA 1801 E 1701,UNI,1,1350.00,1350.00,1350.00,MANUTENÇAO,2026-06
SERVIÇOS,1 MONTAGEM E 2 DESMONTAGEM,UNI,1,2046.66,2046.66,2046.66,MANUTENÇAO,2026-06
SERVIÇOS,MANUTENÇAO PREVENTIVA,UNI,1,286.00,286.00,286.00,VINHATICO,2026-05
SERVIÇOS,LOCAÇAO 150 FORCADO SIMPLES - CINTRATO 220366 - 12/05 À 12/06,UNI,1,800.00,800.00,800.00,ARBO,2026-06
SERVIÇOS,LOCAÇAO LAVADORA ALTA PRESSAO 2100LBS 220V - CONTRATO CL0025814 - 22/05 À 21/06,UNI,1,892.00,892.00,892.00,PARADISO,2026-06
SERVIÇOS,LOCAÇAO LAVADORA ALTA PRESSAO 2100LBS 220V - CONTRATO CL0025815 - 22/05 À 21/06,UNI,1,892.00,892.00,892.00,PARADISO,2026-06
SERVIÇOS,LOCAÇAO MARTELO ROMPEDOR 5KG - CONTRATO 482 - 18/05 À 14/06,UNI,1,330.00,330.00,330.00,PARADISO,2026-06
SERVIÇOS,LOCAÇAO SERRA CIRCULAR PARA MADEIRA 7'' - CONTRATO 2045 - 22/05 À 18/06,UNI,1,130.00,130.00,130.00,PARADISO,2026-06
SERVIÇOS,ATENDIMENTO DE DESENTUPIMENTO REDE DE ESGOTO,UNI,1,7800.00,7800.00,7800.00,PARADISO,2026-06
SERVIÇOS,LOCAÇAO MANGOTE VIBRADOR 35MM - CONTRATO CW182296 - 03/05 À 01/06,UNI,1,150.00,150.00,150.00,ARBO,2026-06
SERVIÇOS,LOCAÇAO MOTOR VIBRADOR ALTA FREQUENCIA BOSCH - CONTRATO CW182296 - 03/05 À 01/06,UNI,1,200.00,200.00,200.00,ARBO,2026-06
SERVIÇOS,"LOCAÇAO DE 02 APARALIXOS 2,50 C/ GARRA - CONTRATO 212166 - 25/05 À 25/06",UNI,1,100.00,100.00,100.00,PARADISO,2026-06
SERVIÇOS,LOCAÇAO DE TORRE COMPLETA - CONTRATO 218158 - 26/05 À 26/06,UNI,1,1298.50,1298.50,1298.50,ARBO,2026-06
SERVIÇOS,"LOCAÇAO DE ESCORAMENTOS 9ESCORAS 1,70) - CONTRATO 220301 - 18/05 À 18/06",UNI,1,1350.00,1350.00,1350.00,VINHATICO,2026-06
SERVIÇOS,"LOCAÇAO DE 22M DE TORRE DE 1,00X1,00, 04 SAPATAS, 10 PISOS - CONTRATO - 218977 - 28/05 À 28/06",UNI,1,680.00,680.00,680.00,PARADISO,2026-06
SERVIÇOS,MANUTENÇAO PISO,UNI,1,1800.00,1800.00,1800.00,DOWNTOWN,2026-06
SERVIÇOS,PROJETOS DE INSTALAÇOES ELETRICAS E ESPECIAIS,UNI,1,27873.45,27873.45,27873.45,VINHATICO,2026-06
SERVIÇOS,RESISTENCIA 220V X 2500W,UNI,1,282.00,282.00,282.00,VINHATICO,2026-06
SERVIÇOS,GAS GLP 13KG,UNI,1,115.00,115.00,115.00,ARBO,2026-05
SERVIÇOS,KIT CILINDRO COMP SAMSUNG MTL-R204,UNI,1,165.00,165.00,165.00,ESCRITORIO LOURDES,2026-06
SERVIÇOS,"LOCAÇAO MANGOTE VIBRADOR COSTAL 35MM 3,5M - CONTRATO 2443 - 25/05 À 31/05",UNI,1,90.00,90.00,90.00,VINHATICO,2026-06
SERVIÇOS,LOCAÇAO MOTOR ACIONADOR COSTAL ELETRICO - CONTRATO 2443 - 25/05 À 31/05,UNI,1,120.00,120.00,120.00,VINHATICO,2026-06
SERVIÇOS,LOCAÇAO PAINEL DE COMANDO NR-12 - CONTRATO 2605 - 27/05 À 23/06,UNI,1,150.00,150.00,150.00,VINHATICO,2026-06
SERVIÇOS,MAO DE OBRA DE INSTALAÇAO E RETIRADA DA TOMADA STECK,UNI,1,247.24,247.24,247.24,PRISBEL,2026-03
SERVIÇOS,PRESTAÇAO DE SERVIÇOS TECNICOS HIDRAULICOS,UNI,1,1400.00,1400.00,1400.00,MANUTENÇAO,2026-05
SERVIÇOS,"LOCAÇAO CADEIRA SUSPENSA, KIT DEGURANÇA - CONTRATO 17715 - 04/05 À 18/05",UNI,1,350.00,350.00,350.00,MANUTENÇAO,2026-06
SERVIÇOS,LOCAÇAO BOMBA PARA AGUA SUJA 2'' - CONTRATO 2118 - 27/05 À 23/06,UNI,1,380.00,380.00,380.00,PARADISO,2026-06
SERVIÇOS,LOCAÇAO ESMERILHADEIRA 7'' - CONTRATO 1575 - 26/05 À 23/06,UNI,1,130.00,130.00,130.00,PARADISO,2026-06
SERVIÇOS,LOCAÇAO MARTELO ROMPEDOR 10KG - CONTRATO 6780 - 29/05 À 25/06,UNI,1,350.00,350.00,350.00,PARADISO,2026-06
SERVIÇOS,LOCAÇAO MARTELO ROMPEDOR 10KG - CONTRATO 63 - 27/05 À 23/06,UNI,1,350.00,350.00,350.00,PARADISO,2026-06
SERVIÇOS,LOCAÇAO PERFURATRIZ DE COLUNA DD200 - CONTRATO 9 - 27/05 À 23/06,UNI,1,2900.00,2900.00,2900.00,PARADISO,2026-06
SERVIÇOS,MANGUEIRA AGUAR/AR 3/4'',UNI,1,30.00,30.00,30.00,VINHATICO,2026-06
SERVIÇOS,LOCAÇAO MARTELO DEMOLIDOR TE700 MARCA HILTI - CONTRATO CW185539 - 09/05 À 07/06,UNI,1,735.00,735.00,735.00,ARBO,2026-06
SERVIÇOS,"REPAST. BROCA P/ PERFURATRIZ 6.1/4'' (159,75MM) - 04 UNID.",UNI,1,1896.00,1896.00,1896.00,ARBO,2026-06
SERVIÇOS,"LOCAÇAO CADEIRA SUSPENSA, KIT DEGURANÇA - CONTRATO 17715 - 19/05 À 02/06",UNI,1,350.00,350.00,350.00,MANUTENÇAO,2026-06
SERVIÇOS,LOCAÇAO DE TORRE COMPLETA - CONTRATO 217884- 30/05 À 30/06,UNI,1,2009.50,2009.50,2009.50,ARBO,2026-06
SERVIÇOS,LOCAÇAO DE VIGA METALICA - CONTRATO 218565 -,UNI,1,1205.00,1205.00,1205.00,ARBO,2026-06
SERVIÇOS,LOCAÇAO MANGOTE VIBRADOR 35MM - CONTRATO CW181679 - 23/05 À 21/06,UNI,1,150.00,150.00,150.00,ARBO,2026-06
SERVIÇOS,LOCAÇAO MOTOR VIBRADOR ALTA FREQUENCIA - CONTRATO CW181679 - 23/05 À 21/06,UNI,1,200.00,200.00,200.00,ARBO,2026-06
SERVIÇOS,LOCAÇAO FORMAS ATEX - CONTRATO 202500077 - 01/05 À 31/05,UNI,1,7408.60,7408.60,7408.60,ARBO,2026-06
SERVIÇOS,LOCAÇAO DE DIAGONAL X - CONTRATO 217934 -,UNI,1,300.00,300.00,300.00,ARBO,2026-06
SERVIÇOS,"LOCAÇAO MANGOTE VIBRADOR COSTAL 35MM 3,5M - CONTRATO 2443 - 01/06 À 28/06",UNI,1,150.00,150.00,150.00,VINHATICO,2026-06
SERVIÇOS,LOCAÇAO MOTOR ACIONADOR COSTAL ELETRICO - CONTRATO 2443 - 01/06 À 28/06,UNI,1,200.00,200.00,200.00,VINHATICO,2026-06
SERVIÇOS,"PRESTAÇAO DE SERVIÇOS DE RESTAURAÇÃO PORTAS, JANELAS E PISO",UNI,1,25672.00,25672.00,25672.00,PARADISO,2026-06
SERVIÇOS,MODELAGEM DE PROJETO,UNI,1,3429.65,3429.65,3429.65,UPTOWN,2026-06
SERVIÇOS,LOCAÇAO DE BENS MOVEIS - CONTRATO 18/26 - 16/05 À 14/06,UNI,1,3922.11,3922.11,3922.11,ARBO,2026-06
SERVIÇOS,HIGIENIZAÇAO E RECUPERAÇAO DE EPI'S,UNI,1,253.60,253.60,253.60,ARBO,2026-06
SERVIÇOS,LOCAÇAO MANGOTE VIBRADOR 35MM - CONTRATO CS1218 - 19/05 À 15/06,UNI,1,150.00,150.00,150.00,ARBO,2026-06
SERVIÇOS,LOCAÇAO VIBRADOR ALTA FREQUENCIA - CONTRATO CS1218 - 19/05 À 15/06,UNI,1,200.00,200.00,200.00,ARBO,2026-06
SERVIÇOS,FORNECIMENTO E INSTALAÇAO DE VIDRO,UNI,1,280.00,280.00,280.00,PRISBEL,2026-06
SERVIÇOS,ELABORAÇAO DE PROJETO DE MOVIMENTAÇAO DE TERRA,UNI,1,2100.00,2100.00,2100.00,PETRA,2026-06
SERVIÇOS,CONSULTORIA E PROJETO DE ISOLAMENTO SONORO,UNI,1,5766.08,5766.08,5766.08,UPTOWN,2026-06
SERVIÇOS,PRESTAÇAO DE SERVIÇOS APTO1802,UNI,1,2300.00,2300.00,2300.00,PRISBEL,2026-03
SERVIÇOS,BALDE STRATO PARA MANUTENÇAO,UNI,1,3185.40,3185.40,3185.40,PRISBEL,2026-03
SERVIÇOS,MANUTENÇÃO EM FERRAMENTAS,UNI,1,1205.00,1205.00,1205.00,PARADISO,2026-06
SERVIÇOS,LOCAÇAO BETONEIRA SEM CARREGADOR 400L COMBUSTAO - CONTRATO CS3936 - 28/05 À 24/06,UN,1,650.00,650.00,650.00,CELEBRATION,2026-06
SERVIÇOS,LOCAÇAO DE 05 SUPORTE PARA GUARDA CORPO DE PERIFERIA - CONTRATO 211828 - 04/06 À 04/07,UNI,1,105.59,105.59,105.59,PARADISO,2026-07
SERVIÇOS,LOCAÇAO DE 30M DE CONDUTOR DE ENTULHO - CONTRATO 219793 - 02/06 À 02/07,UNI,1,1350.00,1350.00,1350.00,ARBO,2026-07
SERVIÇOS,LOCAÇAO DE 200M DE GUARDA CORPO PERIFERIA - CONTRATO 217837 - 05/06 À 05/07,UNI,1,3000.00,3000.00,3000.00,ARBO,2026-07
SERVIÇOS,TRANSPORTE DE ÁGUA POTÁVEL ATRAVES DE CAMINHAO PIPA - 6 UNID.,UNI,1,3169.32,3169.32,3169.32,VINHATICO,2026-06
SERVIÇOS,GRELHAS PARA LAVAR RODAS,UNI,1,10000.00,10000.00,10000.00,VINHATICO,2026-06
SERVIÇOS,LOCAÇAO BOMBA SUBMERSIVEL 3/4'' SAPO - CONTRATO 2253 - 04/06 À 01/07,UNI,1,220.00,220.00,220.00,ARBO,2026-07
SERVIÇOS,LOCAÇAO COMPACTADOR DE SOLO 4T GASOLINA - CONTRATO 2098 - 03/06 À 30/06,UNI,1,950.00,950.00,950.00,ARBO,2026-07
SERVIÇOS,LOCAÇAO MINI GRUA 500KG - CONTRATO 1645 - 03/06 À 30/06,UNI,1,1100.00,1100.00,1100.00,ARBO,2026-07
SERVIÇOS,LOCAÇAO PAINEL DE COMANDO NR-12 - CONTRATO 1645 - 03/06 À 30/06,UNI,1,120.00,120.00,120.00,ARBO,2026-07
SERVIÇOS,LOCAÇAO PERFURATRIZ DE COLUNA DD200 - CONTRATO 1339 - 09/06 À 06/07,UNI,1,2900.00,2900.00,2900.00,ARBO,2026-07
SERVIÇOS,LOCAÇAO MANGOTE VIBRADOR 35MM - CONTRATO CW182296 - 02/06 À 01/07,UNI,1,150.00,150.00,150.00,ARBO,2026-06
SERVIÇOS,LOCAÇAO MOTOR VIBRADOR ALTA FREQUENCIA BOSCH - CONTRATO CW182296 - 02/06 À 01/07,UNI,1,200.00,200.00,200.00,ARBO,2026-06
SERVIÇOS,LOCAÇAO DE 120M DE GUARDA CORPO PERIFERIA - CONTRATO 218930 - 10/06 À 10/07,UNI,1,1800.00,1800.00,1800.00,ARBO,2026-07
SERVIÇOS,LOCAÇAO DE VMS - CONTRATO 218565 - 09/06 À 09/07,UNI,1,325.50,325.50,325.50,ARBO,2026-07
SERVIÇOS,LOCAÇAO DE TORRES - CONTRATO 217934 - 10/06 À 10/07,UNI,1,3720.00,3720.00,3720.00,ARBO,2026-07
SERVIÇOS,EXECUÇAO DE SONDAGEM A TRADO E ENSAIOS DE LABORATÓRIO PARA OBRA,UNI,1,4182.91,4182.91,4182.91,VINHATICO,2026-06
SERVIÇOS,FRETE - WK FIX,UNI,1,186.91,186.91,186.91,PARADISO,2026-06
SERVIÇOS,PROJETO DE DETALHAMENTO DA ÁREA COMUM,UNI,1,8968.80,8968.80,8968.80,UPTOWN,2026-06
SERVIÇOS,SERVIÇO DE LIMPEZA FINA,UNI,1,4437.00,4437.00,4437.00,DOWNTOWN,2026-06
SERVIÇOS,PROJETO DE SISTEMA AQUECIMENTO,UNI,1,2433.75,2433.75,2433.75,UPTOWN,2026-06
SERVIÇOS,PRESTAÇAO DE SERVIÇOS DE MASNUTENÇAO CORRETIVA,UNI,1,12000.00,12000.00,12000.00,DOWNTOWN,2026-06
SERVIÇOS,REF PROJETO AR CONDICIONADO,UNI,1,5400.00,5400.00,5400.00,VINHATICO,2026-05
SERVIÇOS,CONJUNTO ESQUADRIAS,UNI,1,950.00,950.00,950.00,LUX,2026-06
SERVIÇOS,PROJETO DE DETALHAMENTO DA AREA COMUM,UNI,1,8970.65,8970.65,8970.65,UPTOWN,2026-04
SERVIÇOS,REFERENTE A INSTALAÇAO DAS PORTAS CORTA FOGO,UNI,1,1650.00,1650.00,1650.00,PARADISO,2026-06
SERVIÇOS,INSTALAÇAO DE PISO VINILIACO,UNI,1,9956.53,9956.53,9956.53,PARADISO,2026-06
SERVIÇOS,CONTRATO DE LOCAÇAO TAXA FIXA 1,UNI,1,195.00,195.00,195.00,PRISBEL,2026-06
SERVIÇOS,CONTRATO DE LOCAÇAO - PAGINAS TIMBRADAS,UNI,1,0.55,0.55,0.55,PRISBEL,2026-06
SERVIÇOS,ELABORAÇAO DE PROJETO ARQUITETONICO,UNI,1,39685.95,39685.95,39685.95,PRISBEL,2026-06
SERVIÇOS,ANALISE ACUSTICA DE ENTORNO ATRVES DE MEDIÇAO,UNI,1,1783.15,1783.15,1783.15,UPTOWN,2026-06
SERVIÇOS,REF A PARCELA FINAL DE IMAGENS GRAFICAS,UNI,1,55376.27,55376.27,55376.27,ARBO II,2026-06
SERVIÇOS,"LOC POLITRIZ ARTEC, FINITI FP6",UNI,1,3357.33,3357.33,3357.33,ARBO,2026-06
SERVIÇOS,PRESTAÇAO DE SERVIÇOS DE INSTALAÇOES ELETRICAS,UNI,1,6250.00,6250.00,6250.00,ARBO,2026-06
SERVIÇOS,LOCAÇAO DA BOMBA ESTACIONARIA,UNI,1,4400.00,4400.00,4400.00,VINHATICO,2026-06
SERVIÇOS,SERVIÇOS DE DESENTUPIMENTO REDE DE ESGOTO,UNI,1,4650.00,4650.00,4650.00,PARADISO,2026-06
SERVIÇOS,SERVIÇOS DE SERRALHERIA,UNI,1,11740.00,11740.00,11740.00,PARADISO,2026-07
SERVIÇOS,LOCAÇAO MARTELO ROMPEDOR 10KG - CONTRATO 2939 - 12/06 À 09/07,UNI,1,380.00,380.00,380.00,UPTOWN,2026-07
SERVIÇOS,"LOCAÇAO CONTAINER ALMOXARIFADO 3,00 X 1,50 X 2,00M - CONTRATO 3367 - 23/05 À 21/06",UNI,1,380.00,380.00,380.00,CELEBRATION,2026-07
SERVIÇOS,"LOCAÇAO BANHEIRO 1,00 X 0,90 X 2,40M - CONTRATO 3367 - 23/05 À 21/06",UNI,1,280.00,280.00,280.00,CELEBRATION,2026-07
SERVIÇOS,LOCAÇAO LAVADORA DE ALTA PRESSAO 2175PSI 150BAR - CONTRATO2870 - 10/06 À 16/06,UNI,1,497.14,497.14,497.14,MANUTENÇAO,2026-07
SERVIÇOS,MOBILIZAÇAO/DESMOBILIZAÇAO,UNI,1,120.00,120.00,120.00,MANUTENÇAO,2026-07
SERVIÇOS,PRESTAÇAO DE SERVIÇOS DE DESMONTAGEM E REMOÇAO DO JARDIM LATERAL,UNI,1,9000.00,9000.00,9000.00,DOWNTOWN,2026-06
SERVIÇOS,TRANSPORTE DE ELEVADOR,UNI,1,4940.00,4940.00,4940.00,PARADISO,2026-06
SERVIÇOS,ELABORAÇAO DE PROJETO DE INSTALAÇOES,UNI,1,10602.00,10602.00,10602.00,UPTOWN,2026-06
SERVIÇOS,SERVIÇO DE REFORMA,UNI,1,42268.56,42268.56,42268.56,ARBO,2026-06
SERVIÇOS,SERVIÇOS DE PINTURA E ACABAMENTO FINAL,UNI,1,4150.00,4150.00,4150.00,DOWNTOWN,2026-06
SERVIÇOS,01 SERVIÇO DE MANUTENÇAO EXTERNA EM BETONEIRA,UNI,1,575.00,575.00,575.00,ARBO,2026-06
SERVIÇOS,LOCAÇAO DE 50M DE GUARDA CORPO PERIFERIA - CONTRATO 218353 - 12/06 À 12/07,UNI,1,750.00,750.00,750.00,ARBO,2026-07
SERVIÇOS,GRADE EM METALONE CH VENEZIANA,UNI,1,4620.00,4620.00,4620.00,PARADISO,2026-06
SERVIÇOS,LOCAÇAO DE 06ML DE GUARDA CORPO DE PERIFERIA - CONTRATO 212440 - 13/06 À 13/07,UNI,1,90.00,90.00,90.00,PARADISO,2026-07
SERVIÇOS,LOCAÇAO 150 FORCADO SIMPLES - CONTRATO 220366 - 12/06 À 12/07,UNI,1,600.00,600.00,600.00,PARADISO,2026-07
SERVIÇOS,LOCAÇAO DE 40 VMS - CONTRATO 218947 - 11/06 À 11/07,UNI,1,800.00,800.00,800.00,ARBO,2026-07
SERVIÇOS,LOCAÇAO DE 02 CAO DE GUARDA - 13/05 À 13/06,UNI,1,1400.00,1400.00,1400.00,SANTA CATARINA,2026-06
SERVIÇOS,LOCAÇAO EQUIPAMENTOS ALARME,UNI,1,144.89,144.89,144.89,ARBO,2026-07
SERVIÇOS,LOCAÇAO DE 06ML DE GUARDA CORPO DE PERIFERIA - CONTRATO 212440 - 13/05 À 13/06,UNI,1,90.00,90.00,90.00,PARADISO,2026-06
SERVIÇOS,LOCAÇAO DE CONDUTOR - CONTRATO 218664 - 15/05 À 15/06,UNI,1,480.00,480.00,480.00,PARADISO,2026-06
SERVIÇOS,GRAVAÇAO BERNARDO FRVG,UNI,1,2140.17,2140.17,2140.17,VINHATICO,2026-06
SERVIÇOS,ESCORA METALICA TUBO DE 1.1/2'' CH14 C/ 2M,UNI,1,140.00,140.00,140.00,VINHATICO,2026-06
SERVIÇOS,"ESCORA METALICA TUBO DE 1.1/2'' CH14 C/ 1,5M",UNI,1,96.00,96.00,96.00,VINHATICO,2026-06
SERVIÇOS,TRANSPORTE DE AGUA POTAVEL ATRAVES DE CAMINHAO PIPA - 12 UNID.,UNI,1,6338.64,6338.64,6338.64,ARBO,2026-06
SERVIÇOS,"LOCAÇAO DE ESCORAMENTOS (1,70M) - CONTRATO 220301 - 18/06 À 18/07",UNI,1,150.00,150.00,150.00,VINHATICO,2026-07
SERVIÇOS,LOCAÇAO DE CADEIRA SUSPENSA GP + KIT SEGURANÇA - CONTRATO 17715 - 03/06 À 17/06,UNI,1,350.00,350.00,350.00,MANUTENÇAO,2026-06
SERVIÇOS,LOCAÇAO PLATAFORMA SUPER ELEVAÇAO - CONTRATO 17278 - 22/05 À 21/06,UNI,1,22967.08,22967.08,22967.08,PARADISO,2026-07
SERVIÇOS,MANUTENÇAO SERRA CIRCULAR MAKITA E SERRA CISCULAR BOSCH,UNI,1,690.00,690.00,690.00,ARBO,2026-06
SERVIÇOS,LOCAÇAO MARTELO DEMOLIDOR TE700 MARCA HILTI - CONTRATO CW185539 - 08/06 À 07/07,UNI,1,735.00,735.00,735.00,ARBO,2026-07
SERVIÇOS,LOCAÇAO MODULO CONTAINER - CONTRATO 934/26 - 26/05 À 26/06,UNI,1,1463.00,1463.00,1463.00,VINHATICO,2026-07
SERVIÇOS,LOCAÇAO DE BENS MOVEIS - CONTRATO 411/24 - 10/06 À 09/07,UNI,1,1225.46,1225.46,1225.46,PARADISO,2026-07
SERVIÇOS,SUPORTE EM VIGA W 200X46,UNI,1,12320.00,12320.00,12320.00,PARADISO,2026-06
SERVIÇOS,SUPORTE EM VIGA W,UNI,1,13000.00,13000.00,13000.00,PARADISO,2026-06
SERVIÇOS,LOCAÇAO BOMBA SUBMERSIVEL 2'' SAPO - CONTRATO 3065 - 19/06 À 16/07,UNI,1,400.00,400.00,400.00,PARADISO,2026-07
SERVIÇOS,LOCAÇAO MARTELO ROMPEDOR 5KG - CONTRATO 482 - 15/06 À 18/06,UNI,1,165.00,165.00,165.00,PARADISO,2026-07
SERVIÇOS,LOCAÇAO MARTELO ROMPEDOR 10KG - CONTRATO 3061- 18/06 À 15/07,UNI,1,380.00,380.00,380.00,PARADISO,2026-07
SERVIÇOS,LOCAÇAO MARTELO ROMPEDOR 10KG - CONTRATO 3084- 19/06 À 16/07,UNI,1,380.00,380.00,380.00,PARADISO,2026-07
SERVIÇOS,LOCAÇAO SERRA CIRCULAR PARA MADEIRA 7'' - CONTRATO 2045 - 19/06 À 16/07,UNI,1,130.00,130.00,130.00,PARADISO,2026-07
SERVIÇOS,FORNECIMENTO DE PISO GRANITO CINZA CASTELO,UNI,1,2052.80,2052.80,2052.80,MANUTENÇAO,2026-06
SERVIÇOS,LOCAÇAO DE CONDUTOR DE ENTULHO - CONTRATO 218664 - 15/05 À 15/06,UNI,1,279.00,279.00,279.00,PARADISO,2026-07
SERVIÇOS,SERVIÇO DE DESTRAVAMENTO DE PORTA,UNI,1,220.00,220.00,220.00,SANTA CATARINA,2026-06
SERVIÇOS,SERVIÇO DE RETIRADA DE 02 FECHADURAS PADO,UNI,1,240.00,240.00,240.00,PARADISO,2026-06
SERVIÇOS,"IMPRESSAO SULFITE, COLORIDA, PLOTAGEM",UNI,1,1519.00,1519.00,1519.00,PARADISO,2026-06
SERVIÇOS,LOCAÇAO MARTELO ROMPEDOR 10KG - CONTRATO 3130 - 24/06 À 21/07,UN,1,380.00,380.00,380.00,ARBO,2026-07
SERVIÇOS,LOCAÇAO MARTELO ROMPEDOR 5KG - CONTRATO 3130 - 24/06 À 21/07,UN,1,330.00,330.00,330.00,ARBO,2026-07
SERVIÇOS,REVISAO 02 DO CALCULO DA NBR12721,UNI,1,1297.17,1297.17,1297.17,PETRA,2026-06
SERVIÇOS,FORNECIMENTO DE MAO DE OBRA PARA REPOSIÇAO DE MASSA DE VIDRO,UNI,1,2750.00,2750.00,2750.00,PARADISO,2026-06
SERVIÇOS,FORNECIMENTO E INSTALAÇOES DE VIDROS PARA REFORMA,UNI,1,2500.00,2500.00,2500.00,PARADISO,2026-06
SERVIÇOS,SERVIÇO DE DESRATIZAÇAO,UNI,1,6142.50,6142.50,6142.50,ARBO,2026-06
SERVIÇOS,PRESTAÇAO DE SERVIÇOS ACABAMENTOS,UNI,1,5585.41,5585.41,5585.41,PARADISO,2026-06
SERVIÇOS,SERVIÇO DE DESTRATIAÇAO,UNI,1,6398.44,6398.44,6398.44,ARBO,2026-06
SERVIÇOS,PRESTAÇAO DE SERVIÇO DE PISO E REVESTIMENTO,UNI,1,7730.15,7730.15,7730.15,PARADISO,2026-06
SERVIÇOS,GSTARCAD 2026/2027,UNI,1,4584.00,4584.00,4584.00,PRISBEL,2026-06
SERVIÇOS,LOCAÇAO MINI CARREGADEIRA NEW HOLLAND,UNI,1,1200.00,1200.00,1200.00,PARADISO,2026-07
SERVIÇOS,LOCAÇAO MINI ESCAVADEIRA,UNI,1,1500.00,1500.00,1500.00,UPTOWN,2026-07
SERVIÇOS,LOCAÇAO MANGOTE VIBRADOR 35MM - CONTRATO CS001218 - 16/06 À 13/07,UNI,1,150.00,150.00,150.00,ARBO,2026-07
SERVIÇOS,LOCAÇAO VIBRADOR ALTA FREQUENCIA - CONTRATO CS001218 - 16/06 À 13/07,UNI,1,150.00,150.00,150.00,ARBO,2026-07
SERVIÇOS,"LOCAÇAO DE APARALIXO 2,50 C/ GARRA - CONTRATO 212166 - 25/06 À 25/07",UNI,1,100.00,100.00,100.00,PARADISO,2026-07
SERVIÇOS,LOCAÇAO MARTELO ROMPEDOR 10KG - CONTRATO 3140 - 24/06 À 21/07,UNI,1,380.00,380.00,380.00,UPTOWN,2026-07
SERVIÇOS,"INSTALAÇAO DE LIMITE, DESMONTAGEM",UNI,1,16492.00,16492.00,16492.00,PARADISO,2026-06
SERVIÇOS,LOCAÇAO BOMBA PARA AGUA SUJA 2'' - CONTRATO 2118 - 24/06 À 21/07,UNI,1,380.00,380.00,380.00,PARADISO,2026-07
SERVIÇOS,LOCAÇAO ESMERILHADEIRA 7'' - CONTRATO 1575 - 23/06 À 20/07,UNI,1,130.00,130.00,130.00,PARADISO,2026-07
SERVIÇOS,LOCAÇAO MARTELO ROMPEDOR 10KG - CONTRATO 6780 - 26/06 À 23/07,UNI,1,350.00,350.00,350.00,PARADISO,2026-07
SERVIÇOS,LOCAÇAO MARTELO ROMPEDOR 10KG - CONTRATO 63 - 24/06 À 21/07,UNI,1,350.00,350.00,350.00,PARADISO,2026-07
SERVIÇOS,LOCAÇAO PERFURATRIZ DE COLUNA DD200 - CONTRATO 9 - 24/06 À 21/07,UNI,1,2900.00,2900.00,2900.00,PARADISO,2026-07
SERVIÇOS,FORNECIMENTO E INSTALAÇAO DE VIDRO COMUM MAIS REMASSAMENTO,UNI,1,5250.00,5250.00,5250.00,PARADISO,2026-06
SERVIÇOS,"LOCAÇAO MANGOTE VIBRADOR COSTAL 35MM 3,5M - CONTRATO 2443 - 29/06 À 26/07",UNI,1,150.00,150.00,150.00,VINHATICO,2026-07
SERVIÇOS,LOCAÇAO MARTELO ROMPEDOR 10KG - CONTRATO 2013 - 18/06 À 15/07,UNI,1,380.00,380.00,380.00,VINHATICO,2026-07
SERVIÇOS,LOCAÇAO MOTOR ACIONADOR COSTAL ELETRICO - CONTRATO 2443 - 29/06 À 26/07,UNI,1,200.00,200.00,200.00,VINHATICO,2026-07
SERVIÇOS,LOCAÇAO PAINEL DE COMANDO NR-12 - CONTRATO 2605 - 24/06 À 21/07,UNI,1,150.00,150.00,150.00,VINHATICO,2026-07
SERVIÇOS,LOCAÇAO PONTEIRO SDS MAX 18X400MM - CONTRATO 2013 - 18/06 À 15/07,UNI,1,40.00,40.00,40.00,VINHATICO,2026-07
SERVIÇOS,LOCAÇAO TALHADEIRA SDS MAX 18X400MMX25MM - CONTRATO 2013 - 18/06 À 15/07,UNI,1,40.00,40.00,40.00,VINHATICO,2026-07
SERVIÇOS,PRESTAÇAO DE SERVIÇO DE LIMPEZA E LOCAÇAO DE BANHEIRO QUIMICO,UNI,1,1140.00,1140.00,1140.00,ARBO,2026-07
SERVIÇOS,SERVIÇO ADICIONAL DE INSTALACAO DA REDE DE GAS,UNI,1,916.27,916.27,916.27,DOWNTOWN,2026-06
SERVIÇOS,VISITA TECNICA BH,UNI,1,450.00,450.00,450.00,DOWNTOWN,2026-06
SERVIÇOS,"FECHAMENTO LATERIAL, TELHADOS",UNI,1,23650.00,23650.00,23650.00,MANUTENÇAO,2026-06
SERVIÇOS,"INSTALAÇAO DE LIMITE, ENGRENAGEM, DESMONTAGEM",UNI,1,16492.00,16492.00,16492.00,PARADISO,2026-06
SERVIÇOS,"LOCAÇAO DE 22M DE TORRE DE 1,00 X 1,00, 04 SAPATAS, 10 PISOS - CONTRATO 218977 - 28/06 À 28/07",UNI,1,680.00,680.00,680.00,PARADISO,2026-07
SERVIÇOS,LOCAÇAO DE TORRE COMPLETA - CONTRATO 218158 - 26/06 À 26/07,UNI,1,1298.50,1298.50,1298.50,ARBO,2026-07
SERVIÇOS,SERVIÇO DE PAISAGISMO,UNI,1,7500.00,7500.00,7500.00,SANTA CATARINA,2026-07
SERVIÇOS,EXECUÇAO E FINALIZAÇAO DE SISTEMA DE VEDAÇAO VERTICAL EM DRYWALL,UNI,1,14054.80,14054.80,14054.80,MANUTENÇAO,2026-07
SERVIÇOS,PROGRAMA DE GINASTICA LABORAL NA OBRA PARADISO,UNI,1,325.00,325.00,325.00,PARADISO,2026-07
SERVIÇOS,REFERENTE AOS SERVIÇOS DE LIMPEZA,UNI,1,7000.00,7000.00,7000.00,PARADISO,2026-07
SERVIÇOS,LOCAÇAO DE TORRE COMPLETA - CONTRATO 217884 - 30/06 À 30/07,UNI,1,952.50,952.50,952.50,ARBO,2026-07
SERVIÇOS,LOCAÇAO DE ANDAIMES E PLATAFORMA ELETRICA - CONTRATO 17597 - 03/06 À 02/07,UNI,1,3066.00,3066.00,3066.00,MANUTENÇAO,2026-08
SERVIÇOS,LOCAÇAO DE FORMA ATEX - CONTRATO 20250077 - 01/06 À 30/06,UNI,1,5118.00,5118.00,5118.00,ARBO,2026-07
SERVIÇOS,LOCAÇAO MANGOTE VIBRADOR BASE FIXA 35MM 5M - CONTRATO 3271 - 02/07 À 29/07,UNI,1,150.00,150.00,150.00,UPTOWN,2026-07
SERVIÇOS,LOCAÇAO MOTOR ACIONADOR BASE FIXA ELETRICO - CONTRATO 3271 - 02/07 À 29/07,UNI,1,200.00,200.00,200.00,UPTOWN,2026-07
SERVIÇOS,ESCADA PRESSURIZADA,UNI,1,15000.00,15000.00,15000.00,PARADISO,2026-07
SERVIÇOS,ANDAIME TUBULAR - CONTRATO 14734 - 07/07 À 07/08,UNI,1,774.00,774.00,774.00,PARADISO,2026-08
SERVIÇOS,LOCAÇAO FORMA ATEX - CONTRATO 202500077 - 01/06 À 26/06,UNI,1,5118.00,5118.00,5118.00,ARBO,2026-07
SERVIÇOS,LOCAÇAO PEÇAS DIVERSAS ESCORAMENTO - CONTRATO 6769 - 13/06 À 12/07,UNI,1,2922.00,2922.00,2922.00,ARBO,2026-07
SERVIÇOS,LOCAÇAO DE BENS MOVEIS - CONTRATO 18/26 - 15/06 À 14/07,UNI,1,2705.17,2705.17,2705.17,ARBO,2026-07
SERVIÇOS,LOCAÇAO MANGOTE VIBRADOR 35MM - CONTRATO CW181679 - 22/06 À 21/07,UNI,1,150.00,150.00,150.00,ARBO,2026-07
SERVIÇOS,LOCAÇAO MOTOR VIBRADOR ALTA FREQUENCIA - CW181679 - 22/06 À 21/07,UNI,1,200.00,200.00,200.00,ARBO,2026-07
SERVIÇOS,LOCAÇAO BETONEIRA SEM CARREGADOR 400L COMBUSTAO - CONTRATO CS3936 - 25/06 À 22/07,UNI,1,650.00,650.00,650.00,CELEBRATION,2026-07
SERVIÇOS,LOCAÇAO MANGOTE VIBRADOR 35MM - CONTRATO CW182296 - 02/07 À 31/07,UNI,1,150.00,150.00,150.00,ARBO,2026-07
SERVIÇOS,LOCAÇAO MOTOR VIBRADOR ALTA FREQUENCIA - CW182296 - 02/07 À 31/07,UNI,1,200.00,200.00,200.00,ARBO,2026-07
SERVIÇOS,SERVIÇO DE SERRALHERIA CONFORME ORÇAMENTO,UNI,1,6300.00,6300.00,6300.00,PARADISO,2026-08
SERVIÇOS,REFERENTE A VISITA TECNICA INSPEÇAO EM EQUIPAMENTO,UNI,1,150.00,150.00,150.00,DOWNTOWN,2026-07
SERVIÇOS,LOCAÇAO DE 200M DE GUARDA CORPO PERIFERIA - CONTRATO 217837 - 05/07 À 05/08,UNI,1,3000.00,3000.00,3000.00,ARBO,2026-08
SERVIÇOS,LOCAÇAO DE 10ML DE GUARDA CORPO DE PERIFERIA - CONTRATO 211828 - 04/07 À 04/08,UNI,1,105.59,105.59,105.59,PARADISO,2026-08
SERVIÇOS,"LOCAÇAO CONTAINER BANHEIRO 1,00X0,90X2,40M (302) - CONTRATO CT-3367 - 22/06 À 21/07",UNI,1,280.00,280.00,280.00,CELEBRATION,2026-07
SERVIÇOS,PROGRAMA DE GINASTICA LABORAL LOTEAMENTO,UNI,1,325.00,325.00,325.00,CELEBRATION,2026-07
SERVIÇOS,PROGRAMA DE GINASTICA LABORAL VINHATICO,UNI,1,325.00,325.00,325.00,VINHATICO,2026-07
SERVIÇOS,INSTALAÇAO DE 03 FECHADURAS DE PRESSAO EM ARMARIO,UNI,1,470.00,470.00,470.00,VINHATICO,2026-07
SERVIÇOS,CONTRATO VIGIA COM CAO DE GUARDA - 12/06 À 12/07,UNI,1,2200.00,2200.00,2200.00,ARBO,2026-07
SERVIÇOS,AÇOES PANFLETAGEM,UNI,1,2069.86,2069.86,2069.86,UPTOWN,2026-07
SERVIÇOS,PRESTAÇAO DE SERVIÇOS DE ESCAVAÇAO DE TUBULAÇAO,UNI,1,16498.49,16498.49,16498.49,UPTOWN,2026-07
SERVIÇOS,SERVIÇOS DE INSPEÇAO DE PROJETO PREVENÇAO COMBATE INCENDIO,UNI,1,4567.50,4567.50,4567.50,MANUTENÇAO,2026-07
SERVIÇOS,LOCAÇAO DE 02 CAO DE GUARDA,UNI,1,1400.00,1400.00,1400.00,SANTA CATARINA,2026-07
SERVIÇOS,"LOCAÇAO MANGOTE VIBRADOR COSTAL 35MM 3,5M - CONTRATO 3226- 30/06 À 27/07",UNI,1,150.00,150.00,150.00,VINHATICO,2026-07
SERVIÇOS,LOCAÇAO MOTOR ACIONADOR COSTAL ELETRICO - CONTRATO 3226 - 30/06 À 27/07,UNI,1,200.00,200.00,200.00,VINHATICO,2026-07
SERVIÇOS,PROGRAMA DE GINASTICA LABORAL,UNI,1,325.00,325.00,325.00,ARBO,2026-06
SERVIÇOS,TESTE E MANUTENÇAO NO SITEMA DE COMBATE A INCENDIO E PANICO,UNI,1,2058.00,2058.00,2058.00,ALLEGRO,2026-07
SERVIÇOS,LOCAÇAO MINI GRUA 500KG - CONTRATO 1645 - 01/07 À 07/07,UNI,1,825.00,825.00,825.00,ARBO,2026-07
SERVIÇOS,LOCAÇAO PAINEL DE COMANDO NR-12 - CONTRATO 1645 - 01/07 À 07/07,UNI,1,90.00,90.00,90.00,ARBO,2026-07
SERVIÇOS,LOCAÇAO PERFURATRIZ DE COLUNA DD200 - CONTRATO 1339 - 07/07 À 03/08,UNI,1,2900.00,2900.00,2900.00,ARBO,2026-07
SERVIÇOS,ANALISE ACUSTICA DE ENTORNO ATAVES DE MEDIÇAO,UNI,1,1783.15,1783.15,1783.15,UPTOWN,2026-07
SERVIÇOS,REQUERIMENTO DE LICENÇA DE OBJETO PROJETADO NO ESPAÇO AEREO,UNI,1,813.02,813.02,813.02,GOIANIA TOWER,2026-07
SERVIÇOS,ELABORAÇAO DE LAUDO DE ARRANCAMENTO DE PONTO DE ANCORAGEM E INSTALAÇAO,UNI,1,3700.00,3700.00,3700.00,MANUTENÇAO,2026-07
SERVIÇOS,LOCAÇAO DE 120M DE GUARDA CORPO PERIFERIA - CONTRATO 218930 - 10/07 À 10/08,UNI,1,1800.00,1800.00,1800.00,ARBO,2026-08
SERVIÇOS,LOCAÇAO DE 19 VMS - CONTRATO 218565 - 09/07 À 09/08,UNI,1,199.50,199.50,199.50,ARBO,2026-08
SERVIÇOS,LOCAÇAO DE TORRES - CONTRATO 217934 - 10/07 À 10/08,UNI,1,3470.00,3470.00,3470.00,ARBO,2026-08
SERVIÇOS,PRESTAÇAO DE SERVIÇO DE MARÇENARIA,UNI,1,90000.00,90000.00,90000.00,PARADISO,2026-07
SERVIÇOS,SERVIÇOS COMPLEMENTARES,UNI,1,4940.00,4940.00,4940.00,ARBO,2026-07
SERVIÇOS,"LOCAÇAO MANGOTE VIBRADOR COSTAL 35MM 3,5M - CONTRATO 3413 - 10/07 À 13/07",UNI,1,30.00,30.00,30.00,PARADISO,2026-08
SERVIÇOS,LOCAÇAO MOTOR ACIONADOR COSTAL ELETRICO - CONTRATO 3413 - 10/07 À 13/07,UNI,1,40.00,40.00,40.00,PARADISO,2026-08
SERVIÇOS,MOBILIZAÇAO / DESMOBILIZAÇAO,UNI,1,80.00,80.00,80.00,PARADISO,2026-08
SERVIÇOS,LOCAÇAO MARTELO ROMPEDOR 10KG - CONTRATO 2939 - 10/07 À 06/08,UNI,1,380.00,380.00,380.00,UPTOWN,2026-08
SERVIÇOS,LOCAÇAO DE ANDAIMES - CONTRATO 6772 - 14/06 À 13/07,UNI,1,299.00,299.00,299.00,PARADISO,2026-07
SERVIÇOS,RESTAURAÇAO DE JANELA E PORTA,UNI,1,18920.00,18920.00,18920.00,PARADISO,2026-07
SERVIÇOS,SERVIÇO DE ENGENHARIA,UNI,1,18964.26,18964.26,18964.26,VINHATICO,2026-07
SERVIÇOS,SERVIÇOS DE MONTAGENS E DESMONTAGENS,UNI,1,4288.24,4288.24,4288.24,PRISBEL,2026-07
SERVIÇOS,SIUPORTE EM VIGA W,UNI,1,24200.00,24200.00,24200.00,PARADISO,2026-07
SERVIÇOS,LOCAÇAO MARTELO DEMOLIDOR TE700 MARCA HILTI - CONTRATO CW185539 - 08/07 À 06/08,UNI,1,735.00,735.00,735.00,ARBO,2026-07
SERVIÇOS,LOCAÇAO DE 05 VMS - CONTRATO 218947 - 11/07 A 11/08,UNI,1,100.00,100.00,100.00,ARBO,2026-08
SERVIÇOS,LOCAÇAO DE 09 FORCADO SIMPLES - CONTRATO 220366,UNI,1,100.00,100.00,100.00,ARBO,2026-08
SERVIÇOS,LOCAÇAO DE 06 ML DE GUARDA CORPO PERIFERIA - CONTRATO 212440,UNI,1,90.00,90.00,90.00,PARADISO,2026-08
SERVIÇOS,LOCAÇAO MARTELO ROMPEDOR 18KG - CONTRATO 3389 - 09/07 À 15/07,UNI,1,378.00,378.00,378.00,VINHATICO,2026-08
SERVIÇOS,REVESTIMENTO FACHADA E PEDRAS DE PEITORIS,UNI,1,2413.89,2413.89,2413.89,PARADISO,2026-07
SERVIÇOS,SERVIÇO HIDRAULICO,UNI,1,5700.00,5700.00,5700.00,PARADISO,2026-07
SERVIÇOS,INSTALAÇAO DE RODAPE E PISO VINILICO,UNI,1,13882.09,13882.09,13882.09,PARADISO,2026-07
SERVIÇOS,INSTALAÇAO DE KITS PORTA PRONTA,UNI,1,6813.12,6813.12,6813.12,PARADISO,2026-07
SERVIÇOS,SERVIÇO DE REBOCO E QUEBRA DE ALVENARIA,UNI,1,3480.00,3480.00,3480.00,PARADISO,2026-07
SERVIÇOS,TAXA DE ORÇAMENTO E DESLOCAMENTO PARA AVALIAÇAO DE CHURRASQUEIRA,UNI,1,190.00,190.00,190.00,MANUTENÇAO,2026-07
SERVIÇOS,MANUTENÇAO DE MANTA ASFALTICA,UNI,1,4015.00,4015.00,4015.00,MANUTENÇAO,2026-07
SERVIÇOS,MANUTENÇAO NOTEBOOK LENOVO OS 10751,UNI,1,1166.20,1166.20,1166.20,ESCRITORIO LOURDES,2026-07
SERVIÇOS,ASSENTAMENTO DE BLOCOS,UNI,1,6438.00,6438.00,6438.00,ARBO,2026-07
SERVIÇOS,POLITRIZ ARTEC,UNI,1,2383.50,2383.50,2383.50,ARBO,2026-07
SERVIÇOS,SERVIÇO ALVENARIA,UNI,1,12876.00,12876.00,12876.00,ARBO,2026-07
SERVIÇOS,PRESTAÇAO DE SERVIÇOS DE INSTALAÇAO ELETRICAS REF. A 24 DIARIAS,UNI,1,6000.00,6000.00,6000.00,ARBO,2026-07
SERVIÇOS,LOCAÇAO MANGOTE VIBRADOR 35MM - CS-1218 - 14/07 À 10/08,UNI,1,150.00,150.00,150.00,ARBO,2026-08
SERVIÇOS,LOCAÇAO MOTOR VIBRADOR ALTA FREQUENCIA - CS-1218 - 14/07 À 10/08,UNI,1,200.00,200.00,200.00,ARBO,2026-08
SERVIÇOS,PLOTAGENS DIVERSAS,UNI,1,597.13,597.13,597.13,VINHATICO,2026-07
SERVIÇOS,GÁS GLP 13KG,UNI,1,115.00,115.00,115.00,ARBO,2026-07
SERVIÇOS,LOCAÇAO DE ESCORAMENTOS - CONTRATO 220301 - 18/07 À 18/08,UNI,1,150.00,150.00,150.00,VINHATICO,2026-08
SERVIÇOS,LOCAÇAO MARTELO ROMPEDOR 10KG - CONTRATO 3061 - 16/07 À 12/08,UNI,1,380.00,380.00,380.00,PARADISO,2026-08
SERVIÇOS,LOCAÇAO MARTELO ROMPEDOR 10KG - CONTRATO 3084 - 17/07 À 13/08,UNI,1,380.00,380.00,380.00,PARADISO,2026-08
SERVIÇOS,LOCAÇAO MARTELO ROMPEDOR TE 3000 AVR HILTI - CONTRATO 3473 - 15/07 À 11/08,UNI,1,1900.00,1900.00,1900.00,PARADISO,2026-08
SERVIÇOS,LOCAÇAO SERRA CIRCULAR PARA MADEIRA 7'' - CONTRATO 2045 - 17/07 À 13/08,UNI,1,130.00,130.00,130.00,PARADISO,2026-08
SERVIÇOS,SERVIÇOS TECNICOS DE ARQUITETURA PARA ELABORAÇAO DO PROJETO LEGAL,UNI,1,5147.70,5147.70,5147.70,OURO PRETO,2026-07
SERVIÇOS,LEVANTAMENTO PLANIALTIMETRICO CADASTRAL,UNI,1,12500.00,12500.00,12500.00,SANTA LUCIA,2026-07
SERVIÇOS,INSTALAÇAO DE LUMINARIAS,UNI,1,4500.00,4500.00,4500.00,MANUTENÇAO,2026-07
SERVIÇOS,DESISTALAÇAO DE UNIDADES CONDENSADORAS E TUBULAÇAO,UNI,1,1400.00,1400.00,1400.00,PARADISO,2026-07
SERVIÇOS,SERVIÇOS DE MANUTENÇAO DE FERRAMENTAS ELETRICAS,UNI,1,880.00,880.00,880.00,PARADISO,2026-07
SERVIÇOS,FABRICAÇAO E INSTALAÇAO DE RUFOS E PINGADEIRAS,UNI,1,6391.93,6391.93,6391.93,PARADISO,2026-07
SERVIÇOS,LOCAÇAO PLATAFORMA SUPER ELEVAÇAO MANUAL - CONTRATO 17278 - 22/06 À 25/06,UNI,1,21084.46,21084.46,21084.46,PARADISO,2026-08
SERVIÇOS,INDUSTRIALIZAÇAO NBR7480 - CORTE E DOBRA,UNI,1,4664.80,4664.80,4664.80,UPTOWN,2026-08
SERVIÇOS,LOCAÇAO DE BENS MOVEIS - CONTRATO 411/24 - 10/07 À 08/08,UNI,1,764.07,764.07,764.07,PARADISO,2026-08
UNIFORME,CAMISA POLO DE MALHA PIQUET C/ 3 LOGOS BORDADAS NA COR CINZA,UNI,4,58.00,58.00,58.00,ARBO|PARADISO|UPTOWN,2026-06
UNIFORME,CAMISA POLO DE MALHA PIQUET MANGA LONGA C/ 3 LOGOS BORDADAS NA COR CINZA,UNI,3,66.00,66.00,66.00,ARBO|PARADISO|UPTOWN,2026-06
UNIFORME,CALÇA JEANS MASCULINA C/ LOGO BORDADA BOLSO ESQUERDO,UNI,3,65.00,65.00,65.00,ARBO|PARADISO|UPTOWN,2026-06
UNIFORME,"CAMISA MALHA PV MANGA LONGA CINZA, GOLA REDONDA DE VIÉS C/ SILK",UNI,3,39.80,39.80,39.80,ARBO|PARADISO|UPTOWN,2026-06
